-- Adminer 4.6.2 MySQL dump

SET NAMES utf8;
SET time_zone = '+00:00';
SET foreign_key_checks = 0;
SET sql_mode = 'NO_AUTO_VALUE_ON_ZERO';

CREATE DATABASE `langoalp_indylan` /*!40100 DEFAULT CHARACTER SET latin1 */;
USE `langoalp_indylan`;

CREATE TABLE `tbl_admin` (
  `admin_id` int(11) NOT NULL AUTO_INCREMENT,
  `first_name` varchar(100) NOT NULL,
  `last_name` varchar(100) NOT NULL,
  `email` varchar(255) NOT NULL,
  `phone` varchar(50) NOT NULL,
  `password` varchar(255) NOT NULL,
  `type` enum('0','1') NOT NULL,
  `support_lang_ids` text NOT NULL,
  `is_deleted` enum('0','1') NOT NULL DEFAULT '0',
  `created_by` int(11) NOT NULL,
  PRIMARY KEY (`admin_id`)
) ENGINE=InnoDB DEFAULT CHARSET=latin1;

INSERT INTO `tbl_admin` (`admin_id`, `first_name`, `last_name`, `email`, `phone`, `password`, `type`, `support_lang_ids`, `is_deleted`, `created_by`) VALUES
(1,	'Indylan',	'Admin',	'admin@gmail.com',	'9519519519',	'e10adc3949ba59abbe56e057f20f883e',	'0',	'3,4,5,6,7',	'0',	0),
(2,	'Navdeepsinh',	'Jethwa',	'navdeep@test.com',	'9519519519',	'e10adc3949ba59abbe56e057f20f883e',	'1',	'3,5',	'0',	0),
(3,	'Jhon',	'doe',	'jhondoe@gmail.com',	'123567899',	'e10adc3949ba59abbe56e057f20f883e',	'1',	'3,4',	'0',	0),
(4,	'Rashmin',	'Lakhatariya',	'ras@test.com',	'',	'e10adc3949ba59abbe56e057f20f883e',	'1',	'3,4',	'0',	0);

CREATE TABLE `tbl_culture_master` (
  `culture_master_id` int(11) NOT NULL AUTO_INCREMENT,
  `target_language_id` int(11) NOT NULL,
  `support_lang_id` int(11) NOT NULL,
  `category_id` int(11) NOT NULL,
  `subcategory_id` int(11) NOT NULL,
  `image_name` varchar(100) CHARACTER SET utf8 COLLATE utf8_bin NOT NULL,
  `title_text` varchar(255) CHARACTER SET utf8 COLLATE utf8_bin NOT NULL,
  `external_link` varchar(255) CHARACTER SET utf8 COLLATE utf8_bin NOT NULL,
  `paragraph` text CHARACTER SET utf8 COLLATE utf8_bin NOT NULL,
  `is_active` int(1) NOT NULL DEFAULT '1',
  `is_delete` int(1) NOT NULL DEFAULT '0',
  PRIMARY KEY (`culture_master_id`)
) ENGINE=InnoDB DEFAULT CHARSET=latin1;

INSERT INTO `tbl_culture_master` (`culture_master_id`, `target_language_id`, `support_lang_id`, `category_id`, `subcategory_id`, `image_name`, `title_text`, `external_link`, `paragraph`, `is_active`, `is_delete`) VALUES
(1,	37,	1,	6,	2,	'crayfish_party.jpg',	'Kräftskiva – en sensommartradition',	'http://www.finlande.nl/public/default.aspx?contentid=114234&nodeid=35916&contentlan=3&culture=sv-FI',	'De varma kvällarna i augusti-september lockar till traditionell kräftskiva. Kräftfisket i fria vatten börjar den 21 juli kl. 12.00 och slutar den sista oktober. Sensommarens kräftskivsdelikatess är kräftor med rostat bröd. Kräftorna kokas levande tillsammans med dillkronor och serveras kalla dekorerade med dillkvistar. Man skalar räkorna med hjälp av en speciell kräftkniv och äter dem för hand genom att suga och sörpla. Små vattenskålar och pappershanddukar hjälper till att hålla händerna rena. Typiskt för en finländsk kräftskiva är att kräftorna utgör huvudrätten och inget annat behövs. Drycker som passar kräftkalas är öl, vittvin och snaps. Numera är lyktor, servetter, dukar och annan rekvisita med kräftmotiv en del av kräftkalaset, likaså glada snapssånger och tal. Lite om kräftfiskets historia Kokta kräftor åt man redan under antiken men inte som en delikatess utan för att man trodde att kräftorna kunde lindra allslags sjukdomar. I Europa började man äta kräftor i klostren under medeltiden. Klosterlivet omfattade närmare tvåhundra fastedagar då det var tillåtet att förtära enbart vegetarisk föda och fisk. Kräftorna gav omväxling i kosten. I Finland blev kräftorna populära bland de högre stånden i mitten av 1500-talet. Modet att äta kräftor kom till Finland från Sverige. En del av traditionerna kan härstamma från St. Petersburg, då den ryska societeten besökte Finland för att ”bada” och äta bland annat kräftor. Sånger till kräftskivan Glada sånger, framför allt snapsarna till ära, är en kräftskivstradition.',	0,	1),
(2,	37,	2,	6,	2,	'crayfish_party.jpg',	'Kräftskiva – en sensommartradition0',	'http://www.finlande.nl/public/default.aspx?contentid=114234&nodeid=35916&contentlan=3&culture=sv-FI',	' De varma kvällarna i augusti-september lockar till traditionell kräftskiva. Kräftfisket i fria vatten börjar den 21 juli kl. 12.00 och slutar den sista oktober. Sensommarens kräftskivsdelikatess är kräftor med rostat bröd. Kräftorna kokas levande tillsammans med dillkronor och serveras kalla dekorerade med dillkvistar. Man skalar räkorna med hjälp av en speciell kräftkniv och äter dem för hand genom att suga och sörpla. Små vattenskålar och pappershanddukar hjälper till att hålla händerna rena. Typiskt för en finländsk kräftskiva är att kräftorna utgör huvudrätten och inget annat behövs. Drycker som passar kräftkalas är öl, vittvin och snaps. Numera är lyktor, servetter, dukar och annan rekvisita med kräftmotiv en del av kräftkalaset, likaså glada snapssånger och tal. Lite om kräftfiskets historia Kokta kräftor åt man redan under antiken men inte som en delikatess utan för att man trodde att kräftorna kunde lindra allslags sjukdomar. I Europa började man äta kräftor i klostren under medeltiden. Klosterlivet omfattade närmare tvåhundra fastedagar då det var tillåtet att förtära enbart vegetarisk föda och fisk. Kräftorna gav omväxling i kosten. I Finland blev kräftorna populära bland de högre stånden i mitten av 1500-talet. Modet att äta kräftor kom till Finland från Sverige. En del av traditionerna kan härstamma från St. Petersburg, då den ryska societeten besökte Finland för att ”bada” och äta bland annat kräftor. Sånger till kräftskivan Glada sånger, framför allt snapsarna till ära, är en kräftskivstradition.',	0,	1),
(3,	2,	37,	6,	2,	'Image 1',	'Culture1',	'http://google.com',	' AQW',	1,	0),
(4,	37,	1,	6,	2,	'crayfish_party.jpg',	'Kräftskiva – en sensommartradition1',	'http://www.finlande.nl/public/default.aspx?contentid=114234&nodeid=35916&contentlan=3&culture=sv-FI',	'De varma kvällarna i augusti-september lockar till traditionell kräftskiva. Kräftfisket i fria vatten börjar den 21 juli kl. 12.00 och slutar den sista oktober. Sensommarens kräftskivsdelikatess är kräftor med rostat bröd. Kräftorna kokas levande tillsammans med dillkronor och serveras kalla dekorerade med dillkvistar. Man skalar räkorna med hjälp av en speciell kräftkniv och äter dem för hand genom att suga och sörpla. Små vattenskålar och pappershanddukar hjälper till att hålla händerna rena. Typiskt för en finländsk kräftskiva är att kräftorna utgör huvudrätten och inget annat behövs. Drycker som passar kräftkalas är öl, vittvin och snaps. Numera är lyktor, servetter, dukar och annan rekvisita med kräftmotiv en del av kräftkalaset, likaså glada snapssånger och tal. Lite om kräftfiskets historia Kokta kräftor åt man redan under antiken men inte som en delikatess utan för att man trodde att kräftorna kunde lindra allslags sjukdomar. I Europa började man äta kräftor i klostren under medeltiden. Klosterlivet omfattade närmare tvåhundra fastedagar då det var tillåtet att förtära enbart vegetarisk föda och fisk. Kräftorna gav omväxling i kosten. I Finland blev kräftorna populära bland de högre stånden i mitten av 1500-talet. Modet att äta kräftor kom till Finland från Sverige. En del av traditionerna kan härstamma från St. Petersburg, då den ryska societeten besökte Finland för att ”bada” och äta bland annat kräftor. Sånger till kräftskivan Glada sånger, framför allt snapsarna till ära, är en kräftskivstradition.',	0,	1),
(5,	37,	1,	6,	2,	'crayfish_party.jpg',	'Kräftskiva – en sensommartradition2',	'http://www.finlande.nl/public/default.aspx?contentid=114234&nodeid=35916&contentlan=3&culture=sv-FI',	'De varma kvällarna i augusti-september lockar till traditionell kräftskiva. Kräftfisket i fria vatten börjar den 21 juli kl. 12.00 och slutar den sista oktober. Sensommarens kräftskivsdelikatess är kräftor med rostat bröd. Kräftorna kokas levande tillsammans med dillkronor och serveras kalla dekorerade med dillkvistar. Man skalar räkorna med hjälp av en speciell kräftkniv och äter dem för hand genom att suga och sörpla. Små vattenskålar och pappershanddukar hjälper till att hålla händerna rena. Typiskt för en finländsk kräftskiva är att kräftorna utgör huvudrätten och inget annat behövs. Drycker som passar kräftkalas är öl, vittvin och snaps. Numera är lyktor, servetter, dukar och annan rekvisita med kräftmotiv en del av kräftkalaset, likaså glada snapssånger och tal. Lite om kräftfiskets historia Kokta kräftor åt man redan under antiken men inte som en delikatess utan för att man trodde att kräftorna kunde lindra allslags sjukdomar. I Europa började man äta kräftor i klostren under medeltiden. Klosterlivet omfattade närmare tvåhundra fastedagar då det var tillåtet att förtära enbart vegetarisk föda och fisk. Kräftorna gav omväxling i kosten. I Finland blev kräftorna populära bland de högre stånden i mitten av 1500-talet. Modet att äta kräftor kom till Finland från Sverige. En del av traditionerna kan härstamma från St. Petersburg, då den ryska societeten besökte Finland för att ”bada” och äta bland annat kräftor. Sånger till kräftskivan Glada sånger, framför allt snapsarna till ära, är en kräftskivstradition.',	0,	1),
(6,	37,	1,	6,	2,	'crayfish_party.jpg',	'Kräftskiva – en sensommartradition3',	'http://www.finlande.nl/public/default.aspx?contentid=114234&nodeid=35916&contentlan=3&culture=sv-FI',	'De varma kvällarna i augusti-september lockar till traditionell kräftskiva. Kräftfisket i fria vatten börjar den 21 juli kl. 12.00 och slutar den sista oktober. Sensommarens kräftskivsdelikatess är kräftor med rostat bröd. Kräftorna kokas levande tillsammans med dillkronor och serveras kalla dekorerade med dillkvistar. Man skalar räkorna med hjälp av en speciell kräftkniv och äter dem för hand genom att suga och sörpla. Små vattenskålar och pappershanddukar hjälper till att hålla händerna rena. Typiskt för en finländsk kräftskiva är att kräftorna utgör huvudrätten och inget annat behövs. Drycker som passar kräftkalas är öl, vittvin och snaps. Numera är lyktor, servetter, dukar och annan rekvisita med kräftmotiv en del av kräftkalaset, likaså glada snapssånger och tal. Lite om kräftfiskets historia Kokta kräftor åt man redan under antiken men inte som en delikatess utan för att man trodde att kräftorna kunde lindra allslags sjukdomar. I Europa började man äta kräftor i klostren under medeltiden. Klosterlivet omfattade närmare tvåhundra fastedagar då det var tillåtet att förtära enbart vegetarisk föda och fisk. Kräftorna gav omväxling i kosten. I Finland blev kräftorna populära bland de högre stånden i mitten av 1500-talet. Modet att äta kräftor kom till Finland från Sverige. En del av traditionerna kan härstamma från St. Petersburg, då den ryska societeten besökte Finland för att ”bada” och äta bland annat kräftor. Sånger till kräftskivan Glada sånger, framför allt snapsarna till ära, är en kräftskivstradition.',	0,	1),
(7,	37,	1,	6,	2,	'crayfish_party.jpg',	'Kräftskiva – en sensommartradition4',	'http://www.finlande.nl/public/default.aspx?contentid=114234&nodeid=35916&contentlan=3&culture=sv-FI',	'De varma kvällarna i augusti-september lockar till traditionell kräftskiva. Kräftfisket i fria vatten börjar den 21 juli kl. 12.00 och slutar den sista oktober. Sensommarens kräftskivsdelikatess är kräftor med rostat bröd. Kräftorna kokas levande tillsammans med dillkronor och serveras kalla dekorerade med dillkvistar. Man skalar räkorna med hjälp av en speciell kräftkniv och äter dem för hand genom att suga och sörpla. Små vattenskålar och pappershanddukar hjälper till att hålla händerna rena. Typiskt för en finländsk kräftskiva är att kräftorna utgör huvudrätten och inget annat behövs. Drycker som passar kräftkalas är öl, vittvin och snaps. Numera är lyktor, servetter, dukar och annan rekvisita med kräftmotiv en del av kräftkalaset, likaså glada snapssånger och tal. Lite om kräftfiskets historia Kokta kräftor åt man redan under antiken men inte som en delikatess utan för att man trodde att kräftorna kunde lindra allslags sjukdomar. I Europa började man äta kräftor i klostren under medeltiden. Klosterlivet omfattade närmare tvåhundra fastedagar då det var tillåtet att förtära enbart vegetarisk föda och fisk. Kräftorna gav omväxling i kosten. I Finland blev kräftorna populära bland de högre stånden i mitten av 1500-talet. Modet att äta kräftor kom till Finland från Sverige. En del av traditionerna kan härstamma från St. Petersburg, då den ryska societeten besökte Finland för att ”bada” och äta bland annat kräftor. Sånger till kräftskivan Glada sånger, framför allt snapsarna till ära, är en kräftskivstradition.',	0,	1),
(8,	37,	1,	6,	2,	'crayfish_party.jpg',	'Kräftskiva – en sensommartradition5',	'http://www.finlande.nl/public/default.aspx?contentid=114234&nodeid=35916&contentlan=3&culture=sv-FI',	'De varma kvällarna i augusti-september lockar till traditionell kräftskiva. Kräftfisket i fria vatten börjar den 21 juli kl. 12.00 och slutar den sista oktober. Sensommarens kräftskivsdelikatess är kräftor med rostat bröd. Kräftorna kokas levande tillsammans med dillkronor och serveras kalla dekorerade med dillkvistar. Man skalar räkorna med hjälp av en speciell kräftkniv och äter dem för hand genom att suga och sörpla. Små vattenskålar och pappershanddukar hjälper till att hålla händerna rena. Typiskt för en finländsk kräftskiva är att kräftorna utgör huvudrätten och inget annat behövs. Drycker som passar kräftkalas är öl, vittvin och snaps. Numera är lyktor, servetter, dukar och annan rekvisita med kräftmotiv en del av kräftkalaset, likaså glada snapssånger och tal. Lite om kräftfiskets historia Kokta kräftor åt man redan under antiken men inte som en delikatess utan för att man trodde att kräftorna kunde lindra allslags sjukdomar. I Europa började man äta kräftor i klostren under medeltiden. Klosterlivet omfattade närmare tvåhundra fastedagar då det var tillåtet att förtära enbart vegetarisk föda och fisk. Kräftorna gav omväxling i kosten. I Finland blev kräftorna populära bland de högre stånden i mitten av 1500-talet. Modet att äta kräftor kom till Finland från Sverige. En del av traditionerna kan härstamma från St. Petersburg, då den ryska societeten besökte Finland för att ”bada” och äta bland annat kräftor. Sånger till kräftskivan Glada sånger, framför allt snapsarna till ära, är en kräftskivstradition.',	0,	1),
(9,	37,	1,	6,	2,	'crayfish_party.jpg',	'Kräftskiva – en sensommartradition6',	'http://www.finlande.nl/public/default.aspx?contentid=114234&nodeid=35916&contentlan=3&culture=sv-FI',	'De varma kvällarna i augusti-september lockar till traditionell kräftskiva. Kräftfisket i fria vatten börjar den 21 juli kl. 12.00 och slutar den sista oktober. Sensommarens kräftskivsdelikatess är kräftor med rostat bröd. Kräftorna kokas levande tillsammans med dillkronor och serveras kalla dekorerade med dillkvistar. Man skalar räkorna med hjälp av en speciell kräftkniv och äter dem för hand genom att suga och sörpla. Små vattenskålar och pappershanddukar hjälper till att hålla händerna rena. Typiskt för en finländsk kräftskiva är att kräftorna utgör huvudrätten och inget annat behövs. Drycker som passar kräftkalas är öl, vittvin och snaps. Numera är lyktor, servetter, dukar och annan rekvisita med kräftmotiv en del av kräftkalaset, likaså glada snapssånger och tal. Lite om kräftfiskets historia Kokta kräftor åt man redan under antiken men inte som en delikatess utan för att man trodde att kräftorna kunde lindra allslags sjukdomar. I Europa började man äta kräftor i klostren under medeltiden. Klosterlivet omfattade närmare tvåhundra fastedagar då det var tillåtet att förtära enbart vegetarisk föda och fisk. Kräftorna gav omväxling i kosten. I Finland blev kräftorna populära bland de högre stånden i mitten av 1500-talet. Modet att äta kräftor kom till Finland från Sverige. En del av traditionerna kan härstamma från St. Petersburg, då den ryska societeten besökte Finland för att ”bada” och äta bland annat kräftor. Sånger till kräftskivan Glada sånger, framför allt snapsarna till ära, är en kräftskivstradition.',	0,	1),
(10,	37,	1,	6,	2,	'crayfish_party.jpg',	'Kräftskiva – en sensommartradition7',	'http://www.finlande.nl/public/default.aspx?contentid=114234&nodeid=35916&contentlan=3&culture=sv-FI',	'De varma kvällarna i augusti-september lockar till traditionell kräftskiva. Kräftfisket i fria vatten börjar den 21 juli kl. 12.00 och slutar den sista oktober. Sensommarens kräftskivsdelikatess är kräftor med rostat bröd. Kräftorna kokas levande tillsammans med dillkronor och serveras kalla dekorerade med dillkvistar. Man skalar räkorna med hjälp av en speciell kräftkniv och äter dem för hand genom att suga och sörpla. Små vattenskålar och pappershanddukar hjälper till att hålla händerna rena. Typiskt för en finländsk kräftskiva är att kräftorna utgör huvudrätten och inget annat behövs. Drycker som passar kräftkalas är öl, vittvin och snaps. Numera är lyktor, servetter, dukar och annan rekvisita med kräftmotiv en del av kräftkalaset, likaså glada snapssånger och tal. Lite om kräftfiskets historia Kokta kräftor åt man redan under antiken men inte som en delikatess utan för att man trodde att kräftorna kunde lindra allslags sjukdomar. I Europa började man äta kräftor i klostren under medeltiden. Klosterlivet omfattade närmare tvåhundra fastedagar då det var tillåtet att förtära enbart vegetarisk föda och fisk. Kräftorna gav omväxling i kosten. I Finland blev kräftorna populära bland de högre stånden i mitten av 1500-talet. Modet att äta kräftor kom till Finland från Sverige. En del av traditionerna kan härstamma från St. Petersburg, då den ryska societeten besökte Finland för att ”bada” och äta bland annat kräftor. Sånger till kräftskivan Glada sånger, framför allt snapsarna till ära, är en kräftskivstradition.',	0,	1),
(11,	37,	1,	6,	2,	'crayfish_party.jpg',	'Kräftskiva – en sensommartradition8',	'http://www.finlande.nl/public/default.aspx?contentid=114234&nodeid=35916&contentlan=3&culture=sv-FI',	'De varma kvällarna i augusti-september lockar till traditionell kräftskiva. Kräftfisket i fria vatten börjar den 21 juli kl. 12.00 och slutar den sista oktober. Sensommarens kräftskivsdelikatess är kräftor med rostat bröd. Kräftorna kokas levande tillsammans med dillkronor och serveras kalla dekorerade med dillkvistar. Man skalar räkorna med hjälp av en speciell kräftkniv och äter dem för hand genom att suga och sörpla. Små vattenskålar och pappershanddukar hjälper till att hålla händerna rena. Typiskt för en finländsk kräftskiva är att kräftorna utgör huvudrätten och inget annat behövs. Drycker som passar kräftkalas är öl, vittvin och snaps. Numera är lyktor, servetter, dukar och annan rekvisita med kräftmotiv en del av kräftkalaset, likaså glada snapssånger och tal. Lite om kräftfiskets historia Kokta kräftor åt man redan under antiken men inte som en delikatess utan för att man trodde att kräftorna kunde lindra allslags sjukdomar. I Europa började man äta kräftor i klostren under medeltiden. Klosterlivet omfattade närmare tvåhundra fastedagar då det var tillåtet att förtära enbart vegetarisk föda och fisk. Kräftorna gav omväxling i kosten. I Finland blev kräftorna populära bland de högre stånden i mitten av 1500-talet. Modet att äta kräftor kom till Finland från Sverige. En del av traditionerna kan härstamma från St. Petersburg, då den ryska societeten besökte Finland för att ”bada” och äta bland annat kräftor. Sånger till kräftskivan Glada sånger, framför allt snapsarna till ära, är en kräftskivstradition.',	0,	1),
(12,	37,	3,	6,	2,	'crayfish_party.jpg',	'Kräftskiva – en sensommartradition9',	'http://www.finlande.nl/public/default.aspx?contentid=114234&nodeid=35916&contentlan=3&culture=sv-FI',	' De varma kvällarna i augusti-september lockar till traditionell kräftskiva. Kräftfisket i fria vatten börjar den 21 juli kl. 12.00 och slutar den sista oktober. Sensommarens kräftskivsdelikatess är kräftor med rostat bröd. Kräftorna kokas levande tillsammans med dillkronor och serveras kalla dekorerade med dillkvistar. Man skalar räkorna med hjälp av en speciell kräftkniv och äter dem för hand genom att suga och sörpla. Små vattenskålar och pappershanddukar hjälper till att hålla händerna rena. Typiskt för en finländsk kräftskiva är att kräftorna utgör huvudrätten och inget annat behövs. Drycker som passar kräftkalas är öl, vittvin och snaps. Numera är lyktor, servetter, dukar och annan rekvisita med kräftmotiv en del av kräftkalaset, likaså glada snapssånger och tal. Lite om kräftfiskets historia Kokta kräftor åt man redan under antiken men inte som en delikatess utan för att man trodde att kräftorna kunde lindra allslags sjukdomar. I Europa började man äta kräftor i klostren under medeltiden. Klosterlivet omfattade närmare tvåhundra fastedagar då det var tillåtet att förtära enbart vegetarisk föda och fisk. Kräftorna gav omväxling i kosten. I Finland blev kräftorna populära bland de högre stånden i mitten av 1500-talet. Modet att äta kräftor kom till Finland från Sverige. En del av traditionerna kan härstamma från St. Petersburg, då den ryska societeten besökte Finland för att ”bada” och äta bland annat kräftor. Sånger till kräftskivan Glada sånger, framför allt snapsarna till ära, är en kräftskivstradition.',	0,	1),
(13,	37,	1,	6,	2,	'Image 2',	'Culture0',	'http://google.com',	' aa',	0,	1),
(14,	37,	3,	6,	7,	'pencil',	'Culture Test',	'https://www.google.com/',	'  sample text  sample text sample text sample text sample text sample text sample text',	0,	1),
(15,	37,	3,	6,	2,	'crayfish_party.jpg',	'Kräftskiva – en sensommartradition',	'http://www.finlande.nl/public/default.aspx?contentid=114234&nodeid=35916&contentlan=3&culture=sv-FI',	' De varma kvällarna i augusti-september lockar till traditionell kräftskiva. Kräftfisket i fria vatten börjar den 21 juli kl. 12.00 och slutar den sista oktober. Sensommarens kräftskivsdelikatess är kräftor med rostat bröd. Kräftorna kokas levande tillsammans med dillkronor och serveras kalla dekorerade med dillkvistar. Man skalar räkorna med hjälp av en speciell kräftkniv och äter dem för hand genom att suga och sörpla. Små vattenskålar och pappershanddukar hjälper till att hålla händerna rena. Typiskt för en finländsk kräftskiva är att kräftorna utgör huvudrätten och inget annat behövs. Drycker som passar kräftkalas är öl, vittvin och snaps. Numera är lyktor, servetter, dukar och annan rekvisita med kräftmotiv en del av kräftkalaset, likaså glada snapssånger och tal. Lite om kräftfiskets historia Kokta kräftor åt man redan under antiken men inte som en delikatess utan för att man trodde att kräftorna kunde lindra allslags sjukdomar. I Europa började man äta kräftor i klostren under medeltiden. Klosterlivet omfattade närmare tvåhundra fastedagar då det var tillåtet att förtära enbart vegetarisk föda och fisk. Kräftorna gav omväxling i kosten. I Finland blev kräftorna populära bland de högre stånden i mitten av 1500-talet. Modet att äta kräftor kom till Finland från Sverige. En del av traditionerna kan härstamma från St. Petersburg, då den ryska societeten besökte Finland för att ”bada” och äta bland annat kräftor. Sånger till kräftskivan Glada sånger, framför allt snapsarna till ära, är en kräftskivstradition.\r\n ',	1,	0),
(16,	37,	3,	6,	7,	'crayfish_party.jpg',	'Crayfish dishes',	'http://www.finlande.nl/public/default.aspx?contentid=114234&nodeid=35916&contentlan=3&culture=sv-FI',	'This stunning lobster dish is surprisingly simple to make. Lobster shells are stuffed with cooked lobster in a creamy white wine sauce, then topped with Parmesan cheese and broiled until golden. This stunning lobster dish is surprisingly simple to make. Lobster shells are stuffed with cooked lobster in a creamy white wine sauce, then topped with Parmesan cheese and broiled until golden.This stunning lobster dish is surprisingly simple to make. Lobster shells are stuffed with cooked lobster in a creamy white wine sauce, then topped with Parmesan cheese and broiled until golden.This stunning lobster dish is surprisingly simple to make. Lobster shells are stuffed with cooked lobster in a creamy white wine sauce, then topped with Parmesan cheese and broiled until golden.\n\n\n\n',	1,	0);

CREATE TABLE `tbl_culture_question` (
  `culture_question_id` int(11) NOT NULL AUTO_INCREMENT,
  `support_lang_id` int(11) NOT NULL,
  `culture_master_id` int(11) NOT NULL,
  `question` varchar(255) CHARACTER SET utf8 COLLATE utf8_bin NOT NULL,
  `options` varchar(255) CHARACTER SET utf8 COLLATE utf8_bin NOT NULL,
  `notes` text CHARACTER SET utf8 COLLATE utf8_bin NOT NULL,
  PRIMARY KEY (`culture_question_id`)
) ENGINE=InnoDB DEFAULT CHARSET=latin1;

INSERT INTO `tbl_culture_question` (`culture_question_id`, `support_lang_id`, `culture_master_id`, `question`, `options`, `notes`) VALUES
(13,	37,	3,	'Q1',	'1#2#3#4',	''),
(29,	37,	15,	'När håller man kräftskivor?',	'på hösten#på våren#på vintern#på sommaren',	'Question 1 Note'),
(30,	37,	16,	'When do you keep crayfish slices?\n',	'in autumn # in spring # in winter # in summer',	'Question 1 Note');

CREATE TABLE `tbl_dialogue_list` (
  `dialogue_list_id` int(11) NOT NULL AUTO_INCREMENT,
  `support_lang_id` int(11) NOT NULL,
  `dialogue_master_id` int(11) NOT NULL,
  `phrase` text CHARACTER SET utf8 COLLATE utf8_bin NOT NULL,
  `audio_name` varchar(255) NOT NULL,
  `speaker` int(1) NOT NULL,
  `sequence_no` int(11) NOT NULL,
  PRIMARY KEY (`dialogue_list_id`)
) ENGINE=InnoDB DEFAULT CHARSET=latin1;

INSERT INTO `tbl_dialogue_list` (`dialogue_list_id`, `support_lang_id`, `dialogue_master_id`, `phrase`, `audio_name`, `speaker`, `sequence_no`) VALUES
(27,	37,	5,	'Hello. I would like to apply for a loan.',	'1_1',	1,	1),
(28,	37,	5,	'Yes certainly. What type of loan are you interested in?',	'1_2',	2,	2),
(29,	37,	5,	'A car loan.',	'1_3',	1,	3),
(30,	37,	5,	'Here are some forms you need to fill in. Would you like to make an appointement to speak to our loans officer?',	'1_4',	2,	4),
(31,	37,	5,	'Yes, that would be great.',	'1_5',	1,	5),
(32,	37,	5,	'Please come in tomorrow at 10 am with the filled-in forms',	'1_6',	2,	6),
(33,	37,	5,	'Great, thank you for your help.',	'1_7',	1,	7),
(34,	37,	6,	'Hello. I have lost my bank card.',	'2_1',	1,	1),
(35,	37,	6,	'Have you reported it stolen to the police?',	'2_2',	2,	2),
(36,	37,	6,	'Yes, I have.',	'2_3',	1,	3),
(37,	37,	6,	'Have you cancelled your card?',	'2_4',	2,	4),
(38,	37,	6,	'No, I have not.',	'2_5',	1,	5),
(39,	37,	6,	'Alright. We can cancel the card for you now so that nobody else can use it.',	'2_6',	2,	6);

CREATE TABLE `tbl_dialogue_master` (
  `dialogue_master_id` int(11) NOT NULL AUTO_INCREMENT,
  `target_language_id` int(11) NOT NULL,
  `support_lang_id` int(11) NOT NULL,
  `category_id` int(11) NOT NULL,
  `subcategory_id` int(11) NOT NULL,
  `title` varchar(100) CHARACTER SET utf8 COLLATE utf8_bin NOT NULL,
  `full_audio` varchar(100) NOT NULL,
  `is_active` int(11) NOT NULL DEFAULT '1',
  `is_delete` int(11) NOT NULL DEFAULT '0',
  PRIMARY KEY (`dialogue_master_id`)
) ENGINE=InnoDB DEFAULT CHARSET=latin1;

INSERT INTO `tbl_dialogue_master` (`dialogue_master_id`, `target_language_id`, `support_lang_id`, `category_id`, `subcategory_id`, `title`, `full_audio`, `is_active`, `is_delete`) VALUES
(5,	37,	3,	7,	6,	'Setting up an appointment for a loan',	'Dialogue_1',	1,	0),
(6,	37,	3,	7,	6,	'Losing your bank card',	'Dialogue_2',	1,	0);

CREATE TABLE `tbl_difficulties_levels` (
  `difficulty_level_id` int(11) NOT NULL AUTO_INCREMENT,
  `support_lang_id` int(11) NOT NULL,
  `level_name` varchar(200) NOT NULL,
  PRIMARY KEY (`difficulty_level_id`)
) ENGINE=InnoDB DEFAULT CHARSET=latin1;

INSERT INTO `tbl_difficulties_levels` (`difficulty_level_id`, `support_lang_id`, `level_name`) VALUES
(1,	3,	'easy'),
(2,	3,	'medium'),
(3,	3,	'difficult');

CREATE TABLE `tbl_exercise_mode` (
  `id` int(11) NOT NULL AUTO_INCREMENT,
  `support_lang_id` int(11) NOT NULL,
  `mode_name` varchar(100) NOT NULL,
  PRIMARY KEY (`id`)
) ENGINE=InnoDB DEFAULT CHARSET=latin1;

INSERT INTO `tbl_exercise_mode` (`id`, `support_lang_id`, `mode_name`) VALUES
(1,	3,	'Vocabulary'),
(2,	3,	'Dialogues'),
(3,	3,	'Phrases'),
(4,	3,	'Grammar'),
(5,	3,	'Culture and History');

CREATE TABLE `tbl_exercise_mode_categories` (
  `exercise_mode_category_id` int(11) NOT NULL AUTO_INCREMENT,
  `support_lang_id` int(11) NOT NULL,
  `exercise_mode_id` int(11) NOT NULL COMMENT 'reference to tbl_exercise_mode',
  `category_name` varchar(50) CHARACTER SET latin1 NOT NULL,
  `category_name_in_en` varchar(50) CHARACTER SET latin1 NOT NULL,
  `category_name_in_alb` varchar(255) COLLATE utf8_bin NOT NULL,
  `category_name_in_ukr` varchar(255) COLLATE utf8_bin NOT NULL,
  `category_name_in_ro` varchar(255) COLLATE utf8_bin NOT NULL,
  `category_name_in_tr` varchar(255) COLLATE utf8_bin NOT NULL,
  `category_name_in_pl` varchar(255) COLLATE utf8_bin NOT NULL,
  `category_name_in_ur` varchar(255) COLLATE utf8_bin NOT NULL,
  `category_name_in_ti` varchar(255) COLLATE utf8_bin NOT NULL,
  `category_name_in_so` varchar(255) COLLATE utf8_bin NOT NULL,
  `category_name_in_pu` varchar(255) COLLATE utf8_bin NOT NULL,
  `category_name_in_sor` varchar(255) COLLATE utf8_bin NOT NULL,
  `category_name_in_hu` varchar(255) COLLATE utf8_bin NOT NULL,
  `category_name_in_chi` varchar(255) COLLATE utf8_bin NOT NULL,
  `category_name_in_bg` varchar(255) COLLATE utf8_bin NOT NULL,
  `category_name_in_cr` varchar(255) COLLATE utf8_bin NOT NULL,
  `category_name_in_sr` varchar(255) COLLATE utf8_bin NOT NULL,
  `category_name_in_est` varchar(255) COLLATE utf8_bin NOT NULL,
  `category_name_in_ar` varchar(255) COLLATE utf8_bin NOT NULL,
  `category_name_in_fr` varchar(255) COLLATE utf8_bin NOT NULL,
  `category_name_in_pt` varchar(255) COLLATE utf8_bin NOT NULL,
  `category_name_in_ru` varchar(255) COLLATE utf8_bin NOT NULL,
  `category_name_in_es` varchar(255) COLLATE utf8_bin NOT NULL,
  `category_name_in_it` varchar(255) COLLATE utf8_bin NOT NULL,
  `category_name_in_de` varchar(255) COLLATE utf8_bin NOT NULL,
  `category_name_in_sv` varchar(255) COLLATE utf8_bin NOT NULL,
  `category_name_in_fi` varchar(255) COLLATE utf8_bin NOT NULL,
  `category_name_in_seh` varchar(255) COLLATE utf8_bin NOT NULL,
  `category_name_in_gd` varchar(255) COLLATE utf8_bin NOT NULL,
  `category_name_in_kw` varchar(255) COLLATE utf8_bin NOT NULL,
  `category_name_in_se-FI` varchar(255) COLLATE utf8_bin NOT NULL,
  `category_name_in_gl` varchar(255) COLLATE utf8_bin NOT NULL,
  `category_name_in_eu` varchar(255) COLLATE utf8_bin NOT NULL,
  `category_name_in_pas` varchar(255) COLLATE utf8_bin NOT NULL,
  `category_name_in_far` varchar(255) COLLATE utf8_bin NOT NULL,
  `category_name_in_kur` varchar(255) COLLATE utf8_bin NOT NULL,
  `category_name_in_bar` varchar(255) COLLATE utf8_bin NOT NULL,
  `image` varchar(100) CHARACTER SET latin1 NOT NULL,
  `is_active` enum('0','1') CHARACTER SET latin1 NOT NULL DEFAULT '1',
  `is_delete` enum('0','1') CHARACTER SET latin1 NOT NULL,
  `created_date` datetime NOT NULL,
  `created_by` int(11) NOT NULL,
  PRIMARY KEY (`exercise_mode_category_id`)
) ENGINE=InnoDB DEFAULT CHARSET=utf8 COLLATE=utf8_bin;

INSERT INTO `tbl_exercise_mode_categories` (`exercise_mode_category_id`, `support_lang_id`, `exercise_mode_id`, `category_name`, `category_name_in_en`, `category_name_in_alb`, `category_name_in_ukr`, `category_name_in_ro`, `category_name_in_tr`, `category_name_in_pl`, `category_name_in_ur`, `category_name_in_ti`, `category_name_in_so`, `category_name_in_pu`, `category_name_in_sor`, `category_name_in_hu`, `category_name_in_chi`, `category_name_in_bg`, `category_name_in_cr`, `category_name_in_sr`, `category_name_in_est`, `category_name_in_ar`, `category_name_in_fr`, `category_name_in_pt`, `category_name_in_ru`, `category_name_in_es`, `category_name_in_it`, `category_name_in_de`, `category_name_in_sv`, `category_name_in_fi`, `category_name_in_seh`, `category_name_in_gd`, `category_name_in_kw`, `category_name_in_se-FI`, `category_name_in_gl`, `category_name_in_eu`, `category_name_in_pas`, `category_name_in_far`, `category_name_in_kur`, `category_name_in_bar`, `image`, `is_active`, `is_delete`, `created_date`, `created_by`) VALUES
(1,	37,	1,	'Animals',	'Animals',	'',	'',	'',	'',	'',	'',	'',	'',	'',	'',	'',	'',	'',	'',	'',	'',	'',	'',	'',	'Djur',	'Eläimet',	'',	'',	'Animals',	'Dyr',	'Animales',	'',	'',	'',	'',	'',	'',	'',	'',	'',	'badger.jpg',	'1',	'0',	'0000-00-00 00:00:00',	0),
(3,	37,	1,	'',	'brush',	'',	'',	'',	'',	'',	'',	'',	'',	'',	'',	'',	'',	'',	'',	'',	'',	'',	'',	'',	'Bruish',	'Brush',	'',	'',	'1',	'1',	'Brush Swedish',	'Bursh Spanish',	'Test Scots',	'Test Russian',	'Test Gaelic',	'Test Northern Saami',	'',	'',	'',	'',	'brush.jpg',	'0',	'1',	'0000-00-00 00:00:00',	0),
(4,	37,	1,	'',	'icecream',	'',	'',	'',	'',	'',	'',	'',	'',	'',	'',	'',	'',	'',	'',	'',	'',	'',	'',	'',	'icecream Finnish',	'icecream',	'',	'',	'1',	'0',	'icecream Swedish',	'Icecream Spanish',	'Icecream Scots',	'Icecream Russian',	'Icecream Gaelic',	'Icecream Saami',	'',	'',	'',	'',	'icecream.jpg',	'0',	'1',	'0000-00-00 00:00:00',	0),
(5,	37,	1,	'',	'baloon',	'',	'',	'',	'',	'',	'',	'',	'',	'',	'',	'',	'',	'',	'',	'',	'',	'',	'',	'',	'finnish',	'baloon',	'',	'',	'1',	'0',	'swedish',	'spanish',	'scots',	'russian',	'gaelic',	'saami',	'',	'',	'',	'',	'baloon.jpg',	'0',	'1',	'0000-00-00 00:00:00',	0),
(6,	37,	5,	'',	' English category',	'',	'',	'',	'',	'',	'',	'',	'',	'',	'',	'',	'',	'',	'',	'',	'',	'',	'',	'',	'Russian Category',	'Spanish Category',	'',	'',	'Swedish Category',	'Finnish Category',	'Scots Category',	'Gaelic Category',	'Cornish Category',	'NSaami Category',	'Galician Category',	'Basque Category',	'',	'',	'',	'',	'badger.jpg',	'1',	'0',	'0000-00-00 00:00:00',	0),
(7,	37,	2,	'',	'eng dialogue',	'',	'',	'',	'',	'',	'',	'',	'',	'',	'',	'',	'',	'',	'',	'',	'',	'',	'',	'',	'Russian Dialogue',	'Spanish Dialogue',	'',	'',	'Swedish Dialogue',	'Finnish Dialogue',	'Scots Dialogue',	'Gaelic Dialogue',	'Cornish Dialogue',	'Northern Saami Dialogue',	'Galician Dialogue',	'Basque Dialogue',	'',	'',	'',	'',	'baloon.jpg',	'1',	'0',	'0000-00-00 00:00:00',	0),
(8,	37,	4,	'',	'eng grammar',	'',	'',	'',	'',	'',	'',	'',	'',	'',	'',	'',	'',	'',	'',	'',	'',	'',	'',	'',	'russian grammar',	'spanish grammar',	'',	'',	'swedish grammar',	'fin grammar',	'scots grammar',	'gaelic grammar',	'cornish grammar',	'saami grammar',	'gailish grammar',	'basque grammar',	'',	'',	'',	'',	'mämmi.jpg',	'1',	'0',	'0000-00-00 00:00:00',	0),
(9,	37,	3,	'',	'Phrases Eng',	'',	'',	'',	'',	'',	'',	'',	'',	'',	'',	'',	'',	'',	'',	'',	'',	'',	'',	'',	'Phrases Russian ',	'Phrases Spanish',	'',	'',	'Phrases Swedish',	'Phrases Finnish',	'Phrases Scots ',	'Phrases Gaelic ',	'Phrases Cornish',	'Phrases Saami',	'Phrases Galician',	'Phrases Basque',	'',	'',	'',	'',	'baloon.jpg',	'1',	'0',	'0000-00-00 00:00:00',	0);

CREATE TABLE `tbl_exercise_mode_categories_exercise` (
  `id` int(11) NOT NULL AUTO_INCREMENT,
  `support_lang_id` int(11) NOT NULL,
  `category_id` int(11) NOT NULL COMMENT 'reference to tbl_exercise_mode_category',
  `exercise_type_id` int(11) NOT NULL COMMENT 'referebce to tbl_exercise_type',
  `is_active` enum('1','2') NOT NULL DEFAULT '1',
  PRIMARY KEY (`id`)
) ENGINE=InnoDB DEFAULT CHARSET=latin1;

INSERT INTO `tbl_exercise_mode_categories_exercise` (`id`, `support_lang_id`, `category_id`, `exercise_type_id`, `is_active`) VALUES
(11,	37,	3,	11,	'1'),
(12,	37,	4,	12,	'1'),
(13,	37,	5,	12,	'1'),
(14,	37,	6,	14,	'1'),
(15,	37,	7,	15,	'1'),
(16,	37,	2,	15,	'1'),
(1015,	37,	8,	15,	'1'),
(1016,	37,	9,	15,	'1'),
(1017,	37,	10,	15,	'1'),
(1018,	37,	11,	15,	'1'),
(2012,	37,	12,	15,	'1'),
(2028,	37,	1,	1,	'1'),
(2029,	37,	1,	2,	'1'),
(2030,	37,	1,	3,	'1'),
(2031,	37,	1,	4,	'1'),
(2032,	37,	1,	5,	'1'),
(2033,	37,	1,	6,	'1'),
(2034,	37,	1,	7,	'1'),
(2035,	37,	1,	8,	'1'),
(2036,	37,	1,	9,	'1'),
(2037,	37,	1,	16,	'1'),
(2038,	37,	1,	17,	'1'),
(2039,	37,	1,	18,	'1');

CREATE TABLE `tbl_exercise_mode_subcategories` (
  `exercise_mode_subcategory_id` int(11) NOT NULL AUTO_INCREMENT,
  `support_lang_id` int(11) NOT NULL,
  `category_id` int(11) NOT NULL COMMENT 'reference to tbl_exercise_mode_category',
  `subcategory_name` varchar(100) NOT NULL,
  `subcategory_name_in_en` varchar(100) NOT NULL,
  `subcategory_name_in_alb` varchar(255) CHARACTER SET utf8 COLLATE utf8_bin NOT NULL,
  `subcategory_name_in_ukr` varchar(255) CHARACTER SET utf8 COLLATE utf8_bin NOT NULL,
  `subcategory_name_in_ro` varchar(255) CHARACTER SET utf8 COLLATE utf8_bin NOT NULL,
  `subcategory_name_in_tr` varchar(255) CHARACTER SET utf8 COLLATE utf8_bin NOT NULL,
  `subcategory_name_in_pl` varchar(255) CHARACTER SET utf8 COLLATE utf8_bin NOT NULL,
  `subcategory_name_in_ur` varchar(255) CHARACTER SET utf8 COLLATE utf8_bin NOT NULL,
  `subcategory_name_in_ti` varchar(255) CHARACTER SET utf8 COLLATE utf8_bin NOT NULL,
  `subcategory_name_in_so` varchar(255) CHARACTER SET utf8 COLLATE utf8_bin NOT NULL,
  `subcategory_name_in_pu` varchar(255) CHARACTER SET utf8 COLLATE utf8_bin NOT NULL,
  `subcategory_name_in_sor` varchar(255) CHARACTER SET utf8 COLLATE utf8_bin NOT NULL,
  `subcategory_name_in_hu` varchar(255) CHARACTER SET utf8 COLLATE utf8_bin NOT NULL,
  `subcategory_name_in_chi` varchar(255) CHARACTER SET utf8 COLLATE utf8_bin NOT NULL,
  `subcategory_name_in_bg` varchar(255) CHARACTER SET utf8 COLLATE utf8_bin NOT NULL,
  `subcategory_name_in_cr` varchar(255) CHARACTER SET utf8 COLLATE utf8_bin NOT NULL,
  `subcategory_name_in_sr` varchar(255) CHARACTER SET utf8 COLLATE utf8_bin NOT NULL,
  `subcategory_name_in_est` varchar(255) CHARACTER SET utf8 COLLATE utf8_bin NOT NULL,
  `subcategory_name_in_ar` varchar(255) CHARACTER SET utf8 COLLATE utf8_bin NOT NULL,
  `subcategory_name_in_fr` varchar(255) CHARACTER SET utf8 COLLATE utf8_bin NOT NULL,
  `subcategory_name_in_pt` varchar(255) CHARACTER SET utf8 COLLATE utf8_bin NOT NULL,
  `subcategory_name_in_ru` varchar(255) CHARACTER SET utf8 COLLATE utf8_bin NOT NULL,
  `subcategory_name_in_es` varchar(255) CHARACTER SET utf8 COLLATE utf8_bin NOT NULL,
  `subcategory_name_in_it` varchar(255) CHARACTER SET utf8 COLLATE utf8_bin NOT NULL,
  `subcategory_name_in_de` varchar(255) CHARACTER SET utf8 COLLATE utf8_bin NOT NULL,
  `subcategory_name_in_sv` varchar(255) CHARACTER SET utf8 COLLATE utf8_bin NOT NULL,
  `subcategory_name_in_fi` varchar(255) CHARACTER SET utf8 COLLATE utf8_bin NOT NULL,
  `subcategory_name_in_seh` varchar(255) CHARACTER SET utf8 COLLATE utf8_bin NOT NULL,
  `subcategory_name_in_gd` varchar(255) CHARACTER SET utf8 COLLATE utf8_bin NOT NULL,
  `subcategory_name_in_se-FI` varchar(255) CHARACTER SET utf8 COLLATE utf8_bin NOT NULL,
  `subcategory_name_in_gl` varchar(255) CHARACTER SET utf8 COLLATE utf8_bin NOT NULL,
  `subcategory_name_in_eu` varchar(255) CHARACTER SET utf8 COLLATE utf8_bin NOT NULL,
  `subcategory_name_in_pas` varchar(255) CHARACTER SET utf8 COLLATE utf8_bin NOT NULL,
  `subcategory_name_in_far` varchar(255) CHARACTER SET utf8 COLLATE utf8_bin NOT NULL,
  `subcategory_name_in_kur` varchar(255) CHARACTER SET utf8 COLLATE utf8_bin NOT NULL,
  `subcategory_name_in_bar` varchar(255) CHARACTER SET utf8 COLLATE utf8_bin NOT NULL,
  `subcategory_name_in_kw` varchar(255) CHARACTER SET utf8 COLLATE utf8_bin NOT NULL,
  `difficulty_level_id` int(11) NOT NULL COMMENT 'reference to tbl_difficulties_levels',
  `image` varchar(100) NOT NULL,
  `is_active` enum('0','1') NOT NULL DEFAULT '1',
  `is_delete` enum('0','1') NOT NULL DEFAULT '0',
  `created_date` datetime NOT NULL,
  `created_by` int(11) NOT NULL,
  PRIMARY KEY (`exercise_mode_subcategory_id`)
) ENGINE=InnoDB DEFAULT CHARSET=latin1;

INSERT INTO `tbl_exercise_mode_subcategories` (`exercise_mode_subcategory_id`, `support_lang_id`, `category_id`, `subcategory_name`, `subcategory_name_in_en`, `subcategory_name_in_alb`, `subcategory_name_in_ukr`, `subcategory_name_in_ro`, `subcategory_name_in_tr`, `subcategory_name_in_pl`, `subcategory_name_in_ur`, `subcategory_name_in_ti`, `subcategory_name_in_so`, `subcategory_name_in_pu`, `subcategory_name_in_sor`, `subcategory_name_in_hu`, `subcategory_name_in_chi`, `subcategory_name_in_bg`, `subcategory_name_in_cr`, `subcategory_name_in_sr`, `subcategory_name_in_est`, `subcategory_name_in_ar`, `subcategory_name_in_fr`, `subcategory_name_in_pt`, `subcategory_name_in_ru`, `subcategory_name_in_es`, `subcategory_name_in_it`, `subcategory_name_in_de`, `subcategory_name_in_sv`, `subcategory_name_in_fi`, `subcategory_name_in_seh`, `subcategory_name_in_gd`, `subcategory_name_in_se-FI`, `subcategory_name_in_gl`, `subcategory_name_in_eu`, `subcategory_name_in_pas`, `subcategory_name_in_far`, `subcategory_name_in_kur`, `subcategory_name_in_bar`, `subcategory_name_in_kw`, `difficulty_level_id`, `image`, `is_active`, `is_delete`, `created_date`, `created_by`) VALUES
(1,	37,	1,	'Baby toiletries',	'Baby toiletries',	'',	'',	'',	'',	'',	'',	'',	'',	'',	'',	'',	'',	'',	'',	'',	'',	'',	'',	'',	'',	'',	'',	'',	'',	'',	'',	'',	'',	'',	'',	'',	'',	'',	'',	'',	1,	'baby_toiletries.jpg',	'1',	'0',	'0000-00-00 00:00:00',	0),
(2,	37,	6,	'',	'English',	'',	'',	'',	'',	'',	'',	'',	'',	'',	'',	'',	'',	'',	'',	'',	'',	'',	'',	'',	'Russian',	'Spanish',	'',	'',	'Swedish',	'Finnish',	'Scots',	'Gaelic',	'Saami',	'Galician',	'Basque',	'',	'',	'',	'',	'Cornish',	1,	'',	'1',	'0',	'0000-00-00 00:00:00',	0),
(3,	37,	8,	'',	'English g',	'',	'',	'',	'',	'',	'',	'',	'',	'',	'',	'',	'',	'',	'',	'',	'',	'',	'',	'',	'Russian g',	'Spanish g',	'',	'',	'Swedish g',	'Finnish g',	'Scots g',	'Gaelic g',	'Saami g',	'Galician g',	'Basque g',	'',	'',	'',	'',	'Cornish g',	1,	'',	'1',	'0',	'0000-00-00 00:00:00',	0),
(4,	37,	9,	'',	'english p',	'',	'',	'',	'',	'',	'',	'',	'',	'',	'',	'',	'',	'',	'',	'',	'',	'',	'',	'',	'russian p',	'spanish p',	'',	'',	'swedish p',	'finnish p',	'scots p',	'gaelic p',	'saami p',	'galician p',	'basque p',	'',	'',	'',	'',	'cornish p',	1,	'',	'1',	'0',	'0000-00-00 00:00:00',	0),
(5,	37,	9,	'',	'ENG',	'',	'',	'',	'',	'',	'',	'',	'',	'',	'',	'',	'',	'',	'',	'',	'',	'',	'',	'',	'RUS',	'SPA',	'',	'',	'SWE',	'FIN',	'SCO',	'GAE',	'SAM',	'GALICIAN',	'BASQUE',	'',	'',	'',	'',	'CORNISH',	1,	'',	'1',	'0',	'0000-00-00 00:00:00',	0),
(6,	37,	7,	'',	'English D',	'',	'',	'',	'',	'',	'',	'',	'',	'',	'',	'',	'',	'',	'',	'',	'',	'',	'',	'',	'Russian D',	'Spanish D',	'',	'',	'S D',	'F D',	'Scots D',	'Gaelic D',	'N D',	'Galician D',	'Basque D',	'',	'',	'',	'',	'C D',	1,	'',	'1',	'0',	'0000-00-00 00:00:00',	0),
(7,	37,	6,	'',	'English Culture',	'',	'',	'',	'',	'',	'',	'',	'',	'',	'',	'',	'',	'',	'',	'',	'',	'',	'',	'',	'Russian Culture',	'Spanish Culture',	'',	'',	'Swedish Culture',	'Finnish Culture',	'Scots Culture',	'Gaelic Culture',	'NS Culture',	'Gal Culture',	'Basque Culture',	'',	'',	'',	'',	'Cornish Culture',	1,	'crayfish_party.jpg',	'1',	'0',	'0000-00-00 00:00:00',	0),
(8,	37,	6,	'',	'Test English',	'',	'',	'',	'',	'',	'',	'',	'',	'',	'',	'',	'',	'',	'',	'',	'',	'',	'',	'',	'Test Russian',	'test Spanish',	'',	'',	'Test Swedish',	'Test Finish',	'test scots',	'Test Gaelic',	'Test Northen Saami',	'Test Galician',	'Test Basque',	'',	'',	'',	'',	'Test Cornish',	2,	'baby_toiletries.jpg',	'1',	'0',	'0000-00-00 00:00:00',	0),
(9,	37,	6,	'',	'phrase eng',	'',	'',	'',	'',	'',	'',	'',	'',	'',	'',	'',	'',	'',	'',	'',	'',	'',	'',	'',	'phrase russian',	'phrase spa',	'',	'',	'swedish fin',	'phrase fin',	'phrase scots',	'phrase gaelic',	'phrase saami',	'phrase gal',	'phrase basque',	'',	'',	'',	'',	'phrase cornish',	1,	'icecream.jpg',	'1',	'0',	'0000-00-00 00:00:00',	0),
(10,	37,	6,	'',	'dialogue eng',	'',	'',	'',	'',	'',	'',	'',	'',	'',	'',	'',	'',	'',	'',	'',	'',	'',	'',	'',	'dialogue rus',	'dialogue spa',	'',	'',	'dialogue swe',	'dialogue fin',	'dialogue scots',	'dialogue gael',	'dia saami',	'dialogue gal',	'dialogue basque',	'',	'',	'',	'',	'dialogue cornish',	1,	'pencil.jpg',	'1',	'0',	'0000-00-00 00:00:00',	0),
(11,	37,	6,	'',	'gram eng',	'',	'',	'',	'',	'',	'',	'',	'',	'',	'',	'',	'',	'',	'',	'',	'',	'',	'',	'',	'gram rus',	'gram spa',	'',	'',	'gram swe',	'gram fin',	'gram scots',	'gram gae',	'gram saami',	'gram gali',	'gram basque',	'',	'',	'',	'',	'gram cornish',	1,	'crayfish_party',	'1',	'0',	'0000-00-00 00:00:00',	0),
(12,	37,	6,	'',	'',	'',	'',	'',	'',	'',	'',	'',	'',	'',	'',	'',	'',	'',	'',	'',	'',	'',	'',	'',	'',	'',	'',	'',	'',	'',	'',	'',	'',	'',	'',	'',	'',	'',	'',	'',	0,	'',	'1',	'0',	'0000-00-00 00:00:00',	0),
(13,	37,	0,	'',	'',	'',	'',	'',	'',	'',	'',	'',	'',	'',	'',	'',	'',	'',	'',	'',	'',	'',	'',	'',	'',	'',	'',	'',	'',	'',	'',	'',	'',	'',	'',	'',	'',	'',	'',	'',	0,	'',	'1',	'0',	'0000-00-00 00:00:00',	0);

CREATE TABLE `tbl_exercise_type` (
  `id` int(11) NOT NULL AUTO_INCREMENT,
  `support_lang_id` int(11) NOT NULL,
  `exercise_mode_id` int(11) NOT NULL,
  `type_name` varchar(100) NOT NULL,
  `type_en` varchar(100) CHARACTER SET utf8 COLLATE utf8_bin NOT NULL,
  `type_alb` varchar(255) CHARACTER SET utf8 COLLATE utf8_bin NOT NULL,
  `type_ukr` varchar(255) CHARACTER SET utf8 COLLATE utf8_bin NOT NULL,
  `type_ro` varchar(255) CHARACTER SET utf8 COLLATE utf8_bin NOT NULL,
  `type_tr` varchar(255) CHARACTER SET utf8 COLLATE utf8_bin NOT NULL,
  `type_pl` varchar(255) CHARACTER SET utf8 COLLATE utf8_bin NOT NULL,
  `type_ur` varchar(255) CHARACTER SET utf8 COLLATE utf8_bin NOT NULL,
  `type_ti` varchar(255) CHARACTER SET utf8 COLLATE utf8_bin NOT NULL,
  `type_so` varchar(255) CHARACTER SET utf8 COLLATE utf8_bin NOT NULL,
  `type_pu` varchar(255) CHARACTER SET utf8 COLLATE utf8_bin NOT NULL,
  `type_sor` varchar(255) CHARACTER SET utf8 COLLATE utf8_bin NOT NULL,
  `type_hu` varchar(255) CHARACTER SET utf8 COLLATE utf8_bin NOT NULL,
  `type_chi` varchar(255) CHARACTER SET utf8 COLLATE utf8_bin NOT NULL,
  `type_bg` varchar(255) CHARACTER SET utf8 COLLATE utf8_bin NOT NULL,
  `type_cr` varchar(255) CHARACTER SET utf8 COLLATE utf8_bin NOT NULL,
  `type_sr` varchar(255) CHARACTER SET utf8 COLLATE utf8_bin NOT NULL,
  `type_est` varchar(255) CHARACTER SET utf8 COLLATE utf8_bin NOT NULL,
  `type_ar` varchar(255) CHARACTER SET utf8 COLLATE utf8_bin NOT NULL,
  `type_fr` varchar(255) CHARACTER SET utf8 COLLATE utf8_bin NOT NULL,
  `type_pt` varchar(255) CHARACTER SET utf8 COLLATE utf8_bin NOT NULL,
  `type_ru` varchar(255) CHARACTER SET utf8 COLLATE utf8_bin NOT NULL,
  `type_es` varchar(255) CHARACTER SET utf16 COLLATE utf16_bin NOT NULL,
  `type_it` varchar(255) CHARACTER SET utf8 COLLATE utf8_bin NOT NULL,
  `type_de` varchar(255) CHARACTER SET utf8 COLLATE utf8_bin NOT NULL,
  `type_sv` varchar(255) CHARACTER SET utf8 COLLATE utf8_bin NOT NULL,
  `type_fi` varchar(255) CHARACTER SET utf8 COLLATE utf8_bin NOT NULL,
  `type_seh` varchar(255) CHARACTER SET utf8 COLLATE utf8_bin NOT NULL,
  `type_gd` varchar(255) CHARACTER SET utf8 COLLATE utf8_bin NOT NULL,
  `type_se-FI` varchar(255) CHARACTER SET utf8 COLLATE utf8_bin NOT NULL,
  `type_kw` varchar(255) CHARACTER SET utf8 COLLATE utf8_bin NOT NULL,
  `type_gl` varchar(255) CHARACTER SET utf8 COLLATE utf8_bin NOT NULL,
  `type_eu` varchar(255) CHARACTER SET utf8 COLLATE utf8_bin NOT NULL,
  `type_nb` varchar(255) CHARACTER SET utf8 COLLATE utf8_bin NOT NULL,
  `image` varchar(100) NOT NULL,
  `sequence` int(11) NOT NULL,
  PRIMARY KEY (`id`)
) ENGINE=InnoDB DEFAULT CHARSET=latin1;

INSERT INTO `tbl_exercise_type` (`id`, `support_lang_id`, `exercise_mode_id`, `type_name`, `type_en`, `type_alb`, `type_ukr`, `type_ro`, `type_tr`, `type_pl`, `type_ur`, `type_ti`, `type_so`, `type_pu`, `type_sor`, `type_hu`, `type_chi`, `type_bg`, `type_cr`, `type_sr`, `type_est`, `type_ar`, `type_fr`, `type_pt`, `type_ru`, `type_es`, `type_it`, `type_de`, `type_sv`, `type_fi`, `type_seh`, `type_gd`, `type_se-FI`, `type_kw`, `type_gl`, `type_eu`, `type_nb`, `image`, `sequence`) VALUES
(1,	3,	1,	'Select translation',	'Select translation',	'Zgjidh përkthimin',	'Вибрати переклад',	'Selectează traducerea',	'çeviri seçiniz',	'Wybierz tłumaczenie',	'ترجمہ منتخب کریں',	'ትርጉም ምረጽ',	'Dooro fasiraada',	'ترجمہ منتخب کرو',	'وەرگێڕان هەڵبژێرە',	'Válasszon fordítást',	'选择译文',	'Избери превод',	'odaberite prijevod',	'izaberite prevod',	'Vali tõlge',	'اختر اللغة',	'Selectionnez la traduction',	'Seleciona a tradução',	'Перевод',	'Selecciona la traducción',	'Seleziona traduzione',	'Übersetzung wählen',	'Välj översättning',	'Valitse käännös',	'',	'',	'',	'',	'',	'',	'',	'SFI_exercise_type_icons_select_translation.jpg',	3),
(2,	3,	1,	'Multiple choice with image',	'Multiple choice with image',	'Zgjedhje e shumëfishtë me imazh',	'Вибір кількох варіантів із зображенням',	'Alege varianta corectă cu imagini',	'resimli çok seçenekli',	'Wielokrotny wybór z obrazkami',	'تصویر کے ساتھ کثیر انتخاب',	'ምረጽ ምስ ስእሊ',	'Dooqa kala duwan ee la jiro sawirka',	'تصویر دے نال کثیر انتخاب',	'فرەبژاردەيى لەگەڵ بە وێنە',	'Több válasz képpel',	'图像类多项选择题',	'Множествен избор с изображение',	'slike za višestruki odabir',	'slike za višestruki izbor',	'Mitu valikut pildiga',	'خيارات متعددة مع صور',	'Choix multiples avec d\'images',	'Escolha múltipla com imagens',	'Изображения',	'Imagen de respuesta múltiple',	'Immagine scelta multipla',	'Bild Multiple-Choice',	'Bild - flerval',	'Kuvat - monivalinta',	'',	'',	'',	'',	'',	'',	'',	'SFI_exercise_type_icons_multichoice_with_image.jpg',	4),
(3,	3,	1,	'Multiple choice with words',	'Multiple choice with words',	'Zgjedhje e shumëfishtë me fjalë',	'Вибір кількох варіантів зі словами',	'Alege varianta corectă cu cuvinte',	'kelimeli çok seçenekli',	'Wielokrotny wybór ze słowami',	'الفاظ کے ساتھ کثیر انتخاب',	'ምረጽ ምስ ቃላት',	'Dooqa kala duwan ee la jiro erayada',	'الفاظ دے نال کثیر انتخاب',	'فرەبژاردەيى بە وشە',	'Több válasz szavakkal',	'文字类多项选择题',	'Множествен избор с думи',	'riječi višestruki odabir',	'reči za višestruki izbor',	'Mitu valikut sõnadega',	'خيارات متعددة مع كلمات',	'Choix multiples avec des mots',	'Escolha múltipla com palavras',	'Слова',	'Palabra de respuesta múltiple',	'Parola scelta multipla',	'Wort Multiple-Choice',	'Ord - flerval',	'Sanat - monivalinta',	'',	'',	'',	'',	'',	'',	'',	'SFI_exercise_type_icons_multichoice_with_word.jpg',	5),
(4,	3,	1,	'Choose the letters',	'Choose the letters',	'Zgjidh shkronjat',	'Виберіть літери',	'Alege literele',	'harfleri seçiniz',	'Wybierz litery',	'حروف منتخب کریں',	'ነቶም ፊደላት ምረጽ',	'Dooro xarfaha',	'حروف منتخب کرو',	'پيتەكان هەڵبژێرە',	'Válassza ki a betűket',	'选择字母',	'Избери буквите',	'Odaberite rijeći',	'Izaberite reči',	'Vali tähed',	'اختر الحرف',	'Choisissez les lettres',	'Escolhe as letras',	'По буквам',	'Elige las letras',	'Scegli le lettere',	'Wählen Sie die Buchstaben',	'Välj bokstäver',	'Valitse kirjaimet',	'',	'',	'',	'',	'',	'',	'',	'SFI_exercise_type_icons_choose_the_letter.jpg',	7),
(5,	3,	1,	'Write the word',	'Write the word',	'Shkruaj fjalën',	'Запишіть слово',	'Scrie cuvântul',	'kelimeyi yazınız',	'Wpisz słowo',	'لفظ منتخب کریں',	'ነቲ ቃላት ጽሓፎ',	'Qor erayga',	'لفظ منتخب کرو',	'وشەكە بنووسە',	'Írja le a szót',	'写下单词',	'Напиши думата',	'Napišite riječ',	'Napišite reč',	'Kirjuta sõna',	'اكتب الكلمة',	'Écrire le mot',	'Escreve a palavra',	'Ввод слова',	'Escribe la palabra',	'Scrivi la parola',	'Schreiben Sie das Wort',	'Skriv ordet',	'Kirjoita sana',	'',	'',	'',	'',	'',	'',	'',	'SFI_exercise_type_icons_write_the_word.jpg',	8),
(6,	3,	1,	'Choose the image',	'Choose the image',	'Zgjidh imazhin',	'Виберіть зображення',	'Alege imaginea',	'resimi seçiniz',	'Wybierz obrazek',	'تصویر چنیں',	'ነቲ ስእሊ ምረጽ',	'Dooro sawirka',	'تصویر چنو',	'وێنەكە هەڵبژێرە',	'Válassza ki a képet',	'选择图像',	'Избери изображението',	'Odaberite sliku',	'Izaberite sliku',	'Vali pilt',	'اختر الصورة',	'Choisissez l\'image',	'Escolhe a imagem',	'Выбор изображения',	'Elige la imagen',	'Scegli l\'immagine',	'Wählen Sie das Bild',	'Välj bilden',	'Valitse kuva',	'',	'',	'',	'',	'',	'',	'',	'type.png',	2),
(7,	3,	1,	'Matching',	'Matching',	'Bashkim',	'Зіставлення',	'Găsește perechea',	'uyarlama',	'Dopasowywanie',	'مماثل کرنا',	'ኣዛምድ',	'Isleh',	'مماثل کرنا',	'بەيەك گەياندن',	'Egyező',	'匹配中',	'Съчетаване',	'Prilagodba',	'Prilagođavanje',	'Sobitamine',	'مطابقة',	'Correspondance',	'Faz a correspondência',	'Пары',	'Correspondencias',	'Corrispondenza',	'Passend',	'Matcha',	'Yhdistäminen',	'',	'',	'',	'',	'',	'',	'',	'SFI_exercise_type_icons_matching.jpg',	6),
(8,	3,	1,	'Flashcards',	'Flashcards',	'Kartat flashuese',	'Дидактичні картки',	'Cartonașe',	'öğrenme kartları',	'Fiszki',	'فلیش کارڈز',	'ቃላት ወይ ፊደላት ዘለዎ ካርድታት',	'Kaararka falaashka',	'فلیش کارڈز',	'فلاشكارت',	'Kártyák',	'闪存卡',	'Флашкарти',	'kartice za učenje',	'kartice za učenje',	'Välkmälukaardid',	'كرت ذاكرة',	'Flashcards',	'Flashcards',	'Карточки',	'Tarjetas',	'Flashcards',	'Lernkarten',	'Flashkort',	'Kuva- ja sanastokortit',	'Flashcards pasto',	'Flashcards farsi',	'Flashcards kurmanji',	'Flashcards dutch',	'Flashcards greek',	'',	'',	'SFI_exercise_type_icons_flashcards.jpg',	1),
(9,	3,	1,	'Listening comprehension',	'Listening comprehension',	'Dëgjim dhe kuptim',	'Аудіювання',	'Înţelegerea unui text oral și scris',	'Anlayış',	'Rozumienie ze słuchu',	'سننے کی فہم و سمجھ',	'ናይ ምስማዕ ክእለት',	'Fahamka dhageysiga',	'سنن دی سمجھ',	'تێگەيشتن بە گوێبيست بوون',	'Beszédértés',	'听力理解',	'Слушане с разбиране',	'razumijevanje',	'razumevanje',	'Kuulamise järgi arusaamine',	'فهم الاستماع',	'Écoute',	'Áudio',	'Аудио',	'Audio',	'Ascoltare',	'Hörverständnis',	'Hörförståelse',	'Kuullunymmärtäminen',	'',	'',	'',	'',	'',	'',	'',	'SFI_exercise_type_icons_listening_comprehension.jpg',	9),
(10,	3,	4,	'Multiple choice',	'Multiple choice',	'Me shumë alternativa',	'Вибір кількох варіантів',	'Alege varianta corectă',	'çok seçenekli',	'Wielokrotny wybór',	'کثیر الانتخاب',	'ምርጫታት መልሲ ዘለዎም ሕቶታት',	'Dooqyo badan',	'کثیر الانتخاب',	'فرەبژاردە',	'Többválasztásos',	'多项选择',	'Множествен избор',	'Višestruki odabir',	'Višestruki izbor',	'Mitu valikut',	'خيارات متعددة',	'Choix multiples',	'Escolha múltipla',	'Выбор варианта',	'Respuesta múltiple',	'Immagine scelta multipla',	'Multiple-Choice',	'Flerval',	'Monivalinta',	'',	'',	'',	'',	'',	'',	'',	'SFI_exercise_type_icons_grammar_multichoice.jpg',	0),
(11,	3,	4,	'Fill the gap',	'Fill the gap',	'Plotëso vendin bosh',	'Заповніть проміжок',	'Completează spațiile',	'boşluğu doldur',	'Wypełnić lukę',	'جگہ پر کریں',	'ነዚ ጋግ ምልኣዮ',	'Buuxi meesha banaan',	'خالی تھان پر کرو',	'بۆشاییەکە پڕ بکەرەوە',	'Töltse ki a hiányzó részt',	'填空',	'Попълнете празнината',	'Umetnite riječ',	'Umetnite riječ',	'',	'املأ الفراغ',	'complète la phrase',	'preenche os espaço',	'Вставьте слово',	'Completa la frase',	'Riempi lo spazio',	'Lückentext',	'fyll i luckan',	'Aukkotehtävä',	'',	'',	'',	'',	'',	'',	'',	'SFI_exercise_type_icons_grammar_fill_the_gap.jpg',	0),
(12,	3,	3,	'Flashcards',	'Flashcards',	'Karta memorizimi',	'Дидактичні картки',	'Cartonașe',	'bilgi kartları',	'Fiszki',	'فلیش کارڈز',	'ካርድታት መጽናዕቲ ቃላት',	'Kaararka warbixinta',	'فلیش کارڈز',	'پۆست کارت',	'Kártyák',	'闪存卡',	'Флаш карти',	'kartice za učenje',	'kartice za učenje',	'Välkmälukaardid',	'كرت ذاكرة',	'Flashcards',	'Flashcards',	'Карточки',	'Tarjetas',	'Flashcards',	'Lernkarten',	'Flashkort',	'Kuva- ja sanastokortit',	'',	'',	'',	'',	'',	'',	'',	'SFI_exercise_type_icons_flashcards1.jpg',	0),
(13,	3,	2,	'Text',	'Text',	'Tekst',	'Текст',	'Text',	'metin',	'Tekst',	'متن',	'ጽሑፍ',	'Qoraalka',	'متن',	'تێکست',	'Szöveg',	'文本',	'Текст',	'Tekst',	'Tekst',	'Tekst',	'نص',	'Texte',	'Texto',	'Текст',	'Texto',	'Testo',	'Text',	'Text',	'Teksti',	'',	'',	'',	'',	'',	'',	'',	'SFI_exercise_type_icons_text.jpg',	1),
(14,	3,	2,	'Multiple choice',	'Multiple choice',	'Me shumë alternativa',	'Вибір кількох варіантів',	'Alege varianta corectă',	'çok seçenekli',	'Wielokrotny wybór',	'کثیر الانتخاب',	'ምርጫታት መልሲ ዘለዎም ሕቶታት',	'Dooqyo badan',	'کثیر الانتخاب',	'فرەبژاردە',	'Többválasztásos',	'多项选择',	'Множествен избор',	'Višestruki odabir',	'Višestruki izbor',	'Mitu valikut',	'خيارات متعددة',	'Choix multiples',	'Escolha múltipla',	'Выбор варианта',	'Respuesta múltiple',	'Immagine scelta multipla',	'Multiple-Choice',	'Flerval',	'Monivalinta',	'',	'',	'',	'',	'',	'',	'',	'SFI_exercise_type_icons_dialgues_multichoice.jpg',	2),
(15,	3,	5,	'Text comprehension',	'Text comprehension',	'Kuptimi i tekstit',	'Розуміння тексту',	'Înţelegerea unui text scris',	'metin kavrama',	'Zrozumienie tekstu',	'متن فہم',	'ግንዛበ ናይ ትሕዝቶ ጽሑፍ',	'Fahamka qoraalka',	'متن فہم',	'هەڵهێنجانی تێکست',	'Szövegértés',	'语篇理解',	'Разбиране на текста',	'Tekst',	'Tekst',	'Tekst',	'نص للفهم',	'Compréhension du texte',	'Compreensão de texto',	'Текст',	'Texto',	'Testo',	'Text',	'Textförståelse',	'Luetunymmärtäminen',	'',	'',	'',	'',	'',	'',	'',	'SFI_exercise_type_icons_Culture_text.jpg',	0),
(16,	3,	1,	'Aural Composition - Numbers',	'Aural Composition - Numbers',	'Dëgjim dhe kuptim',	'Аудіювання',	'Înţelegerea unui text oral și scris',	'Anlayış',	'Rozumienie ze słuchu',	'سننے کی فہم و سمجھ',	'ናይ ምስማዕ ክእለት',	'Fahamka dhageysiga',	'سنن دی سمجھ',	'تێگەيشتن بە گوێبيست بوون',	'Beszédértés',	'听力理解',	'Слушане с разбиране',	'razumijevanje',	'razumevanje',	'Kuulamise järgi arusaamine',	'فهم الاستماع',	'Écoute',	'Áudio',	'Аудио',	'Audio',	'Ascoltare',	'Hörverständnis',	'Hörförståelse',	'Kuullunymmärtäminen',	'',	'',	'',	'',	'',	'',	'',	'SFI_exercise_type_icons_listening_comprehension.jpg',	10),
(17,	3,	1,	'Aural Composition - Sentences',	'Aural Composition - Sentences',	'Dëgjim dhe kuptim',	'Аудіювання',	'Înţelegerea unui text oral și scris',	'Anlayış',	'Rozumienie ze słuchu',	'سننے کی فہم و سمجھ',	'ናይ ምስማዕ ክእለት',	'Fahamka dhageysiga',	'سنن دی سمجھ',	'تێگەيشتن بە گوێبيست بوون',	'Beszédértés',	'听力理解',	'Слушане с разбиране',	'razumijevanje',	'razumevanje',	'Kuulamise järgi arusaamine',	'فهم الاستماع',	'Écoute',	'Áudio',	'Аудио',	'Audio',	'Ascoltare',	'Hörverständnis',	'Hörförståelse',	'Kuullunymmärtäminen',	'',	'',	'',	'',	'',	'',	'',	'SFI_exercise_type_icons_listening_comprehension.jpg',	11),
(18,	3,	1,	'Aural Composition - Words',	'Aural Composition - Words',	'Dëgjim dhe kuptim',	'Аудіювання',	'Înţelegerea unui text oral și scris',	'Anlayış',	'Rozumienie ze słuchu',	'سننے کی فہم و سمجھ',	'ናይ ምስማዕ ክእለት',	'Fahamka dhageysiga',	'سنن دی سمجھ',	'تێگەيشتن بە گوێبيست بوون',	'Beszédértés',	'听力理解',	'Слушане с разбиране',	'razumijevanje',	'razumevanje',	'Kuulamise järgi arusaamine',	'فهم الاستماع',	'Écoute',	'Áudio',	'Аудио',	'Audio',	'Ascoltare',	'Hörverständnis',	'Hörförståelse',	'Kuullunymmärtäminen',	'',	'',	'',	'',	'',	'',	'',	'SFI_exercise_type_icons_listening_comprehension.jpg',	12);

CREATE TABLE `tbl_grammer_master` (
  `grammer_master_id` int(11) NOT NULL AUTO_INCREMENT,
  `target_language_id` int(11) NOT NULL,
  `support_lang_id` int(11) NOT NULL,
  `category_id` int(11) NOT NULL,
  `subcategory_id` int(11) NOT NULL,
  `question_type` int(11) NOT NULL,
  `question` varchar(255) CHARACTER SET utf8 COLLATE utf8_bin NOT NULL,
  `options` varchar(100) CHARACTER SET utf8 COLLATE utf8_bin NOT NULL,
  `notes` varchar(100) CHARACTER SET utf8 COLLATE utf8_bin NOT NULL,
  `is_audio_available` enum('0','1') CHARACTER SET utf8 COLLATE utf8_bin NOT NULL DEFAULT '0',
  `audio_file` varchar(100) CHARACTER SET utf8 COLLATE utf8_bin NOT NULL,
  `is_active` int(1) NOT NULL DEFAULT '1',
  `is_delete` int(1) NOT NULL DEFAULT '0',
  PRIMARY KEY (`grammer_master_id`)
) ENGINE=InnoDB DEFAULT CHARSET=latin1;

INSERT INTO `tbl_grammer_master` (`grammer_master_id`, `target_language_id`, `support_lang_id`, `category_id`, `subcategory_id`, `question_type`, `question`, `options`, `notes`, `is_audio_available`, `audio_file`, `is_active`, `is_delete`) VALUES
(1,	37,	3,	8,	3,	2,	'I come ### Italy.',	'from',	'This is test',	'1',	'test.mp3',	1,	0),
(2,	37,	3,	8,	3,	1,	'Ann, how are you?',	'I\'m a nurse.#I\'m fine, thanks. And you?#I am working.#From Spain.',	'test',	'1',	'test.m4a',	1,	0),
(3,	37,	3,	8,	3,	2,	'What is your name?',	'aahna#amalda#kareena#karishma',	'',	'0',	'',	1,	0),
(4,	37,	3,	8,	3,	1,	'I belong ### India',	'to',	'',	'0',	'',	1,	0),
(5,	37,	3,	8,	3,	2,	'I come ### Italy.',	'from',	'This is test',	'1',	'test.mp3',	1,	0),
(6,	37,	3,	8,	3,	1,	'Ann, how are you?',	'I\'m a nurse.#I\'m fine, thanks. And you?#I am working.#From Spain.',	'test',	'1',	'test.m4a',	1,	0),
(7,	37,	3,	8,	3,	2,	'What is your name?',	'aahna#amalda#kareena#karishma',	'',	'0',	'',	1,	0),
(8,	37,	3,	8,	3,	1,	'I belong ### India',	'to',	'',	'0',	'',	1,	0),
(9,	37,	3,	8,	3,	2,	'I come ### Italy.',	'from',	'This is test',	'1',	'test.mp3',	1,	0),
(10,	37,	3,	8,	3,	1,	'Ann, how are you?',	'I\'m a nurse.#I\'m fine, thanks. And you?#I am working.#From Spain.',	'test',	'1',	'test.m4a',	1,	0),
(11,	2,	37,	8,	3,	2,	'How ___ You?',	'Are',	'Arre',	'0',	'',	1,	0),
(12,	37,	1,	8,	3,	2,	'Fill ___ Gap',	'the',	'Guess',	'0',	'',	1,	0),
(13,	37,	3,	8,	3,	2,	'I belong ### India?',	'to',	'This is test',	'0',	'test.mp3',	1,	0),
(14,	37,	3,	8,	3,	1,	'How do you feel?',	'good#not good#bad#dizzy',	'test',	'0',	'test.m4a',	1,	0),
(15,	37,	3,	8,	3,	2,	'She is ### my brother',	'with',	'',	'0',	'',	1,	0);

CREATE TABLE `tbl_master_language` (
  `support_lang_id` int(11) NOT NULL AUTO_INCREMENT,
  `lang_name` varchar(255) NOT NULL,
  `lang_code` varchar(15) NOT NULL,
  `field_name` varchar(255) NOT NULL,
  `image` varchar(255) NOT NULL,
  `create_date` datetime NOT NULL,
  `created_by` int(11) NOT NULL,
  `modified_date` datetime NOT NULL,
  `modified_by` int(11) NOT NULL,
  `status` enum('0','1') NOT NULL,
  PRIMARY KEY (`support_lang_id`)
) ENGINE=InnoDB DEFAULT CHARSET=latin1;

INSERT INTO `tbl_master_language` (`support_lang_id`, `lang_name`, `lang_code`, `field_name`, `image`, `create_date`, `created_by`, `modified_date`, `modified_by`, `status`) VALUES
(1,	'finnish',	'fi',	'word_finnish',	'flag_finnish.imageset/FInnish.png',	'2020-07-02 02:30:00',	0,	'2020-07-02 02:30:00',	0,	'1'),
(2,	'swedish',	'sv',	'word_swedish',	'flag_swedish.imageset/Swedish.png',	'2020-07-02 02:31:00',	0,	'2020-07-02 02:31:00',	0,	'1'),
(3,	'English',	'en',	'word_english',	'flag_english.imageset/English.png',	'2020-07-06 11:00:00',	0,	'2020-07-06 11:00:00',	0,	'1'),
(4,	'French',	'fr',	'word_french',	'flag_french.imageset/french.png',	'2020-07-06 11:00:00',	0,	'2020-07-06 11:00:00',	0,	''),
(5,	'Greek',	'el',	'word_greek',	'',	'2020-07-06 11:00:00',	0,	'2020-07-06 11:00:00',	0,	'0'),
(6,	'Dutch',	'dut',	'word_dutch',	'',	'2020-07-06 11:00:00',	0,	'2020-07-06 11:00:00',	0,	'0'),
(7,	'Turkish',	'tr',	'word_turkish',	'flag_turkish.imageset/turkish.png',	'2020-07-06 11:00:00',	0,	'2020-07-06 11:00:00',	0,	'0'),
(8,	'Norwegian',	'nb',	'word_norwegian',	'',	'0000-00-00 00:00:00',	0,	'0000-00-00 00:00:00',	0,	'1'),
(9,	'Spanish',	'es',	'word_spanish',	'flag_spanish.imageset/spanish.png',	'0000-00-00 00:00:00',	0,	'0000-00-00 00:00:00',	0,	'1'),
(10,	'Russian',	'ru',	'word_russian',	'flag_russian.imageset/russian.png',	'0000-00-00 00:00:00',	0,	'0000-00-00 00:00:00',	0,	'1');

CREATE TABLE `tbl_phrases` (
  `phrases_id` int(11) NOT NULL AUTO_INCREMENT,
  `support_lang_id` int(11) NOT NULL,
  `category_id` int(11) NOT NULL COMMENT 'reference to tbl_exercise_mode_category',
  `subcategory_id` int(11) NOT NULL COMMENT 'reference to tbl_exercise_mode_subcategory',
  `audio_file` varchar(100) CHARACTER SET utf8 COLLATE utf8_bin NOT NULL,
  `phrase_en` varchar(255) CHARACTER SET utf8 COLLATE utf8_bin NOT NULL,
  `phrase_alb` varchar(255) CHARACTER SET utf8 COLLATE utf8_bin NOT NULL,
  `phrase_ukr` varchar(255) CHARACTER SET utf8 COLLATE utf8_bin NOT NULL,
  `phrase_ro` varchar(255) CHARACTER SET utf8 COLLATE utf8_bin NOT NULL,
  `phrase_tr` varchar(255) CHARACTER SET utf8 COLLATE utf8_bin NOT NULL,
  `phrase_pl` varchar(255) CHARACTER SET utf8 COLLATE utf8_bin NOT NULL,
  `phrase_ur` varchar(255) CHARACTER SET utf8 COLLATE utf8_bin NOT NULL,
  `phrase_ti` varchar(255) CHARACTER SET utf8 COLLATE utf8_bin NOT NULL,
  `phrase_so` varchar(255) CHARACTER SET utf8 COLLATE utf8_bin NOT NULL,
  `phrase_pu` varchar(255) CHARACTER SET utf8 COLLATE utf8_bin NOT NULL,
  `phrase_sor` varchar(255) CHARACTER SET utf8 COLLATE utf8_bin NOT NULL,
  `phrase_hu` varchar(255) CHARACTER SET utf8 COLLATE utf8_bin NOT NULL,
  `phrase_chi` varchar(255) CHARACTER SET utf8 COLLATE utf8_bin NOT NULL,
  `phrase_bg` varchar(255) CHARACTER SET utf8 COLLATE utf8_bin NOT NULL,
  `phrase_cr` varchar(255) CHARACTER SET utf8 COLLATE utf8_bin NOT NULL,
  `phrase_sr` varchar(255) CHARACTER SET utf8 COLLATE utf8_bin NOT NULL,
  `phrase_est` varchar(255) CHARACTER SET utf8 COLLATE utf8_bin NOT NULL,
  `phrase_ar` varchar(255) CHARACTER SET utf8 COLLATE utf8_bin NOT NULL,
  `phrase_fr` varchar(255) CHARACTER SET utf8 COLLATE utf8_bin NOT NULL,
  `phrase_pt` varchar(255) CHARACTER SET utf8 COLLATE utf8_bin NOT NULL,
  `phrase_ru` varchar(255) CHARACTER SET utf8 COLLATE utf8_bin NOT NULL,
  `phrase_es` varchar(255) CHARACTER SET utf8 COLLATE utf8_bin NOT NULL,
  `phrase_it` varchar(255) CHARACTER SET utf8 COLLATE utf8_bin NOT NULL,
  `phrase_de` varchar(255) CHARACTER SET utf8 COLLATE utf8_bin NOT NULL,
  `phrase_sv` varchar(255) CHARACTER SET utf8 COLLATE utf8_bin NOT NULL,
  `phrase_fi` varchar(255) CHARACTER SET utf8 COLLATE utf8_bin NOT NULL,
  `phrase_seh` varchar(255) CHARACTER SET utf8 COLLATE utf8_bin NOT NULL,
  `phrase_gd` varchar(255) CHARACTER SET utf8 COLLATE utf8_bin NOT NULL,
  `phrase_se-FI` varchar(255) CHARACTER SET utf8 COLLATE utf8_bin NOT NULL,
  `phrase_kw` varchar(255) CHARACTER SET utf8 COLLATE utf8_bin NOT NULL,
  `phrase_gl` varchar(255) CHARACTER SET utf8 COLLATE utf8_bin NOT NULL,
  `phrase_eu` varchar(255) CHARACTER SET utf8 COLLATE utf8_bin NOT NULL,
  `is_active` int(11) NOT NULL DEFAULT '1',
  `is_delete` int(1) NOT NULL DEFAULT '0',
  PRIMARY KEY (`phrases_id`)
) ENGINE=InnoDB DEFAULT CHARSET=latin1;

INSERT INTO `tbl_phrases` (`phrases_id`, `support_lang_id`, `category_id`, `subcategory_id`, `audio_file`, `phrase_en`, `phrase_alb`, `phrase_ukr`, `phrase_ro`, `phrase_tr`, `phrase_pl`, `phrase_ur`, `phrase_ti`, `phrase_so`, `phrase_pu`, `phrase_sor`, `phrase_hu`, `phrase_chi`, `phrase_bg`, `phrase_cr`, `phrase_sr`, `phrase_est`, `phrase_ar`, `phrase_fr`, `phrase_pt`, `phrase_ru`, `phrase_es`, `phrase_it`, `phrase_de`, `phrase_sv`, `phrase_fi`, `phrase_seh`, `phrase_gd`, `phrase_se-FI`, `phrase_kw`, `phrase_gl`, `phrase_eu`, `is_active`, `is_delete`) VALUES
(1,	37,	9,	5,	'phrase1audio',	'Test Phrase Englist',	'',	'',	'',	'',	'',	'',	'',	'',	'',	'',	'',	'',	'',	'',	'',	'',	'',	'',	'',	'Test Phrase Russian',	'Test Phrase Spanish',	'',	'',	'Test Phrase Swedish',	'Test Phrase Finish',	'Test Pharase Scots',	'Test Pharase Gaelic',	'Test Pharase Northern Saami',	'Test Phrase Cornish',	'Test Phrase Galician',	'Test Phrase Basque',	1,	0),
(2,	37,	9,	4,	'phrase2audio',	'how are you?',	'',	'',	'',	'',	'',	'',	'',	'',	'',	'',	'',	'',	'',	'',	'',	'',	'',	'',	'',	'how are you?',	'how are you?',	'',	'',	'how are you?',	'how are you?',	'how are you?',	'how are you?',	'how are you?',	'how are you?',	'how are you?',	'how are you?',	1,	0),
(3,	37,	9,	5,	'',	'How are you?',	'',	'',	'',	'',	'',	'',	'',	'',	'',	'',	'',	'',	'',	'',	'',	'',	'',	'',	'',	'Russian',	'Spanish',	'',	'',	'Swedish',	'Finnish',	'Scots',	'Gaelic',	'Northern Sami',	'Cornish',	'Galician',	'Basque',	1,	0);

CREATE TABLE `tbl_source_language` (
  `source_language_id` int(8) NOT NULL AUTO_INCREMENT,
  `support_lang_id` int(11) NOT NULL,
  `language_name` varchar(50) NOT NULL,
  `language_code` varchar(50) NOT NULL,
  `field_name` varchar(50) NOT NULL,
  `image` varchar(50) NOT NULL,
  `isinput` enum('0','1') NOT NULL DEFAULT '0' COMMENT '0 = No. 1 = Yes',
  `status` enum('0','1') NOT NULL DEFAULT '0' COMMENT '0 = suspend. 1 = active',
  PRIMARY KEY (`source_language_id`)
) ENGINE=InnoDB DEFAULT CHARSET=latin1;

INSERT INTO `tbl_source_language` (`source_language_id`, `support_lang_id`, `language_name`, `language_code`, `field_name`, `image`, `isinput`, `status`) VALUES
(1,	0,	'English',	'en',	'word_english',	'flag_english.imageset/English.png',	'1',	'0'),
(8,	0,	'finnish',	'fi',	'word_finnish',	'flag_finnish.imageset/FInnish.png',	'1',	'0'),
(9,	0,	'swedish',	'sv',	'word_swedish',	'flag_swedish.imageset/Swedish.png',	'1',	'0'),
(10,	0,	'german',	'de',	'word_german',	'flag_german.imageset/German.png',	'0',	'0'),
(11,	0,	'italian',	'it',	'word_italian',	'flag_italian.imageset/italian.png',	'0',	'0'),
(12,	0,	'spanish',	'es',	'word_spanish',	'flag_spanish.imageset/spanish.png',	'1',	'0'),
(13,	0,	'russian',	'ru',	'word_russian',	'flag_russian.imageset/russian.png',	'1',	'0'),
(14,	0,	'portuguese',	'pt',	'word_portuguese',	'flag_portuguese.imageset/portuguese.png',	'0',	'0'),
(15,	0,	'french',	'fr',	'word_french',	'flag_french.imageset/french.png',	'0',	'0'),
(16,	0,	'arabic',	'ar',	'word_arabic',	'flag_arabic.imageset/Arabic.png',	'0',	'0'),
(17,	0,	'estonian',	'est',	'word_estonian',	'flag_estonian.imageset/estonian.png',	'0',	'0'),
(18,	0,	'serbian',	'sr',	'word_serbian',	'flag_serbian.imageset/serbian.png',	'0',	'0'),
(19,	0,	'croatian',	'cr',	'word_croatian',	'flag_croatian.imageset/croatian.png',	'0',	'0'),
(20,	0,	'bulgarian',	'bg',	'word_bulgarian',	'flag_bulgarian.imageset/bulgarian.png',	'0',	'0'),
(21,	0,	'chinese',	'chi',	'word_chinese',	'flag_chinese.imageset/chinese.png',	'0',	'0'),
(22,	0,	'hungarian',	'hu',	'word_hungarian',	'flag_hungarian.imageset/hungarian.png',	'0',	'0'),
(23,	0,	'sorani',	'sor',	'word_sorani',	'flag_sorani.imageset/sorani.png',	'0',	'0'),
(24,	0,	'punjabi',	'pu',	'word_punjabi',	'flag_urdu.imageset/Urdu.png',	'0',	'0'),
(25,	0,	'somali',	'so',	'word_somali',	'flag_somali.imageset/somali.png',	'0',	'0'),
(26,	0,	'tigrigna',	'ti',	'word_tigrigna',	'flag_tigrinya.imageset/Tigrinya.png',	'0',	'0'),
(27,	0,	'urdu',	'ur',	'word_urdu',	'flag_urdu.imageset/Urdu.png',	'0',	'0'),
(28,	0,	'polish',	'pl',	'word_polish',	'flag_polish.imageset/polish.png',	'0',	'0'),
(29,	0,	'turkish',	'tr',	'word_turkish',	'flag_turkish.imageset/turkish.png',	'0',	'0'),
(30,	0,	'romanian',	'ro',	'word_romanian',	'flag_romanian.imageset/romanian.png',	'0',	'0'),
(31,	0,	'ukrainian',	'ukr',	'word_ukrainian',	'flag_ukrainian.imageset/ukrainian.png',	'0',	'0'),
(32,	0,	'albanian',	'alb',	'word_albanian',	'flag_albanian.imageset/albanian.png',	'0',	'0'),
(33,	0,	'Pashto',	'pas',	'word_pashto',	'flag_pashto.imageset/Pashto.png',	'0',	'0'),
(34,	0,	'Farsi',	'far',	'word_farsi',	'flag_farsi.imageset/farsi.png',	'0',	'0'),
(35,	0,	'Kurmanji',	'kur',	'word_ kurmanji',	'flag_kurmanji.imageset/Kurmanji.png',	'0',	'0'),
(36,	0,	'Bardini',	'bar',	'word_bardini',	'',	'0',	'0'),
(37,	0,	'Scots',	'seh',	'word_scots',	'flag_Scots.imageset/Scots.png',	'1',	'1'),
(38,	0,	'Gaelic',	'gd',	'word_garlic',	'flag_gaelic.imageset/gaelic.png',	'1',	'1'),
(39,	0,	'Northern Saami',	'se-FI',	'word_northernsaami',	'flag_northern_sami.imageset/northern_sami.png',	'1',	'1'),
(40,	0,	'Cornish',	'kw',	'word_cornish',	'flag_cornish.imageset/cornish.png',	'1',	'1'),
(41,	0,	'Galician',	'gl',	'word_galician',	'flag_galician.imageset/galician.png',	'1',	'1'),
(42,	0,	'Basque',	'eu',	'word_basque',	'flag_basque.imageset/basque.png',	'1',	'1');

CREATE TABLE `tbl_users` (
  `user_id` int(11) NOT NULL AUTO_INCREMENT,
  `first_name` varchar(50) NOT NULL,
  `last_name` varchar(50) DEFAULT NULL,
  `email` varchar(50) NOT NULL,
  `password` varchar(50) NOT NULL,
  `type` int(11) DEFAULT NULL,
  `profile_pic` text,
  `social_pic` text,
  `social_id` varchar(100) DEFAULT '0' COMMENT 'fbid or googleid',
  `social_type` int(1) DEFAULT '0' COMMENT '0-regular , 1- FB , 2 - google, 3-Apple',
  `is_active` int(11) NOT NULL DEFAULT '1',
  `updated_at` varchar(100) NOT NULL,
  `created_at` varchar(100) NOT NULL,
  `reset_token` varchar(100) NOT NULL,
  `support_lang_id` text NOT NULL,
  `menu_lang_id` text NOT NULL,
  `target_lang_id` text NOT NULL,
  `os_type` int(11) NOT NULL COMMENT '1-Android, 2-ios',
  PRIMARY KEY (`user_id`)
) ENGINE=InnoDB DEFAULT CHARSET=latin1;

INSERT INTO `tbl_users` (`user_id`, `first_name`, `last_name`, `email`, `password`, `type`, `profile_pic`, `social_pic`, `social_id`, `social_type`, `is_active`, `updated_at`, `created_at`, `reset_token`, `support_lang_id`, `menu_lang_id`, `target_lang_id`, `os_type`) VALUES
(1,	'Indylan',	'admin',	'admin@gmail.com',	'e10adc3949ba59abbe56e057f20f883e',	0,	'uploads/user_profile/1594093616',	'',	'',	0,	1,	'',	'',	'',	'',	'',	'',	0),
(2,	'veronica',	'',	'veronica.gelfgren@gmail.com',	'dd38fb3413eccd44ffa929f990b1a74f',	1,	'',	'',	'',	0,	1,	'',	'',	'',	'',	'',	'',	0),
(3,	'A.Strani',	'',	'a.strani@hw.ac.uk',	'e10adc3949ba59abbe56e057f20f883e',	1,	'',	'',	'',	0,	1,	'',	'',	'',	'',	'',	'',	0),
(4,	'sofiaazo',	'',	'sofiaazo@gmail.com',	'e10adc3949ba59abbe56e057f20f883e',	1,	'',	'',	'',	0,	0,	'',	'',	'',	'',	'',	'',	0),
(42,	'Katerina Strani',	'Katerina Strani',	'a.strani@hw.ac.uk',	'1ebff2e0f10948e829ac8717b6753372',	0,	'',	'',	'0',	0,	1,	'',	'',	'',	'',	'',	'',	0),
(50,	'Inês',	'Inês',	'ines.mess@gmail.com',	'd7e50a64cda944f433d477c5b5f7daca',	0,	'',	'',	'0',	0,	1,	'',	'',	'',	'',	'',	'',	0),
(54,	'Marja H',	'Marja H',	'marjaliisa.helenius@gmail.com',	'db35412f19d7f3c5bf3f83a889657bff',	0,	'',	'',	'0',	0,	1,	'',	'',	'',	'',	'',	'',	0),
(64,	'S Naidu Naidu&',	'S Naidu Naidu&',	's.naidu@origzo.com',	'd41d8cd98f00b204e9800998ecf8427e',	0,	'uploads/user_profile/1527244464',	'',	'1940558402927671',	1,	1,	'',	'',	'',	'',	'',	'',	0),
(65,	'Orig O',	'Orig O',	'qaorig@gmail.com',	'd41d8cd98f00b204e9800998ecf8427e',	0,	'uploads/user_profile/1526283538',	'',	'111978167170874656036',	2,	1,	'',	'',	'',	'',	'',	'',	0),
(66,	'nimesh',	'patel',	'a@bc.com',	'202cb962ac59075b964b07152d234b70',	0,	'',	'',	'0',	0,	1,	'',	'',	'',	'',	'',	'',	0),
(67,	'Bhavin',	'Verma',	'qaorig1@gmail.com',	'd41d8cd98f00b204e9800998ecf8427e',	0,	'',	'https://lh6.googleusercontent.com/-sm2RalLSLeQ/AAAAAAAAAAI/AAAAAAAAEHQ/1-HOp8GJL94/photo.jpg',	'104953238285557031032',	2,	1,	'',	'',	'',	'',	'',	'',	0),
(68,	'Veronica Maria Gelfgren',	'Veronica Maria Gelfgren',	'veronica.gelfgren@gmail.com',	'd41d8cd98f00b204e9800998ecf8427e',	0,	'',	'http://graph.facebook.com/10156366540232838/picture?type=large',	'10156366540232838',	1,	1,	'',	'',	'',	'',	'',	'',	0),
(69,	'qcorig tech',	'qcorig tech',	'qcorig6@gmail.com',	'd41d8cd98f00b204e9800998ecf8427e',	0,	'uploads/user_profile/1526289844',	'',	'107057388318648724884',	2,	1,	'',	'',	'',	'',	'',	'',	0),
(70,	'test',	'test',	'test@origzo.com',	'4eae18cf9e54a0f62b44176d074cbe2f',	0,	'',	'',	'0',	0,	1,	'',	'',	'619548',	'',	'',	'',	0),
(71,	'test',	'test',	'testuser@origzo.com',	'4eae18cf9e54a0f62b44176d074cbe2f',	0,	'',	'',	'0',	0,	1,	'',	'',	'',	'',	'',	'',	0),
(72,	'Julia',	'Basjukina',	'julia@learnmera.com',	'd41d8cd98f00b204e9800998ecf8427e',	0,	'',	'https://lh3.googleusercontent.com/-BaFGMHN2gEs/AAAAAAAAAAI/AAAAAAAAAAw/hfRGZz5x68k/photo.jpg',	'116253541687535316358',	2,	1,	'',	'',	'',	'',	'',	'',	0),
(73,	'test',	'test',	'test@orig.com',	'4eae18cf9e54a0f62b44176d074cbe2f',	0,	'',	'',	'0',	0,	1,	'',	'',	'',	'',	'',	'',	0),
(74,	'Airline',	'Airline',	'test@movinglanguages.com',	'5d9c68c6c50ed3d02a2fcf54f63993b6',	0,	'',	'',	'0',	0,	1,	'',	'',	'',	'',	'',	'',	0),
(75,	'Fly Flyerson',	'Fly Flyerson',	'flyflyerson@gmail.com',	'',	0,	'',	'http://graph.facebook.com/393500124464297/picture?type=large',	'393500124464297',	1,	1,	'',	'',	'',	'',	'',	'',	0),
(76,	'Moving',	'Languages',	'movinglanguages.eu@gmail.com',	'd41d8cd98f00b204e9800998ecf8427e',	0,	'',	'https://lookaside.facebook.com/platform/profilepic/?asid=176448106516317&height=200&width=200&ext=1527772905&hash=AeTeRf1mcriO0nhs',	'176448106516317',	1,	1,	'',	'',	'',	'',	'',	'',	0),
(77,	'Nimesh patel',	'Nimesh patel',	'nimesh_811@yahoo.com',	'd41d8cd98f00b204e9800998ecf8427e',	0,	'',	'https://lookaside.facebook.com/platform/profilepic/?asid=2179983672028298&height=200&width=200&ext=1527772919&hash=AeQyM7GmIbw_kQc8',	'2179983672028298',	1,	1,	'',	'',	'',	'',	'',	'',	0),
(78,	'Yulia',	'Bazyukina',	'julia.basjukina@gmail.com',	'd41d8cd98f00b204e9800998ecf8427e',	0,	'',	'https://lookaside.facebook.com/platform/profilepic/?asid=10214518732675172&height=200&width=200&ext=1527773332&hash=AeQHxaBNH80ccYhG',	'10214518732675172',	1,	1,	'',	'',	'',	'',	'',	'',	0),
(79,	'Test',	'Test',	'test@origzo.co',	'4eae18cf9e54a0f62b44176d074cbe2f',	0,	'',	'',	'0',	0,	1,	'',	'',	'',	'',	'',	'',	0),
(80,	'ANIS PATHAN',	'ANIS PATHAN',	'anispathan1127@gmail.com',	'fc394e9935fbd62c8aedc372464e1965',	0,	'',	'',	'0',	0,	1,	'',	'',	'',	'',	'',	'',	0),
(81,	'Inas 1985',	'Inas 1985',	'inas198511@gmail.com',	'',	0,	'',	'https://lh3.googleusercontent.com/-XdUIqdMkCWA/AAAAAAAAAAI/AAAAAAAAAAA/4252rscbv5M/s200/photo.jpg',	'107072289045614508961',	2,	1,	'',	'',	'',	'',	'',	'',	0),
(82,	'bahman ahmadi',	'bahman ahmadi',	'bahman777777@gmail.com',	'',	0,	'',	'https://lh5.googleusercontent.com/-gkKRPHYFySE/AAAAAAAAAAI/AAAAAAAAAAA/AB6qoq2CJoeIkhxQ44sUd11Qs0nolLIGbA/s200/photo.jpg',	'107512357871914194183',	2,	1,	'',	'',	'',	'',	'',	'',	0),
(83,	'James Frazier',	'James Frazier',	'jgbbnnn@gmail.com',	'',	0,	'',	'https://lh5.googleusercontent.com/-B2OX3pkBeVg/AAAAAAAAAAI/AAAAAAAAASU/cKPqCjW9gww/s200/photo.jpg',	'110011472352526151062',	2,	1,	'',	'',	'',	'',	'',	'',	0),
(84,	'Carlo Di Filippo',	'Carlo Di Filippo',	'carlo.b1464@gmail.com',	'02733216f1b8853e5ee59cce12a3c39e',	0,	'',	'',	'0',	0,	1,	'',	'',	'',	'',	'',	'',	0),
(85,	'Alberto Lani',	'Alberto Lani',	'albertolani@icloud.com',	'',	0,	'',	'http://graph.facebook.com/917548745084352/picture?type=large',	'917548745084352',	1,	1,	'',	'',	'',	'',	'',	'',	0),
(86,	'Mohamed ',	'Mohamed ',	'momar@mentalhealth.org.uk',	'ed78222918069980e5b6d34e44d0b886',	0,	'',	'',	'0',	0,	1,	'',	'',	'',	'',	'',	'',	0),
(87,	'Peter Broomfield',	'Peter Broomfield',	'peter.broomfield@gmail.com',	'',	0,	'',	'http://graph.facebook.com/10156969818523268/picture?type=large',	'10156969818523268',	1,	1,	'',	'',	'',	'',	'',	'',	0),
(88,	'nguyen trunghieu',	'nguyen trunghieu',	'nghieu.no1@gmail.com',	'',	0,	'',	'https://lh5.googleusercontent.com/-TffJDQ58lao/AAAAAAAAAAI/AAAAAAAAAAA/AB6qoq3m1LmI_XRNfr8xrhWwY_fUIQQPZg/s200/photo.jpg',	'117696628263381555338',	2,	1,	'',	'',	'',	'',	'',	'',	0),
(89,	'Aurora',	'Aurora',	'aurora_sani@libero.it',	'b30a65c8c4f66371cd5140eb0250d10a',	0,	'',	'',	'0',	0,	1,	'',	'',	'',	'',	'',	'',	0),
(90,	'Kendra',	'Kendra',	'k.jaudzin@hw.ac.uk',	'84272c2b08354462c38bc4fdedd7120c',	0,	'',	'',	'0',	0,	1,	'',	'',	'',	'',	'',	'',	0),
(91,	'Yvonne',	'Mclaren',	'y.mclaren-hankin@hw.ac.uk',	'd41d8cd98f00b204e9800998ecf8427e',	0,	'',	'https://platform-lookaside.fbsbx.com/platform/profilepic/?asid=1659841194063840&height=200&width=200&ext=1528447545&hash=AeRV9dWod30nVtMD',	'1659841194063840',	1,	1,	'',	'',	'',	'',	'',	'',	0),
(92,	'Eva Hanna',	'Eva Hanna',	'Eva.d.hanna@gmail.com',	'7ae3262d1af974e3df0b5cb9a629fe9d',	0,	'',	'',	'0',	0,	1,	'',	'',	'',	'',	'',	'',	0),
(93,	'Michela',	'Ferraraccio',	'michela.ferraraccio@gmail.com',	'd41d8cd98f00b204e9800998ecf8427e',	0,	'',	'https://lh3.googleusercontent.com/-i7UYKsZASk0/AAAAAAAAAAI/AAAAAAAAvw0/M0iW-8Qg2Ok/photo.jpg',	'109545712994895468791',	2,	1,	'',	'',	'',	'',	'',	'',	0),
(94,	'Jaime',	'Jaime',	'jaimeqf95@gmail.com',	'e10adc3949ba59abbe56e057f20f883e',	0,	'',	'',	'0',	0,	1,	'',	'',	'',	'',	'',	'',	0),
(95,	'Olga',	'Vital',	'olgavittal@googlemail.com',	'd41d8cd98f00b204e9800998ecf8427e',	0,	'',	'https://lh4.googleusercontent.com/-PbesAnXwE1w/AAAAAAAAAAI/AAAAAAAAAI4/IDxeF1ShS4g/photo.jpg',	'116113039762446505336',	2,	1,	'',	'',	'',	'',	'',	'',	0),
(96,	'Nick',	'Nick',	'nikosk89@gmail.com',	'ee45fc9870d9c29625f0637f40b21b12',	0,	'',	'',	'0',	0,	1,	'',	'',	'',	'',	'',	'',	0),
(97,	'sofian',	'sofian',	'sodian014@gmail.com',	'030c6bf83ff50c6db80218e99d0c9b18',	0,	'',	'',	'0',	0,	1,	'',	'',	'',	'',	'',	'',	0),
(98,	'Mathilde',	'Mathilde',	'thilda_mp@hotmail.com',	'aaba62784f5fe0c2f1a4b8fd8425c91b',	0,	'',	'',	'0',	0,	1,	'',	'',	'',	'',	'',	'',	0),
(99,	'Ariel Moolman',	'Ariel Moolman',	'ariel.moolman84@gmail.com',	'ff3353a38f04efb1dad2c75839cf65ad',	0,	'',	'',	'0',	0,	1,	'',	'',	'',	'',	'',	'',	0),
(100,	'gaia',	'gaia',	'gaiabosello@gmail.com',	'e1bb74e4b990396b0eb341a70adaf295',	0,	'',	'',	'0',	0,	1,	'',	'',	'',	'',	'',	'',	0),
(101,	'Nicola',	'Nicola',	'nb199@hw.ac.uk',	'5f4dcc3b5aa765d61d8327deb882cf99',	0,	'',	'',	'0',	0,	1,	'',	'',	'',	'',	'',	'',	0),
(102,	'Stefania',	'Stefania',	'stefania.cossu92@gmail.com',	'33311010ede3dcfdd5657cab08e952c7',	0,	'',	'',	'0',	0,	1,	'',	'',	'',	'',	'',	'',	0),
(103,	'Chrissa',	'Koun',	'chrisa114@gmail.com',	'd41d8cd98f00b204e9800998ecf8427e',	0,	'',	'https://lh4.googleusercontent.com/-R0EgQ70bEfo/AAAAAAAAAAI/AAAAAAAAAds/xzuwMWrSwLg/photo.jpg',	'109009810609720689108',	2,	1,	'',	'',	'',	'',	'',	'',	0),
(104,	'viola',	'viola',	'viola.prussiani@gmail.com',	'cd78e0e21dd9a5c362189699e5520630',	0,	'',	'',	'0',	0,	1,	'',	'',	'',	'',	'',	'',	0),
(105,	'cristina',	'cristina',	'cristie_cv@yahoo.com',	'b57e405bb4af4f36dc95a41f2b29687d',	0,	'',	'',	'0',	0,	1,	'',	'',	'',	'',	'',	'',	0),
(106,	'valentina',	'valentina',	'vale.casicci@gmail.com',	'2d8aa433fd9bdd67ba275a4f32f494e4',	0,	'',	'',	'0',	0,	1,	'',	'',	'',	'',	'',	'',	0),
(107,	'Debora Guerra',	'Debora Guerra',	'debora23600@gmail.com',	'1735143c731a2612331c49f700cc309c',	0,	'',	'',	'0',	0,	1,	'',	'',	'',	'',	'',	'',	0),
(108,	'Maira Saltarelli',	'Maira Saltarelli',	'mairasaltarelli@gmail.com',	'',	0,	'',	'http://graph.facebook.com/2853054138060590/picture?type=large',	'2853054138060590',	1,	1,	'',	'',	'',	'',	'',	'',	0),
(109,	'Eric Gelfgren',	'Eric Gelfgren',	'eric@gelfgren.com',	'',	0,	'',	'http://graph.facebook.com/2033056163436222/picture?type=large',	'2033056163436222',	1,	1,	'',	'',	'',	'',	'',	'',	0),
(110,	'Itxaso',	'Itxaso',	'itxaso.elizondo@gmail.com',	'0a22b6e949990069278d2b36ed386352',	0,	'',	'',	'0',	0,	1,	'',	'',	'',	'',	'',	'',	0),
(111,	'Alessandro',	'Alessandro',	'alessandro.negri70@gmail.com',	'7ad5d019e32fe1d06121fa84daff3d71',	0,	'',	'',	'0',	0,	1,	'',	'',	'',	'',	'',	'',	0),
(112,	'Rachele Cangiotti',	'Rachele Cangiotti',	'rackcangio@hotmail.it',	'a2f8ca0ee0e09a69421278b80759dc35',	0,	'',	'',	'0',	0,	1,	'',	'',	'',	'',	'',	'',	0),
(113,	'Camilla',	'Å. Grennborg',	'grennborg3@hotmail.com',	'd41d8cd98f00b204e9800998ecf8427e',	0,	'',	'https://platform-lookaside.fbsbx.com/platform/profilepic/?asid=1968957189846047&height=200&width=200&ext=1528709577&hash=AeRxXhUwM_jqzf25',	'1968957189846047',	1,	1,	'',	'',	'',	'',	'',	'',	0),
(114,	'Bilal Aksi',	'Bilal Aksi',	'bilal_aksi@hotmail.co.uk',	'258ecc49a22f5ee8ec54360e7d4f2146',	0,	'',	'',	'0',	0,	1,	'',	'',	'',	'',	'',	'',	0),
(115,	'Prof. Claudia Angelelli',	'Prof. Claudia Angelelli',	'c.angelelli@hw.ac.uk',	'9385ac0f882d37196e7d61a39982049f',	0,	'',	'',	'0',	0,	1,	'',	'',	'',	'',	'',	'',	0),
(116,	'Caitlín Carty',	'Caitlín Carty',	'caitlin.carty@ntlworld.com',	'',	0,	'',	'http://graph.facebook.com/2200538033296346/picture?type=large',	'2200538033296346',	1,	1,	'',	'',	'',	'',	'',	'',	0),
(117,	'Eva-Maria Schnelten',	'Eva-Maria Schnelten',	'eva_schnelten89@yahoo.de',	'',	0,	'',	'http://graph.facebook.com/10215700760209765/picture?type=large',	'10215700760209765',	1,	1,	'',	'',	'',	'',	'',	'',	0),
(118,	'valeria',	'valeria',	'marchionnivaleria@gmail.com',	'80bee292d8504d2f77b6d3e1521f939d',	0,	'',	'',	'0',	0,	1,	'',	'',	'',	'',	'',	'',	0),
(119,	'Elisabeth Holm',	'Elisabeth Holm',	'ehnicmohr@gmail.com',	'5380c1d751e324fdf719ef05996920e1',	0,	'',	'',	'0',	0,	1,	'',	'',	'',	'',	'',	'',	0),
(120,	'Lilja',	'Lilja',	'lilja.holm.mortensen@hotmail.co.uk',	'a7b5caacb6834fccbeccaabfa7b9217b',	0,	'',	'',	'0',	0,	1,	'',	'',	'',	'',	'',	'',	0),
(121,	'Ghithan',	'Ghithan',	'Ghithan-us@hotmail.com',	'98e5ee55f36bc18c253d3b79b183a54d',	0,	'',	'',	'0',	0,	1,	'',	'',	'',	'',	'',	'',	0),
(122,	'Rohini',	's',	'rohini19945@gmail.com',	'd41d8cd98f00b204e9800998ecf8427e',	0,	'',	'https://lh6.googleusercontent.com/-bcrvW1k-us8/AAAAAAAAAAI/AAAAAAAABCg/TPqMw3vYIvw/photo.jpg',	'101150355432118834815',	2,	1,	'',	'',	'',	'',	'',	'',	0),
(123,	'Allen Van Esteban',	'Allen Van Esteban',	'allenvanae28@gmail.com',	'3eaa8dd26e0991f35263e31d8cfc3080',	0,	'',	'',	'0',	0,	1,	'',	'',	'',	'',	'',	'',	0),
(124,	'Rodney Jefferson',	'Rodney Jefferson',	'rodjeff1971@gmail.com',	'',	0,	'',	'https://lh5.googleusercontent.com/-eBqMc4BjKeo/AAAAAAAAAAI/AAAAAAAAAAA/AB6qoq3G9Z8QSjWDZ_88hffCzh6ea4dBsg/s200/photo.jpg',	'115730753792995418594',	2,	1,	'',	'',	'',	'',	'',	'',	0),
(125,	'Katie',	'Katie',	'katfitz37@hotmail.com',	'2cf1a0d0eb83a68173e96e9b3be75a10',	0,	'',	'',	'0',	0,	1,	'',	'',	'',	'',	'',	'',	0),
(126,	'e',	'e',	'elena.amaya@gmail.com',	'e7af35d904875a32a57ae37f141a031a',	0,	'',	'',	'0',	0,	1,	'',	'',	'',	'',	'',	'',	0),
(127,	'Lilla Kovacsova',	'Lilla Kovacsova',	'lillakovacsova@gmail.com',	'9b33f5f69be976eadb8cacff8999ede0',	0,	'',	'',	'0',	0,	1,	'',	'',	'',	'',	'',	'',	0),
(128,	'Sandra',	'Sandra',	'sandralia87@gmail.com',	'295fa9974fb304687ef1f80a02728b1e',	0,	'',	'',	'0',	0,	1,	'',	'',	'',	'',	'',	'',	0),
(129,	'Francesca',	'D\'Angelo',	'francesca_dangelo@alice.it',	'd41d8cd98f00b204e9800998ecf8427e',	0,	'',	'https://platform-lookaside.fbsbx.com/platform/profilepic/?asid=1067991533374682&height=200&width=200&ext=1529328338&hash=AeTOSkYbXUvzWL7N',	'1067991533374682',	1,	1,	'',	'',	'',	'',	'',	'',	0),
(130,	'korosh',	'korosh',	'koroshvahdanirad@gmail.com',	'd3e409db3324d98cb2580a985e0ec658',	0,	'',	'',	'0',	0,	1,	'',	'',	'',	'',	'',	'',	0),
(131,	'Ale',	'Mineral',	'alessiofalsone.psy@gmail.com',	'd41d8cd98f00b204e9800998ecf8427e',	0,	'',	'https://platform-lookaside.fbsbx.com/platform/profilepic/?asid=10216389364953011&height=200&width=200&ext=1529427239&hash=AeQ2o5yfAqAQonlL',	'10216389364953011',	1,	1,	'',	'',	'',	'',	'',	'',	0),
(132,	'Dev',	'Chouhan',	'dd4484742115@gmail.com',	'd41d8cd98f00b204e9800998ecf8427e',	0,	'',	'https://platform-lookaside.fbsbx.com/platform/profilepic/?asid=159600594898190&height=200&width=200&ext=1529501510&hash=AeTcmLue8i-Sz0bv',	'159600594898190',	1,	1,	'',	'',	'',	'',	'',	'',	0),
(133,	'Joe',	'Mckellar',	'joemckellar96@outlook.com',	'd41d8cd98f00b204e9800998ecf8427e',	0,	'',	'https://platform-lookaside.fbsbx.com/platform/profilepic/?asid=668294683527812&height=200&width=200&ext=1529676012&hash=AeTzKo5d96BBqRkf',	'668294683527812',	1,	1,	'',	'',	'',	'',	'',	'',	0),
(134,	'Adam Williamson',	'Adam Williamson',	'wadamski@sky.com',	'',	0,	'',	'http://graph.facebook.com/2269157263101911/picture?type=large',	'2269157263101911',	1,	1,	'',	'',	'',	'',	'',	'',	0),
(135,	'Cristina',	'Guerrero Garcia',	'pinche_cris@hotmail.com',	'd41d8cd98f00b204e9800998ecf8427e',	0,	'',	'https://platform-lookaside.fbsbx.com/platform/profilepic/?asid=10156062138336077&height=200&width=200&ext=1529762345&hash=AeTR7isP2MMHh5SL',	'10156062138336077',	1,	1,	'',	'',	'',	'',	'',	'',	0),
(136,	'Fei',	'Fei',	'lf19960920@163.com',	'e99a18c428cb38d5f260853678922e03',	0,	'',	'',	'0',	0,	1,	'',	'',	'',	'',	'',	'',	0),
(137,	'Maria lucia tejada',	'Maria lucia tejada',	'mlt2@hw.ac.uk',	'249121ddf13244bfd1d7b139cbab13c9',	0,	'',	'',	'0',	0,	1,	'',	'',	'',	'',	'',	'',	0),
(138,	'Lingyi Yang',	'Lingyi Yang',	'yanglingyi8023@gmail.com',	'',	0,	'',	'https://lh3.googleusercontent.com/-fsTvICAvx4E/AAAAAAAAAAI/AAAAAAAAAAA/AB6qoq2u1NBjZ_mP75R8ZP85D-ueLvHzJQ/s200/photo.jpg',	'110111151075948310261',	2,	1,	'',	'',	'',	'',	'',	'',	0),
(139,	'Zard',	'Zard',	'406474424@qq.con',	'39ffba45254aff35da80ae644a2cb523',	0,	'',	'',	'0',	0,	1,	'',	'',	'',	'',	'',	'',	0),
(140,	'jc131',	'jc131',	'caojinghuae@163.com',	'132554496eedb5cc14137b339163b100',	0,	'',	'',	'0',	0,	1,	'',	'',	'',	'',	'',	'',	0),
(141,	'George',	'George',	'907887918@qq.com',	'e4d85ec8e8298bfbea3be3e72c41325a',	0,	'',	'',	'0',	0,	1,	'',	'',	'',	'',	'',	'',	0),
(142,	'Barry Barney',	'Barry Barney',	'barneysbull@hotmail.co.uk',	'64268b874d190269180763f16a27deb9',	0,	'',	'',	'0',	0,	1,	'',	'',	'',	'',	'',	'',	0),
(143,	'Ryan',	'Ryan',	'rtc316@163.com',	'592a85f26b6bcc1adb8f8ed0bc340b68',	0,	'',	'',	'0',	0,	1,	'',	'',	'',	'',	'',	'',	0),
(144,	'Sally',	'Sally',	'sallyfql@163.com',	'0741f20d61a30f63cbd2eefed3d05185',	0,	'',	'',	'0',	0,	1,	'',	'',	'',	'',	'',	'',	0),
(145,	'Tanya Rhodes',	'Tanya Rhodes',	'tdmclellan@hotmail.com',	'',	0,	'',	'http://graph.facebook.com/10157610146629691/picture?type=large',	'10157610146629691',	1,	1,	'',	'',	'',	'',	'',	'',	0),
(146,	'Jimmy Jenkins',	'Jimmy Jenkins',	'foots10@hotmail.com',	'',	0,	'',	'http://graph.facebook.com/1850019401958666/picture?type=large',	'1850019401958666',	1,	1,	'',	'',	'',	'',	'',	'',	0),
(147,	'JeanLyu',	'JeanLyu',	'435617581@qq.com',	'462fdf005bcc49912a030c053c34e423',	0,	'',	'',	'0',	0,	1,	'',	'',	'',	'',	'',	'',	0),
(148,	'huiqin',	'huiqin',	'hz47@hw.ac.uk',	'abf0ec7e667380f7976189fad249a178',	0,	'',	'',	'0',	0,	1,	'',	'',	'',	'',	'',	'',	0),
(149,	'Chris Robertson',	'Chris Robertson',	'chris.robertson@fusydost.nu',	'',	0,	'',	'https://lh4.googleusercontent.com/-9WsfppJg1wM/AAAAAAAAAAI/AAAAAAAAAAA/AB6qoq2wG8X0aBiCPPSutv35bCyeHFO08Q/s200/photo.jpg',	'103852368988547427612',	2,	1,	'',	'',	'',	'',	'',	'',	0),
(150,	'Heyam',	'Heyam',	'mahmoudkanoun@hotmail.com',	'd41d8cd98f00b204e9800998ecf8427e',	0,	'',	'https://platform-lookaside.fbsbx.com/platform/profilepic/?asid=626627711047056&height=200&width=200&ext=1530193072&hash=AeRrRUxsLhc6sp6J',	'626627711047056',	1,	1,	'',	'',	'',	'',	'',	'',	0),
(151,	'Mahmoud',	'Mahmoud',	'mahmoud.kanoun@fusydost.nu',	'30dec352c627b69ed535fa340697b3aa',	0,	'',	'',	'0',	0,	1,	'',	'',	'',	'',	'',	'',	0),
(152,	'Turgut Enc',	'Turgut Enc',	'che1854@hotmail.com',	'',	0,	'',	'http://graph.facebook.com/10156201439827911/picture?type=large',	'10156201439827911',	1,	1,	'',	'',	'',	'',	'',	'',	0),
(153,	'khalil',	'khalil',	'kh_hk_2200@yahoo.com',	'dae0c4aecb4b355e746ec4a1b9739004',	0,	'',	'',	'0',	0,	1,	'',	'',	'',	'',	'',	'',	0),
(154,	'ahmad',	'jifry',	'ahmad.jifry@gmail.com',	'd41d8cd98f00b204e9800998ecf8427e',	0,	'',	'https://lh6.googleusercontent.com/-ltTcMQLGFkk/AAAAAAAAAAI/AAAAAAAABuU/Z7TTra8mTBM/photo.jpg',	'115040056796275352226',	2,	1,	'',	'',	'',	'',	'',	'',	0),
(155,	'Samir Ibrahim',	'Samir Ibrahim',	'smowy90@gmail.com',	'',	0,	'',	'https://lh6.googleusercontent.com/-gELY4_1SXsk/AAAAAAAAAAI/AAAAAAAAAAA/AB6qoq2qZwgFTFGF9L85l4Q2IhhQ02VsJg/s200/photo.jpg',	'102759039570810310299',	2,	1,	'',	'',	'',	'',	'',	'',	0),
(156,	'Evi',	'Nerantzi',	'evi.ner@hotmail.com',	'd41d8cd98f00b204e9800998ecf8427e',	0,	'',	'https://platform-lookaside.fbsbx.com/platform/profilepic/?asid=1709508749102233&height=200&width=200&ext=1530296967&hash=AeScAouJNl5jcaiD',	'1709508749102233',	1,	1,	'',	'',	'',	'',	'',	'',	0),
(157,	'xuyun',	'xuyun',	'396575913@qq.con',	'f9d9bf8aef34bcfc84cfddda0282c0bc',	0,	'',	'',	'0',	0,	1,	'',	'',	'',	'',	'',	'',	0),
(158,	'k',	'k',	'kadsweet1@gmail.com',	'1c63129ae9db9c60c3e8aa94d3e00495',	0,	'',	'',	'0',	0,	1,	'',	'',	'',	'',	'',	'',	0),
(159,	'ZhangLiqun',	'ZhangLiqun',	'zhangliquinn@qq.com',	'6fd2ffa17243858883dd525e060d0f6a',	0,	'',	'',	'0',	0,	1,	'',	'',	'',	'',	'',	'',	0),
(160,	'Xu Lu',	'Xu Lu',	'njuxulu0212@126.com',	'305576ff961a5df07238d23ad3b6edce',	0,	'',	'',	'0',	0,	1,	'',	'',	'',	'',	'',	'',	0),
(161,	'Rajiv Dyal',	'Rajiv Dyal',	'rajivdyal677@gmail.com',	'f78640a9690358887a90f100125931ea',	0,	'',	'',	'0',	0,	1,	'',	'',	'',	'',	'',	'',	0),
(162,	'Harriet Wood',	'Harriet Wood',	'strictlyhabs@gmail.com',	'6ee8d161059ef1a641997f3c7fb7ffd6',	0,	'',	'',	'0',	0,	1,	'',	'',	'',	'',	'',	'',	0),
(163,	'Sherry',	'Sherry',	'sherrywyqmaomao@gmail.com',	'eabe82bb5b14fe262a3371274527d0e3',	0,	'',	'',	'0',	0,	1,	'',	'',	'',	'',	'',	'',	0),
(164,	'Korn',	'Passko',	'passko18@gmail.com',	'd41d8cd98f00b204e9800998ecf8427e',	0,	'',	'https://platform-lookaside.fbsbx.com/platform/profilepic/?asid=958706330963803&height=200&width=200&ext=1530861746&hash=AeRrGmDOK6yQ4rIE',	'958706330963803',	1,	1,	'',	'',	'',	'',	'',	'',	0),
(165,	'Garmian taha',	'Garmian taha',	'Garmian_taha@yahoo.com',	'e6129f54caa75f227a9be02e9d5a7b09',	0,	'',	'',	'0',	0,	1,	'',	'',	'',	'',	'',	'',	0),
(166,	'ml107',	'ml107',	'ml107@hw.ac.uk',	'7fe71964afcd46435c24bf19d1520b57',	0,	'',	'',	'0',	0,	1,	'',	'',	'',	'',	'',	'',	0),
(167,	'Farhan Ahamed',	'Mijan',	'mijanahamed55566@gmail.com',	'd41d8cd98f00b204e9800998ecf8427e',	0,	'',	'https://platform-lookaside.fbsbx.com/platform/profilepic/?asid=223798231769789&height=200&width=200&ext=1531062014&hash=AeR-kiZ4rLdCWtvN',	'223798231769789',	1,	1,	'',	'',	'',	'',	'',	'',	0),
(168,	'imad',	'imad',	'imadsverige@hotmail.com',	'a0753f4b2d35ccf06c37aefddacf6d14',	0,	'',	'',	'0',	0,	1,	'',	'',	'',	'',	'',	'',	0),
(169,	'Zhekun',	'Zhekun',	'346272115@qq.com',	'a9f6e45e7bfc3171df994f8e9b391261',	0,	'',	'',	'0',	0,	1,	'',	'',	'',	'',	'',	'',	0),
(170,	'Ata',	'Karim',	'parsendow@gmail.com',	'd41d8cd98f00b204e9800998ecf8427e',	0,	'',	'https://platform-lookaside.fbsbx.com/platform/profilepic/?asid=1816982048397966&height=200&width=200&ext=1531477671&hash=AeSZFKVEt-7j2Yz-',	'1816982048397966',	1,	1,	'',	'',	'',	'',	'',	'',	0),
(171,	'Tord Hansson',	'Tord Hansson',	'tordstefanhansson@gmail.com',	'ec9e2590ba1d79443f54898335d9ef22',	0,	'',	'',	'0',	0,	1,	'',	'',	'',	'',	'',	'',	0),
(172,	'HW',	'Stewart',	'daniel.stewart@hw.ac.uk',	'd41d8cd98f00b204e9800998ecf8427e',	0,	'',	'https://platform-lookaside.fbsbx.com/platform/profilepic/?asid=475596676247032&height=200&width=200&ext=1531579610&hash=AeSpcdagWv7Fbb9B',	'475596676247032',	1,	1,	'',	'',	'',	'',	'',	'',	0),
(173,	'Gabi',	'Ogulin Po?rvina',	'gabi_ogulin@yahoo.com',	'd41d8cd98f00b204e9800998ecf8427e',	0,	'',	'https://platform-lookaside.fbsbx.com/platform/profilepic/?asid=2105549669703966&height=200&width=200&ext=1531585416&hash=AeRlbdaybL33SFd5',	'2105549669703966',	1,	1,	'',	'',	'',	'',	'',	'',	0),
(174,	'Jiayu Zhang',	'Jiayu Zhang',	'jz56@hw.ac.uk',	'a2b6525ba77c1d56b614cf0a25f098de',	0,	'',	'',	'0',	0,	1,	'',	'',	'',	'',	'',	'',	0),
(175,	'Diana',	'Diana',	'dianalugo16@gmail.com',	'23ce8fe6e0d27773cfe321096811edec',	0,	'',	'',	'0',	0,	1,	'',	'',	'',	'',	'',	'',	0),
(176,	'Ari Ali',	'Ari Ali',	'kamaranorzy@yahoo.com',	'',	0,	'',	'http://graph.facebook.com/2506195876072718/picture?type=large',	'2506195876072718',	1,	1,	'',	'',	'',	'',	'',	'',	0),
(177,	'ramyrefat',	'ramyrefat',	'ramyrefat1983@gmail.com',	'93ea38d7c2e7b486e85a85e9e1de9511',	0,	'',	'',	'0',	0,	1,	'',	'',	'',	'',	'',	'',	0),
(178,	'Alan',	'Jaf',	'alanjaff3@yahoo.co.uk',	'd41d8cd98f00b204e9800998ecf8427e',	0,	'',	'https://platform-lookaside.fbsbx.com/platform/profilepic/?asid=2026425037391433&height=200&width=200&ext=1532189176&hash=AeQXLQN8WwPhyMx6',	'2026425037391433',	1,	1,	'',	'',	'',	'',	'',	'',	0),
(179,	'Rachel Brogan',	'Rachel Brogan',	'rachelb3012@hotmail.co.uk',	'',	0,	'',	'http://graph.facebook.com/10213021415752305/picture?type=large',	'10213021415752305',	1,	1,	'',	'',	'',	'',	'',	'',	0),
(180,	'Haris Metaxa',	'Haris Metaxa',	'hmetaxa@yahoo.com',	'',	0,	'',	'http://graph.facebook.com/10155433072361160/picture?type=large',	'10155433072361160',	1,	1,	'',	'',	'',	'',	'',	'',	0),
(181,	'Alison Henry',	'Alison Henry',	'ah78@hw.ac.uk',	'29277cf59a71491419f458e58ff70519',	0,	'',	'',	'0',	0,	1,	'',	'',	'',	'',	'',	'',	0),
(182,	'ramon',	'ramon',	'raorfer3@gmail.com',	'83ee6e1578bea7624d8d550e224d316f',	0,	'',	'',	'0',	0,	1,	'',	'',	'',	'',	'',	'',	0),
(183,	'Marilisa',	'Marilisa',	'mdolci23@gmail.com',	'0aefa1a2621fd4d44d17a980834ea494',	0,	'',	'',	'0',	0,	1,	'',	'',	'',	'',	'',	'',	0),
(184,	'Graeme',	'Graeme',	'graeme_low@hotmail.co.uk',	'ca07f2c69ea58bd7d83bc1df8a9bbdef',	0,	'',	'',	'0',	0,	1,	'',	'',	'',	'',	'',	'',	0),
(185,	'Daniel Ridley-Ellis',	'Daniel Ridley-Ellis',	'danridleyellis@hotmail.com',	'f23cf72db64cdfbdf65e8e47903f61c8',	0,	'',	'',	'0',	0,	1,	'',	'',	'',	'',	'',	'',	0),
(186,	'Anestis',	'Papageorgiou',	'anestispapgr@yahoo.gr',	'd41d8cd98f00b204e9800998ecf8427e',	0,	'',	'https://platform-lookaside.fbsbx.com/platform/profilepic/?asid=10156501158864183&height=200&width=200&ext=1532224471&hash=AeTZlRPezirnByba',	'10156501158864183',	1,	1,	'',	'',	'',	'',	'',	'',	0),
(187,	'Charlotte Clark',	'Charlotte Clark',	'charlotteclark7@outlook.com',	'4b7580ee5091864d7e72d6e611ef2efa',	0,	'',	'',	'0',	0,	1,	'',	'',	'',	'',	'',	'',	0),
(188,	'Kakia',	'Lingi',	'kakia79@hotmail.com',	'd41d8cd98f00b204e9800998ecf8427e',	0,	'',	'https://platform-lookaside.fbsbx.com/platform/profilepic/?asid=1770630309639349&height=200&width=200&ext=1532278953&hash=AeTWxYPQM7zPYOIm',	'1770630309639349',	1,	1,	'',	'',	'',	'',	'',	'',	0),
(189,	'Irina Mattson',	'Irina Mattson',	'irishka77@hotmail.com',	'',	0,	'uploads/user_profile/1532037824',	'',	'10155540042486190',	1,	1,	'',	'',	'',	'',	'',	'',	0),
(190,	'Hugh Rose',	'Hugh Rose',	'hrose04@googlemail.com',	'',	0,	'',	'https://lh4.googleusercontent.com/-_IzzW4GmQ38/AAAAAAAAAAI/AAAAAAAAAAA/AAnnY7pORb4am70SDClU8L4vdX5nxCq36A/s200/photo.jpg',	'117893994455215871201',	2,	1,	'',	'',	'',	'',	'',	'',	0),
(191,	'Irene',	'Gassín',	'irenegassin95@gmail.com',	'd41d8cd98f00b204e9800998ecf8427e',	0,	'',	'https://platform-lookaside.fbsbx.com/platform/profilepic/?asid=2188223081392321&height=200&width=200&ext=1532333689&hash=AeSbyGdQ9mZ5m0Le',	'2188223081392321',	1,	1,	'',	'',	'',	'',	'',	'',	0),
(192,	'Gavin Darroch',	'Gavin Darroch',	'gavin.darroch@googlemail.com',	'',	0,	'',	'http://graph.facebook.com/2224249140949126/picture?type=large',	'2224249140949126',	1,	1,	'',	'',	'',	'',	'',	'',	0),
(193,	'Kaotic',	'Taurus',	'playfulpleasure@live.com',	'd41d8cd98f00b204e9800998ecf8427e',	0,	'',	'https://platform-lookaside.fbsbx.com/platform/profilepic/?asid=10211787327898782&height=200&width=200&ext=1532392513&hash=AeRqkHEvvsi2xeRY',	'10211787327898782',	1,	1,	'',	'',	'',	'',	'',	'',	0),
(194,	'Maxim',	'Narymbetov',	'mnarymbetov@gmail.com',	'd41d8cd98f00b204e9800998ecf8427e',	0,	'',	'https://platform-lookaside.fbsbx.com/platform/profilepic/?asid=10216367922140946&height=200&width=200&ext=1532465164&hash=AeT99ndM_TnPRj6e',	'10216367922140946',	1,	1,	'',	'',	'',	'',	'',	'',	0),
(195,	'paul',	'paul',	'paul.player1@gmail.com',	'd94b209552714b6947ad8f1cddbc43cb',	0,	'',	'',	'0',	0,	1,	'',	'',	'',	'',	'',	'',	0),
(196,	'Leyre',	'Leyre',	'sismint@hotmail.com',	'79fedd398e807c97168e129469950441',	0,	'',	'',	'0',	0,	1,	'',	'',	'',	'',	'',	'',	0),
(197,	'Pippa',	'Pippa',	'pippa.gm@hotmail.com',	'1204b125d90e7a04c1601774721386eb',	0,	'',	'',	'0',	0,	1,	'',	'',	'',	'',	'',	'',	0),
(198,	'Kostas Stranis',	'Kostas Stranis',	'kstranis@gmail.com',	'4dcf435435894a4d0972046fc566af76',	0,	'',	'',	'0',	0,	1,	'',	'',	'',	'',	'',	'',	0),
(199,	'Athena',	'Anastasiadou',	'athenaanastasiadou@yahoo.com',	'd41d8cd98f00b204e9800998ecf8427e',	0,	'',	'https://platform-lookaside.fbsbx.com/platform/profilepic/?asid=10215940956547430&height=200&width=200&ext=1535269037&hash=AeSuLEepSNBav8xI',	'10215940956547430',	1,	1,	'',	'',	'',	'',	'',	'',	0),
(200,	'Nicolas Georgiadis',	'Nicolas Georgiadis',	'nick82gr@yahoo.com',	'',	0,	'',	'http://graph.facebook.com/10217168642909429/picture?type=large',	'10217168642909429',	1,	1,	'',	'',	'',	'',	'',	'',	0),
(201,	'Hugh',	'Hugh',	'hugh.prior@skynet.be',	'aeb88c15820f70e759d93b587fb20229',	0,	'',	'',	'0',	0,	1,	'',	'',	'',	'',	'',	'',	0),
(202,	'Katrin',	'Katrin',	'l.katrin66@gmail.com',	'0e93f5b2cf93f2aa135906c9b301fec3',	0,	'',	'',	'0',	0,	1,	'',	'',	'',	'',	'',	'',	0),
(203,	'toni',	'toni',	'langakennet@gmail.com',	'58491fbff5a96062e125cb6fd1f67d37',	0,	'',	'',	'0',	0,	1,	'',	'',	'',	'',	'',	'',	0),
(204,	'Paula',	'Sousa',	'paulasousa@hotmail.com',	'd41d8cd98f00b204e9800998ecf8427e',	0,	'',	'https://platform-lookaside.fbsbx.com/platform/profilepic/?asid=10214075607577093&height=200&width=200&ext=1535272940&hash=AeSkC3SzScHlmCGW',	'10214075607577093',	1,	1,	'',	'',	'',	'',	'',	'',	0),
(205,	'Luca',	'Luke',	'hejppa@teletu.it',	'd41d8cd98f00b204e9800998ecf8427e',	0,	'',	'https://platform-lookaside.fbsbx.com/platform/profilepic/?asid=10156607482824837&height=200&width=200&ext=1535283281&hash=AeRxPBAPYIlQcKXU',	'10156607482824837',	1,	1,	'',	'',	'',	'',	'',	'',	0),
(206,	'Ceper Cehel',	'de Albuñol',	'cepercehel@gmail.com',	'd41d8cd98f00b204e9800998ecf8427e',	0,	'',	'https://platform-lookaside.fbsbx.com/platform/profilepic/?asid=1867245633314568&height=200&width=200&ext=1535290838&hash=AeTzbkBZ3sLA0JtM',	'1867245633314568',	1,	1,	'',	'',	'',	'',	'',	'',	0),
(207,	'BooRim?BooRim?',	'BooRim?BooRim?',	'burimprud.ph@gmail.com',	'9fad82ce1d586fdd6e4a409960a8630b',	0,	'',	'',	'0',	0,	1,	'',	'',	'',	'',	'',	'',	0),
(208,	'Sandy',	'Sandy',	'stsoto@utmachala.edu.ec',	'3a0a20b214cb445cfc69a70d5c7a65df',	0,	'',	'',	'0',	0,	1,	'',	'',	'',	'',	'',	'',	0),
(209,	'Simona',	'Simulyte',	'office@europe-institute.com',	'd41d8cd98f00b204e9800998ecf8427e',	0,	'',	'https://platform-lookaside.fbsbx.com/platform/profilepic/?asid=10213715470693369&height=200&width=200&ext=1535348904&hash=AeSvDXPhIm6tItFR',	'10213715470693369',	1,	1,	'',	'',	'',	'',	'',	'',	0),
(210,	'Pedro Torralba',	'Pedro Torralba',	'pedro.torralba@gmail.com',	'49df463453ac33f3de3fb58b0328d07b',	0,	'',	'',	'0',	0,	1,	'',	'',	'',	'',	'',	'',	0),
(211,	'robert',	'robert',	'glic@mac.com',	'244e3dc9ae7e7539a84ed5f6156cf34b',	0,	'',	'',	'0',	0,	1,	'',	'',	'',	'',	'',	'',	0),
(212,	'Nicole',	'Grund',	'niikki1@web.de',	'd41d8cd98f00b204e9800998ecf8427e',	0,	'',	'https://platform-lookaside.fbsbx.com/platform/profilepic/?asid=10216339917478636&height=200&width=200&ext=1535458137&hash=AeQ-BU6bACNZDWxa',	'10216339917478636',	1,	1,	'',	'',	'',	'',	'',	'',	0),
(213,	'Guðfinna Harðardóttir',	'Guðfinna Harðardóttir',	'gudfinnahardar@gmail.com',	'',	0,	'',	'https://lh3.googleusercontent.com/-OQE_HpiaLP0/AAAAAAAAAAI/AAAAAAAAAmw/eRYRmn0Jik0/s200/photo.jpg',	'109372971227771875041',	2,	1,	'',	'',	'',	'',	'',	'',	0),
(214,	'Orla Casey',	'Orla Casey',	'orla@momentumconsulting.ie',	'',	0,	'',	'http://graph.facebook.com/10215964841015077/picture?type=large',	'10215964841015077',	1,	1,	'',	'',	'',	'',	'',	'',	0),
(215,	'Petra',	'Petra',	'petra.hauser@liwest.at',	'73de9caca92236fac36b941116907214',	0,	'',	'',	'0',	0,	1,	'',	'',	'',	'',	'',	'',	0),
(216,	'Thomas Haus',	'Thomas Haus',	'hausi_2000@gmx.at',	'a09a3d6be6bd7a6d4f1988bf62778218',	0,	'',	'',	'0',	0,	1,	'',	'',	'',	'',	'',	'',	0),
(217,	'Mohamed Rifton',	'Mohamed Rifton',	'mohamed.rifton.mohamed@hotmail.com',	'',	0,	'',	'http://graph.facebook.com/2154385361511041/picture?type=large',	'2154385361511041',	1,	1,	'',	'',	'',	'',	'',	'',	0),
(218,	'Marwan',	'Marwan',	'maburous@gmail.com',	'ea3470f8a5615ecd7102505376e25657',	0,	'',	'',	'0',	0,	1,	'',	'',	'',	'',	'',	'',	0),
(219,	'Karim Roumih',	'Karim Roumih',	'kareembutton@yahoo.com',	'',	0,	'',	'http://graph.facebook.com/2194201883926531/picture?type=large',	'2194201883926531',	1,	1,	'',	'',	'',	'',	'',	'',	0),
(220,	'Maria',	'Burukhina',	'maroussya@gmail.com',	'd41d8cd98f00b204e9800998ecf8427e',	0,	'',	'https://plus.google.com/_/focus/photos/private/AIbEiAIAAABECLbM06zPr_CQxwEiC3ZjYXJkX3Bob3RvKig4YTE0YTRkODE4ZTI4ODhlZTZhMGJkM2JhNTZmMDFhYzM4NGNkOWVjMAGQgEQwkhck5JXoIIiRyzfpB2k_AQ',	'114348962630219392566',	2,	1,	'',	'',	'',	'',	'',	'',	0),
(221,	'Fatma Cengiz Tunçel',	'Fatma Cengiz Tunçel',	'fatma_tncl@hotmail.com',	'',	0,	'',	'http://graph.facebook.com/10156617987034507/picture?type=large',	'10156617987034507',	1,	1,	'',	'',	'',	'',	'',	'',	0),
(222,	'Fatma',	'Akdeniz',	'ftmakdnz@gmail.com',	'd41d8cd98f00b204e9800998ecf8427e',	0,	'',	'https://lh5.googleusercontent.com/-xJLyV7D-3kQ/AAAAAAAAAAI/AAAAAAAAAOQ/F2lMJKgEj6w/photo.jpg',	'104651308851238492937',	2,	1,	'',	'',	'',	'',	'',	'',	0),
(223,	'Alina Savu',	'Alina Savu',	'alinutza30_ro@yahoo.com',	'',	0,	'',	'http://graph.facebook.com/1928300600560296/picture?type=large',	'1928300600560296',	1,	1,	'',	'',	'',	'',	'',	'',	0),
(224,	'Serxhio Nushi',	'Serxhio Nushi',	'sergioal.93.it@gmail.com',	'',	0,	'',	'https://lh5.googleusercontent.com/-IBsZkbBRNh8/AAAAAAAAAAI/AAAAAAAAACw/xIIZNj71csM/s200/photo.jpg',	'112217787736014422769',	2,	1,	'',	'',	'',	'',	'',	'',	0),
(225,	'Ebru',	'Aygün',	'eeebrudumlupinar@gmail.com',	'd41d8cd98f00b204e9800998ecf8427e',	0,	'',	'https://platform-lookaside.fbsbx.com/platform/profilepic/?asid=1874481729524639&height=200&width=200&ext=1535637828&hash=AeQQe0J3WO5xNeje',	'1874481729524639',	1,	1,	'',	'',	'',	'',	'',	'',	0),
(226,	'Elisa',	'Modica',	'elimod969@live.it',	'd41d8cd98f00b204e9800998ecf8427e',	0,	'',	'https://platform-lookaside.fbsbx.com/platform/profilepic/?asid=2480381378675492&height=200&width=200&ext=1535638076&hash=AeT14VP9w_50l4Y9',	'2480381378675492',	1,	1,	'',	'',	'',	'',	'',	'',	0),
(227,	'Panagiotis',	'Psomos',	'ppsomos@gmail.com',	'd41d8cd98f00b204e9800998ecf8427e',	0,	'',	'https://lh5.googleusercontent.com/-0KY5EcbtYoM/AAAAAAAAAAI/AAAAAAAAAvc/_cl9po7GMAE/photo.jpg',	'117560899066144606009',	2,	1,	'',	'',	'',	'',	'',	'',	0),
(228,	'Sébastien',	'Sammut',	'sebischtrit@hotmail.fr',	'd41d8cd98f00b204e9800998ecf8427e',	0,	'',	'https://platform-lookaside.fbsbx.com/platform/profilepic/?asid=10213716255913403&height=200&width=200&ext=1535639552&hash=AeT-SxWxSUyWN9fI',	'10213716255913403',	1,	1,	'',	'',	'',	'',	'',	'',	0),
(229,	'Inese Vankka',	'Inese Vankka',	'inese.vankka@gmail.com',	'',	0,	'',	'http://graph.facebook.com/10209318396875623/picture?type=large',	'10209318396875623',	1,	1,	'',	'',	'',	'',	'',	'',	0),
(230,	'krystian',	'krystian',	'ziomek514@gmail.com',	'd5e1a1c6506647299330a951bca36412',	0,	'',	'',	'0',	0,	1,	'',	'',	'',	'',	'',	'',	0),
(231,	'Nergis Turan',	'Nergis Turan',	'nergisturan18@gmail.com',	'',	0,	'',	'https://lh6.googleusercontent.com/-FWRC00gkHO0/AAAAAAAAAAI/AAAAAAAA94Q/uV0pmsZVfhA/s200/photo.jpg',	'108104043441884681731',	2,	1,	'',	'',	'',	'',	'',	'',	0),
(232,	'Juan Jose',	'Martinez Ortega',	'juanjosemartinezortega@yahoo.es',	'd41d8cd98f00b204e9800998ecf8427e',	0,	'',	'https://platform-lookaside.fbsbx.com/platform/profilepic/?asid=1852777438098835&height=200&width=200&ext=1535644923&hash=AeTntjQ-p33Nunq8',	'1852777438098835',	1,	1,	'',	'',	'',	'',	'',	'',	0),
(233,	'Onur Celik',	'Onur Celik',	'onur.178@hotmail.com',	'',	0,	'',	'http://graph.facebook.com/2022866864399708/picture?type=large',	'2022866864399708',	1,	1,	'',	'',	'',	'',	'',	'',	0),
(234,	'Esra',	'Esra',	'esradel2012@hotmail.com',	'd5c3a32871ee154e8037127b9a4591d5',	0,	'',	'',	'0',	0,	1,	'',	'',	'',	'',	'',	'',	0),
(235,	'Petronela',	'Colbea',	'petronelacolbea@yahoo.com',	'd41d8cd98f00b204e9800998ecf8427e',	0,	'',	'https://platform-lookaside.fbsbx.com/platform/profilepic/?asid=2039157766108001&height=200&width=200&ext=1535658548&hash=AeQIJ-_dKZ2WdJ7P',	'2039157766108001',	1,	1,	'',	'',	'',	'',	'',	'',	0),
(236,	'Kateryna',	'Shpytalenko',	'trfnthbyrf@i.ua',	'd41d8cd98f00b204e9800998ecf8427e',	0,	'',	'https://platform-lookaside.fbsbx.com/platform/profilepic/?asid=1808880249165374&height=200&width=200&ext=1535662806&hash=AeSf3boRdOkIAxvP',	'1808880249165374',	1,	1,	'',	'',	'',	'',	'',	'',	0),
(237,	'Zanë Buçinca',	'Zanë Buçinca',	'zanebucinca@gmail.com',	'',	0,	'',	'http://graph.facebook.com/348828502320332/picture?type=large',	'348828502320332',	1,	1,	'',	'',	'',	'',	'',	'',	0),
(238,	'Gürsel',	'Kumru',	'gurselkumru.87@gmail.com',	'd41d8cd98f00b204e9800998ecf8427e',	0,	'',	'https://platform-lookaside.fbsbx.com/platform/profilepic/?asid=2321911241167391&height=200&width=200&ext=1535664686&hash=AeTe0B4EUYY7vNO1',	'2321911241167391',	1,	1,	'',	'',	'',	'',	'',	'',	0),
(239,	'Mohamed',	'Alloui',	'mohamed.alloui@icloud.com',	'd41d8cd98f00b204e9800998ecf8427e',	0,	'',	'https://platform-lookaside.fbsbx.com/platform/profilepic/?asid=1866615086710291&height=200&width=200&ext=1535671933&hash=AeRH47L3xf06AYo0',	'1866615086710291',	1,	1,	'',	'',	'',	'',	'',	'',	0),
(240,	'Bar??',	'Tarbak',	'baristrbk@gmail.com',	'd41d8cd98f00b204e9800998ecf8427e',	0,	'',	'https://platform-lookaside.fbsbx.com/platform/profilepic/?asid=2084828584914798&height=200&width=200&ext=1535677926&hash=AeQNlpGpRBIRW2W2',	'2084828584914798',	1,	1,	'',	'',	'',	'',	'',	'',	0),
(241,	'Athanasia Krikoni',	'Athanasia Krikoni',	'athkrikoni@yahoo.gr',	'7b0f81bdd2b24ba32cb27f6c16e6b900',	0,	'',	'',	'0',	0,	1,	'',	'',	'',	'',	'',	'',	0),
(242,	'Radmila',	'Kovacevic',	'radmilakovacevic66@gmail.com',	'd41d8cd98f00b204e9800998ecf8427e',	0,	'',	'https://platform-lookaside.fbsbx.com/platform/profilepic/?asid=10215037922653123&height=200&width=200&ext=1535706811&hash=AeQ53D8ysXa1dGX0',	'10215037922653123',	1,	1,	'',	'',	'',	'',	'',	'',	0),
(243,	'vanachten',	'vanachten',	'vanachten@hotmail.com',	'8190a502d2efde595af34b6ba429683f',	0,	'',	'',	'0',	0,	1,	'',	'',	'',	'',	'',	'',	0),
(244,	'Heidi',	'Heidi',	'heidimaria.tormalehto@gmail.com',	'1496feee12e398142526627eec6f4391',	0,	'',	'',	'0',	0,	1,	'',	'',	'',	'',	'',	'',	0),
(245,	'jose manuel dehesa martinez',	'jose manuel dehesa martinez',	'jmdehesa@gamil.com',	'c08dfc1c3e9b72f2f3a343a1e60e5636',	0,	'',	'',	'0',	0,	1,	'',	'',	'',	'',	'',	'',	0),
(246,	'Maer',	'Maer',	'boulet271296@hotmail.com',	'ca736712760f118f4ce4a5080cce7f2e',	0,	'',	'',	'0',	0,	1,	'',	'',	'',	'',	'',	'',	0),
(247,	'Alexia',	'Alexia',	'alexia.tweety@hotmail.com',	'd41d8cd98f00b204e9800998ecf8427e',	0,	'',	'https://platform-lookaside.fbsbx.com/platform/profilepic/?asid=1072476216232733&height=200&width=200&ext=1535728799&hash=AeTL3EhO9janhel5',	'1072476216232733',	1,	1,	'',	'',	'',	'',	'',	'',	0),
(248,	'Liziana',	'Zaharie-iosif',	'lizziana@mail.com',	'd41d8cd98f00b204e9800998ecf8427e',	0,	'',	'https://platform-lookaside.fbsbx.com/platform/profilepic/?asid=2188126304552196&height=200&width=200&ext=1535734199&hash=AeRdt6d6sIRziAoq',	'2188126304552196',	1,	1,	'',	'',	'',	'',	'',	'',	0),
(249,	'Tamara',	'Kovacevic',	'tamarakovacevic1994@gmail.com',	'd41d8cd98f00b204e9800998ecf8427e',	0,	'',	'https://lh3.googleusercontent.com/-KMgQEMkzf8k/AAAAAAAAAAI/AAAAAAAAAyM/wPbBZqugxjA/photo.jpg',	'117199778215974341173',	2,	1,	'',	'',	'',	'',	'',	'',	0),
(250,	'chiara',	'chiara',	'vergnano.chiara@gmail.com',	'fc930c5b674a107a5ef1581260b7027a',	0,	'',	'',	'0',	0,	1,	'',	'',	'',	'',	'',	'',	0),
(251,	'Sonja Heikkinen',	'Sonja Heikkinen',	'heikkinen.sonja@gmail.com',	'ddb2bf62dc5c74fc92bbe12fa0615782',	0,	'',	'',	'0',	0,	1,	'',	'',	'',	'',	'',	'',	0),
(252,	'Laia',	'Laia',	'learnspanishtotravel@gmail.com',	'772d8c305edd761d6896ccba5915f108',	0,	'',	'',	'0',	0,	1,	'',	'',	'',	'',	'',	'',	0),
(253,	'Patricia',	'Patricia',	'morato.villar@gmail.com',	'cb664fb96bfdf4149e741766c04bc0d6',	0,	'',	'',	'0',	0,	1,	'',	'',	'',	'',	'',	'',	0),
(254,	'abdelkader bassou',	'abdelkader bassou',	'a.bassou1992@gmail.com',	'bf4f4f11f5a906ff7e319741c81801a9',	0,	'',	'',	'0',	0,	1,	'',	'',	'',	'',	'',	'',	0),
(255,	'Csaba',	'Csanyi',	'csaba_csanyi@yahoo.co.uk',	'd41d8cd98f00b204e9800998ecf8427e',	0,	'',	'https://platform-lookaside.fbsbx.com/platform/profilepic/?asid=1747898428579308&height=200&width=200&ext=1535756740&hash=AeQTp47anVzVhrtw',	'1747898428579308',	1,	1,	'',	'',	'',	'',	'',	'',	0),
(256,	'thao vi',	'thao vi',	'nguyenbathaovi29@gmail.com',	'ea8230abda94b87bb75a9ba24121bdde',	0,	'',	'',	'0',	0,	1,	'',	'',	'',	'',	'',	'',	0),
(257,	'Tiina Eloranta',	'Tiina Eloranta',	'elorantatiina@gmail.com',	'f0fd14b3a3c86ad0870f8d0a3ebefcd7',	0,	'',	'',	'0',	0,	1,	'',	'',	'',	'',	'',	'',	0),
(258,	'eva bakacs',	'eva bakacs',	'ewagilwoods@yahoo.co.uk',	'e4912b56d06c0e67857d8592ec938118',	0,	'',	'',	'0',	0,	1,	'',	'',	'',	'',	'',	'',	0),
(259,	'Esteban',	'Sarmiento',	'jusagra1432@gmail.com',	'd41d8cd98f00b204e9800998ecf8427e',	0,	'',	'https://lh6.googleusercontent.com/-uUJAV8RTsL0/AAAAAAAAAAI/AAAAAAAAGYk/TQBQjrigK4E/photo.jpg',	'102645993561221500318',	2,	1,	'',	'',	'',	'',	'',	'',	0),
(260,	'd',	'd',	'stefanescu1diana@yahoo.com',	'140f7ec34b08b575410a176ef5eceb7d',	0,	'',	'',	'0',	0,	1,	'',	'',	'',	'',	'',	'',	0),
(261,	'laure',	'laure',	'lauredurand@orange.fr',	'95b206b9f6e42ee0e434de34cd2112e4',	0,	'',	'',	'0',	0,	1,	'',	'',	'',	'',	'',	'',	0),
(262,	'Diego Arevalo',	'Diego Arevalo',	'diego85arevalo@gmail.com',	'a5787b65cc8a954789f25654961f8355',	0,	'',	'',	'0',	0,	1,	'',	'',	'',	'',	'',	'',	0),
(263,	'Alperen',	'Harput',	'aksiyon_seven_97@hotmail.com',	'd41d8cd98f00b204e9800998ecf8427e',	0,	'',	'https://platform-lookaside.fbsbx.com/platform/profilepic/?asid=2155796494454939&height=200&width=200&ext=1535802077&hash=AeRECv8315KTomSD',	'2155796494454939',	1,	1,	'',	'',	'',	'',	'',	'',	0),
(264,	'Steven',	'Steven',	'stephanoirs@gmail.com',	'6cafbee5f59719ff6ea50c9b49f25c8e',	0,	'',	'',	'0',	0,	1,	'',	'',	'',	'',	'',	'',	0),
(265,	'R Mutlu Acar',	'R Mutlu Acar',	'rmutluacar@gmail.com',	'',	0,	'',	'https://lh5.googleusercontent.com/-5ihEGodBJK4/AAAAAAAAAAI/AAAAAAAADp8/xJQjmFof9BE/s200/photo.jpg',	'112915955010189221401',	2,	1,	'',	'',	'',	'',	'',	'',	0),
(266,	'saara purtanen',	'saara purtanen',	'saara.purtanen@gmail.com',	'5c9cfa3317be6718764d1a282320f161',	0,	'',	'',	'0',	0,	1,	'',	'',	'',	'',	'',	'',	0),
(267,	'Inka',	'Ope',	'inka.ope@gmail.com',	'd41d8cd98f00b204e9800998ecf8427e',	0,	'',	'https://lh6.googleusercontent.com/-Koyxxx_jd4Q/AAAAAAAAAAI/AAAAAAAAAAA/7yAEG7eoVIw/photo.jpg',	'116555008101314201373',	2,	1,	'',	'',	'',	'',	'',	'',	0),
(268,	'Enes',	'Enes',	'enesturkan@hotmail.com',	'2d4b5aff43280b77392621fbbd0bd50d',	0,	'',	'',	'0',	0,	1,	'',	'',	'',	'',	'',	'',	0),
(269,	'Abel',	'Tierno Lopez',	'agap27@hotmail.com',	'd41d8cd98f00b204e9800998ecf8427e',	0,	'',	'https://platform-lookaside.fbsbx.com/platform/profilepic/?asid=2134444320177437&height=200&width=200&ext=1535809863&hash=AeRQI4Xd_GUOvTX1',	'2134444320177437',	1,	1,	'',	'',	'',	'',	'',	'',	0),
(270,	'Annika Laaksonen',	'Annika Laaksonen',	'ancca_91@hotmail.com',	'',	0,	'',	'http://graph.facebook.com/10156276821174597/picture?type=large',	'10156276821174597',	1,	1,	'',	'',	'',	'',	'',	'',	0),
(271,	'Maxime',	'Maxime',	'maxime.rtr44@gmail.com',	'5765f3c442995a8c25bdf30093f3d374',	0,	'',	'',	'0',	0,	1,	'',	'',	'',	'',	'',	'',	0),
(272,	'Ruslan Platonov',	'Ruslan Platonov',	'ruslann782@mail.ru',	'',	0,	'',	'http://graph.facebook.com/1808054639247926/picture?type=large',	'1808054639247926',	1,	1,	'',	'',	'',	'',	'',	'',	0),
(273,	'Sanna Laitinen',	'Sanna Laitinen',	'sanna.valta@gmail.com',	'',	0,	'',	'http://graph.facebook.com/10214787861563343/picture?type=large',	'10214787861563343',	1,	1,	'',	'',	'',	'',	'',	'',	0),
(274,	'Rosa',	'Ahlstedt',	'rosa.ahlstedt@luukku.com',	'd41d8cd98f00b204e9800998ecf8427e',	0,	'',	'https://platform-lookaside.fbsbx.com/platform/profilepic/?asid=10216901958324903&height=200&width=200&ext=1535867170&hash=AeSqrx1tuXLOEu7i',	'10216901958324903',	1,	1,	'',	'',	'',	'',	'',	'',	0),
(275,	'Delman',	'Dimond',	'delman8817@gmail.com',	'd41d8cd98f00b204e9800998ecf8427e',	0,	'',	'https://lh6.googleusercontent.com/-6rY9car5Bvg/AAAAAAAAAAI/AAAAAAAAKwM/MvRf5AIknJ8/photo.jpg',	'112624419642309275832',	2,	1,	'',	'',	'',	'',	'',	'',	0),
(276,	'Cenk Bilal',	'Ertekin',	'bilalgamze.ertekin@hotmail.com',	'd41d8cd98f00b204e9800998ecf8427e',	0,	'',	'https://platform-lookaside.fbsbx.com/platform/profilepic/?asid=2106530499589016&height=200&width=200&ext=1535873358&hash=AeT4rEruUuRtCCU7',	'2106530499589016',	1,	1,	'',	'',	'',	'',	'',	'',	0),
(277,	'Jessica',	'Merite',	'jessie_279@hotmail.fr',	'd41d8cd98f00b204e9800998ecf8427e',	0,	'',	'https://platform-lookaside.fbsbx.com/platform/profilepic/?asid=1626131557492773&height=200&width=200&ext=1535901360&hash=AeQLI1J9TrehWyfo',	'1626131557492773',	1,	1,	'',	'',	'',	'',	'',	'',	0),
(278,	'Valentina',	'Fornaro',	'valentina.forn@hotmail.it',	'd41d8cd98f00b204e9800998ecf8427e',	0,	'',	'https://platform-lookaside.fbsbx.com/platform/profilepic/?asid=10214601220217417&height=200&width=200&ext=1535906402&hash=AeRZ6ETdicy-6Mhq',	'10214601220217417',	1,	1,	'',	'',	'',	'',	'',	'',	0),
(279,	'Damon',	'Damon',	'damco56@outlook.fr',	'0f20b0016a1f6d2168e65fae77a03af5',	0,	'',	'',	'0',	0,	1,	'',	'',	'',	'',	'',	'',	0),
(280,	'Faz?l',	'BT',	'fazilbtopal@gmail.com',	'd41d8cd98f00b204e9800998ecf8427e',	0,	'',	'https://platform-lookaside.fbsbx.com/platform/profilepic/?asid=517039548731069&height=200&width=200&ext=1535925934&hash=AeTxhO1qlCvhKBAu',	'517039548731069',	1,	1,	'',	'',	'',	'',	'',	'',	0),
(281,	'Elçin Ero?lu',	'Elçin Ero?lu',	'elcinerogluuu@gmail.com',	'',	0,	'',	'https://lh4.googleusercontent.com/-3d8qNSuc7-4/AAAAAAAAAAI/AAAAAAAAAIg/PjU1yJgz8Ss/s200/photo.jpg',	'113360889771488409014',	2,	1,	'',	'',	'',	'',	'',	'',	0),
(282,	'gloria',	'gloria',	'gloria.lenzi@libero.it',	'0c182b5e060817af923a5237d5626ec6',	0,	'',	'',	'0',	0,	1,	'',	'',	'',	'',	'',	'',	0),
(283,	'Aleyna',	'Aleyna',	'aleynaseymen166@icloud.com',	'23221b655ea0fb1126750de667e5f870',	0,	'',	'',	'0',	0,	1,	'',	'',	'',	'',	'',	'',	0),
(284,	'Seb Tangtang',	'Seb Tangtang',	'sebtangtang@yahoo.fr',	'',	0,	'',	'http://graph.facebook.com/1055554737926462/picture?type=large',	'1055554737926462',	1,	1,	'',	'',	'',	'',	'',	'',	0),
(285,	'ebft',	'ebft',	'e.bienfait@laposte.net',	'b238c13e822536cad3ac57a2280fbf45',	0,	'',	'',	'0',	0,	1,	'',	'',	'',	'',	'',	'',	0),
(286,	'Shan Zhu',	'Shan Zhu',	'zhushan_77@hotmail.com',	'',	0,	'',	'http://graph.facebook.com/1777684755654434/picture?type=large',	'1777684755654434',	1,	1,	'',	'',	'',	'',	'',	'',	0),
(287,	'Karinka Sommerfugl',	'Karinka Sommerfugl',	'karin_callipo@yahoo.it',	'',	0,	'',	'http://graph.facebook.com/10155640057890983/picture?type=large',	'10155640057890983',	1,	1,	'',	'',	'',	'',	'',	'',	0),
(288,	'Alexandre',	'Alexandre',	'alexandre.fedullo@yahoo.it',	'73792db0ccfdfa62d0bfa53fd0a556dd',	0,	'',	'',	'0',	0,	1,	'',	'',	'',	'',	'',	'',	0),
(289,	'Anna Nieminen',	'Anna Nieminen',	'annamaria.nieminen@gmail.com',	'feec6913071f46f415384e49cae68fac',	0,	'',	'',	'0',	0,	1,	'',	'',	'',	'',	'',	'',	0),
(290,	'Zimba Cade',	'Zimba Cade',	'shiiqis9@hotmail.com',	'',	0,	'',	'http://graph.facebook.com/2060703157297281/picture?type=large',	'2060703157297281',	1,	1,	'',	'',	'',	'',	'',	'',	0),
(291,	'Diana Garcés',	'Diana Garcés',	'dimigabo@gmail.com',	'',	0,	'',	'https://lh6.googleusercontent.com/-M2U8uMONxP0/AAAAAAAAAAI/AAAAAAAAH4M/FrwUQLEUjuo/s200/photo.jpg',	'114735629388391702106',	2,	1,	'',	'',	'',	'',	'',	'',	0),
(292,	'seraa ali',	'seraa ali',	'seraaali27@gmail.com',	'',	0,	'',	'https://lh5.googleusercontent.com/-hvF23Fyb8Ac/AAAAAAAAAAI/AAAAAAAAAAA/AAnnY7psUnjSgkQ6o6Ydj99gpcJNCO7UJw/s200/photo.jpg',	'105907475466757470041',	2,	1,	'',	'',	'',	'',	'',	'',	0),
(293,	'ste bell',	'ste bell',	'smart75r@gmail.com',	'',	0,	'',	'https://lh3.googleusercontent.com/-KKzSSp_hsD8/AAAAAAAAAAI/AAAAAAAAYkM/C-BGh9boeUg/s200/photo.jpg',	'108864488448283858062',	2,	1,	'',	'',	'',	'',	'',	'',	0),
(294,	'Leea Väli',	'Leea Väli',	'leeavalitalo@gmail.com',	'072a65cbe22d4be0302d1a9e0fd6b18b',	0,	'',	'',	'0',	0,	1,	'',	'',	'',	'',	'',	'',	0),
(295,	'Joao',	'Joao',	'jpedro.constancio@gmail.com',	'6cbd0f86116a9f9b1adbeb8f973a7857',	0,	'',	'',	'0',	0,	1,	'',	'',	'',	'',	'',	'',	0),
(296,	'Bianca',	'Bianca',	'mihoc.bianca@gmail.com',	'd41d8cd98f00b204e9800998ecf8427e',	0,	'',	'https://platform-lookaside.fbsbx.com/platform/profilepic/?asid=2150831101611316&height=200&width=200&ext=1536160605&hash=AeTC4_1XRIyWfDbY',	'2150831101611316',	1,	1,	'',	'',	'',	'',	'',	'',	0),
(297,	'azadeh',	'azadeh',	'k7820@student.jamk.fo',	'2217c789a53b7ded2b9a61138fa13487',	0,	'',	'',	'0',	0,	1,	'',	'',	'',	'',	'',	'',	0),
(298,	'Víctor',	'Víctor',	'habanaeuropa@gmail.com',	'2219d40031764b65823c9aa615041db9',	0,	'uploads/user_profile/1533644814',	'',	'0',	0,	1,	'',	'',	'',	'',	'',	'',	0),
(299,	'Jemes Langa',	'Jemes Langa',	'jemeslanga01@gmail.com',	'5eb8777baf2728166274a9b1160e633f',	0,	'',	'',	'0',	0,	1,	'',	'',	'',	'',	'',	'',	0),
(300,	'Massimiliano',	'Lipicar',	'lipicar@gmail.com',	'd41d8cd98f00b204e9800998ecf8427e',	0,	'',	'https://lh4.googleusercontent.com/-5BIZvaHAGkM/AAAAAAAAAAI/AAAAAAAAAug/STkE5nfJoZY/photo.jpg',	'105777551245366404941',	2,	1,	'',	'',	'',	'',	'',	'',	0),
(301,	'mohammad',	'mohammad',	'modk88@gmail.com',	'048f93c6f9ab34547d722bfc2a2e4e93',	0,	'',	'',	'0',	0,	1,	'',	'',	'',	'',	'',	'',	0),
(302,	'parvaneh',	'parvaneh',	'pari2000pr@gmail.com',	'390ceeb7575d0f08c46819913f202a7f',	0,	'',	'',	'0',	0,	1,	'',	'',	'',	'',	'',	'',	0),
(303,	'Mohammed306',	'Mohammed306',	'abuthebamm@gmail.com',	'684c0d47ace6071c32da43f22bcff0e3',	0,	'',	'',	'0',	0,	1,	'',	'',	'',	'',	'',	'',	0),
(304,	'Zabeth',	'Gx',	'zab_1611@live.fr',	'd41d8cd98f00b204e9800998ecf8427e',	0,	'',	'https://platform-lookaside.fbsbx.com/platform/profilepic/?asid=1661420507319515&height=200&width=200&ext=1536384086&hash=AeRZShLVy_azFRgA',	'1661420507319515',	1,	1,	'',	'',	'',	'',	'',	'',	0),
(305,	'Susana',	'Susana',	'nemam@post.sk',	'bff1bce6dd499f9def73c18c75889c79',	0,	'',	'',	'0',	0,	1,	'',	'',	'',	'',	'',	'',	0),
(306,	'Paula Martins',	'Paula Martins',	'martpau@gmail.com',	'f885a0475648c31987b929dd54275851',	0,	'',	'',	'0',	0,	1,	'',	'',	'',	'',	'',	'',	0),
(307,	'Tuba',	'Danac?',	'tubadanaci@hotmail.com',	'd41d8cd98f00b204e9800998ecf8427e',	0,	'',	'https://platform-lookaside.fbsbx.com/platform/profilepic/?asid=10213942960261505&height=200&width=200&ext=1536692259&hash=AeRTQi9kSyeDBFNn',	'10213942960261505',	1,	1,	'',	'',	'',	'',	'',	'',	0),
(308,	'Francesco Foglia',	'Francesco Foglia',	'francesco.foglia@opencalabria.com',	'bfb2d6cf4f9a95c2d374bd60ffa44e08',	0,	'',	'',	'0',	0,	1,	'',	'',	'',	'',	'',	'',	0),
(309,	'Urich Simunovich',	'Urich Simunovich',	'urich.s.r@gmail.com',	'',	0,	'',	'https://lh5.googleusercontent.com/-QifoXdHWkOs/AAAAAAAAAAI/AAAAAAAAAKg/XfD7jEdl1xs/s200/photo.jpg',	'107915473502664529273',	2,	1,	'',	'',	'',	'',	'',	'',	0),
(310,	'Alina',	'Alina',	'a.Mazurkiewicz@eu.com.pl',	'f143a12ad9eb9d8338682abe4073db08',	0,	'',	'',	'0',	0,	1,	'',	'',	'',	'',	'',	'',	0),
(311,	'neda',	'neda',	'ebrahimi.neda@gmail.com',	'e2f9f842fd8e1ae90dc428d39cab7167',	0,	'',	'',	'0',	0,	1,	'',	'',	'',	'',	'',	'',	0),
(312,	'Abdulrahman',	'Abdulrahman',	'aa1ss@hotmail.com',	'30456d91c4741a4d704d8130ee9fdc30',	0,	'',	'',	'0',	0,	1,	'',	'',	'',	'',	'',	'',	0),
(313,	'milad',	'milad',	'miladrezaei477@gmail.com',	'fb499361151996a89a9a995f4ae59213',	0,	'',	'',	'0',	0,	1,	'',	'',	'',	'',	'',	'',	0),
(314,	'Rebecca Johnson',	'Rebecca Johnson',	'professeurjohnson@hotmail.com',	'a67a06406135d218500c43329eddbf06',	0,	'',	'',	'0',	0,	1,	'',	'',	'',	'',	'',	'',	0),
(315,	'Ulrika Rosen',	'Ulrika Rosen',	'ulli.rosen@telia.com',	'440571543d5ca308b0411f0458d94392',	0,	'',	'',	'0',	0,	1,	'',	'',	'',	'',	'',	'',	0),
(316,	'aino',	'aino',	'ainot00@gmail.com',	'f4b42d5f34ec5e69a72821fbe346cff7',	0,	'',	'',	'0',	0,	1,	'',	'',	'',	'',	'',	'',	0),
(317,	'Aia',	'Aia',	'aia19781978@gmail.com',	'd41d8cd98f00b204e9800998ecf8427e',	0,	'',	'https://platform-lookaside.fbsbx.com/platform/profilepic/?asid=681451902227689&height=200&width=200&ext=1537007993&hash=AeT9BPi5bQ2nlpVN',	'681451902227689',	1,	1,	'',	'',	'',	'',	'',	'',	0),
(318,	'tufax',	'tufax',	'tufaaxdeeq1@mail.com',	'8ecc81b3a38e9f3e5fe52ecdfff21c81',	0,	'',	'',	'0',	0,	1,	'',	'',	'',	'',	'',	'',	0),
(319,	'ellinor akehurst',	'ellinor akehurst',	'ellieake@aol.com',	'dd6ccc077eb9a30e741fae5e681022d4',	0,	'',	'',	'0',	0,	1,	'',	'',	'',	'',	'',	'',	0),
(320,	'Esther',	'Peláez',	'eihreann@gmail.com',	'd41d8cd98f00b204e9800998ecf8427e',	0,	'',	'https://lh3.googleusercontent.com/-B9fLT9LUBec/AAAAAAAAAAI/AAAAAAAAEhU/yc_dlL4BG0g/photo.jpg',	'100000669371278393699',	2,	1,	'',	'',	'',	'',	'',	'',	0),
(321,	'Daniela Vasic',	'Daniela Vasic',	'danielavasic77@hotmail.com',	'871d958c866ad7a2af01af38d7f3533d',	0,	'',	'',	'0',	0,	1,	'',	'',	'',	'',	'',	'',	0),
(322,	'David Norman',	'David Norman',	'djnorman@gmail.com',	'',	0,	'',	'https://lh4.googleusercontent.com/-jG4TCga-nmc/AAAAAAAAAAI/AAAAAAAAAPU/ykHGNK7_m9E/s200/photo.jpg',	'115438094929525797963',	2,	1,	'',	'',	'',	'',	'',	'',	0),
(323,	'??????',	'??????',	'tokkyo.isyo.2018.205@gmail.com',	'',	0,	'',	'http://graph.facebook.com/157896778421505/picture?type=large',	'157896778421505',	1,	1,	'',	'',	'',	'',	'',	'',	0),
(324,	'sara',	'sara',	'sarah1995salah@gmail.com',	'312dc6ec7c900fb9017bf43c6b1f81bb',	0,	'',	'',	'0',	0,	1,	'',	'',	'',	'',	'',	'',	0),
(325,	'safaa rashid',	'safaa rashid',	'safaa.rashid@hotmail.com',	'b7e645df126c13bc8e83ac5fb6629873',	0,	'',	'',	'0',	0,	1,	'',	'',	'',	'',	'',	'',	0),
(326,	'fatlume',	'fatlume',	'fatlume.koci@hotmail.com',	'78e2548103ed58cca06df022a7a17241',	0,	'',	'',	'0',	0,	1,	'',	'',	'',	'',	'',	'',	0),
(327,	'Rasha Ahmed',	'Rasha Ahmed',	'rasha.almheimed@yahoo.com',	'8c249675aea6c3cbd91661bbae767ff1',	0,	'',	'',	'0',	0,	1,	'',	'',	'',	'',	'',	'',	0),
(328,	'mona al zuheiri',	'mona al zuheiri',	'monaalzuheiri.813@gmail.com',	'81dc9bdb52d04dc20036dbd8313ed055',	0,	'',	'',	'0',	0,	1,	'',	'',	'',	'',	'',	'',	0),
(329,	'Adam Hikmat',	'Adam Hikmat',	'adam87h@outlook.com',	'',	0,	'',	'http://graph.facebook.com/685712708467121/picture?type=large',	'685712708467121',	1,	1,	'',	'',	'',	'',	'',	'',	0),
(330,	'Shumei.Li',	'Shumei.Li',	'shumei851@gmail.com',	'6352e9110c1c023462bac7f7cd24ae07',	0,	'',	'',	'0',	0,	1,	'',	'',	'',	'',	'',	'',	0),
(331,	'shamma mahmod',	'shamma mahmod',	'shamma.mahmod57@gmial.com',	'aab51e0c500d653282558c24acacff95',	0,	'',	'',	'0',	0,	1,	'',	'',	'',	'',	'',	'',	0),
(332,	'Cesar Minguet',	'Cesar Minguet',	'ecthelion4age@yahoo.com',	'b8d57785cb5225d13a67a4779aed7bb8',	0,	'',	'',	'0',	0,	1,	'',	'',	'',	'',	'',	'',	0),
(333,	'Piia',	'Piia',	'piia.eliisa@gmail.com',	'40734b864bdc03ab6a3b907d8e08431f',	0,	'',	'',	'0',	0,	1,	'',	'',	'',	'',	'',	'',	0),
(334,	'pirjo',	'pirjo',	'pirjosalo68@gmail.com',	'512b6d63b365fd93d33120b36dee705d',	0,	'',	'',	'0',	0,	1,	'',	'',	'',	'',	'',	'',	0),
(335,	'Risto',	'Risto',	'risto.huuska@elisanet.gi',	'67b59565f0d6ef1da15dc935b7aa6962',	0,	'',	'',	'0',	0,	1,	'',	'',	'',	'',	'',	'',	0),
(336,	'Gessica',	'Laplace',	'gesslaplace@gmail.com',	'd41d8cd98f00b204e9800998ecf8427e',	0,	'',	'https://platform-lookaside.fbsbx.com/platform/profilepic/?asid=10213660466201007&height=200&width=200&ext=1537824997&hash=AeQd-2rcIVh3C3LY',	'10213660466201007',	1,	1,	'',	'',	'',	'',	'',	'',	0),
(337,	'pangyaao',	'pangyaao',	'179356406@qq.com',	'29faca67ef347f6fcef65dafda3649e2',	0,	'',	'',	'0',	0,	1,	'',	'',	'',	'',	'',	'',	0),
(338,	'anon',	'anon',	'anonymal@sfr.fr',	'69269a7673ddd6787139157312fba749',	0,	'',	'',	'0',	0,	1,	'',	'',	'',	'',	'',	'',	0),
(339,	'Kirsikka',	'Saari',	'opit@pp.inet.fi',	'd41d8cd98f00b204e9800998ecf8427e',	0,	'',	'https://platform-lookaside.fbsbx.com/platform/profilepic/?asid=485059195293603&height=200&width=200&ext=1538048776&hash=AeSpRgoe2UZxc3OQ',	'485059195293603',	1,	1,	'',	'',	'',	'',	'',	'',	0),
(340,	'soran',	'soran',	'soran.lawyer1@gmail.com',	'2d9d514a7d37252f67bc609a5343cd72',	0,	'',	'',	'0',	0,	1,	'',	'',	'',	'',	'',	'',	0),
(341,	'San',	'San',	'sangully6@gmail.com',	'f4c2647db86f34803eefd26b99a24879',	0,	'',	'',	'0',	0,	1,	'',	'',	'',	'',	'',	'',	0),
(342,	'giuly',	'giuly',	'c5315567@nwytg.net',	'c7e8c19aa082c3023d1306bb8da8fcfe',	0,	'',	'',	'0',	0,	1,	'',	'',	'',	'',	'',	'',	0),
(343,	'Othman',	'Othman',	'othman_arif@yahoo.com',	'd2a653402553f6044f8f1238c25833f5',	0,	'',	'',	'0',	0,	1,	'',	'',	'',	'',	'',	'',	0),
(344,	'Amy Pringle',	'Amy Pringle',	'amypringle2506@hotmail.com',	'71cfa2d7f9e69638856c11b5a96d90be',	0,	'',	'',	'0',	0,	1,	'',	'',	'',	'',	'',	'',	0),
(345,	'Emily Izett',	'Emily Izett',	'emilyizett246@gmail.com',	'5c5d7f19d967bcd483b241a96cfe4ed4',	0,	'',	'',	'0',	0,	1,	'',	'',	'',	'',	'',	'',	0),
(346,	'Suditi',	'Suditi',	'laxaanya@gmail.com',	'b6aea63e6fd2730abd9be42df75b3c9c',	0,	'',	'',	'0',	0,	1,	'',	'',	'',	'',	'',	'',	0),
(347,	'sil',	'sil',	'silvio.tria@stud.unifi.it',	'8512ae7d57b1396273f76fe6ed341a23',	0,	'',	'',	'0',	0,	1,	'',	'',	'',	'',	'',	'',	0),
(348,	'Ahmad',	'Ahmad',	'matslumber288@gmail.com',	'17548d4e54812fb38f7207a05bdd3bb1',	0,	'',	'',	'0',	0,	1,	'',	'',	'',	'',	'',	'',	0),
(349,	'Sophie Jardine',	'Sophie Jardine',	'sij2@hw.ac.uk',	'91a3b9f10c8df327ab63cf5bfdbdd936',	0,	'',	'',	'0',	0,	1,	'',	'',	'',	'',	'',	'',	0),
(350,	'Flan Gutiérrez',	'Flan Gutiérrez',	'flan_gaga@hotmail.com',	'',	0,	'',	'http://graph.facebook.com/10211997066511271/picture?type=large',	'10211997066511271',	1,	1,	'',	'',	'',	'',	'',	'',	0),
(351,	'Quentin',	'Quentin',	'ql22@hw.ac.uk',	'dd5e55c0c88eec17cb9b4fb6d9b845d2',	0,	'',	'',	'0',	0,	1,	'',	'',	'',	'',	'',	'',	0),
(352,	'emily',	'emily',	'ejm14@hw.ac.uk',	'66584d3a392e540a3fec1bd1cfc0a04b',	0,	'',	'',	'0',	0,	1,	'',	'',	'',	'',	'',	'',	0),
(353,	'Hayley',	'Hayley',	'hjv1@hw.ac.uk',	'062df115eb9903c2d55be7cf00552b82',	0,	'',	'',	'0',	0,	1,	'',	'',	'',	'',	'',	'',	0),
(354,	'Lydia',	'Lydia',	'yl128@hw.ac.uk',	'b189725716c848bdd7c76d1bfdc56920',	0,	'',	'',	'0',	0,	1,	'',	'',	'',	'',	'',	'',	0),
(355,	'Mabel Victoria',	'Mabel Victoria',	'victoriamabelle203@gmail.com',	'19ab793f756e2772f16b031180a15560',	0,	'',	'',	'0',	0,	1,	'',	'',	'',	'',	'',	'',	0),
(356,	'Lilla Ignacz',	'Lilla Ignacz',	'leila.ignacz@gmail.com',	'',	0,	'',	'http://graph.facebook.com/10212730252914177/picture?type=large',	'10212730252914177',	1,	1,	'',	'',	'',	'',	'',	'',	0),
(357,	'YAXIAN WEI',	'YAXIAN WEI',	'youlanda517@gmail.com',	'',	0,	'',	'https://lh3.googleusercontent.com/-LK4StG8wRS4/AAAAAAAAAAI/AAAAAAAAAAA/APUIFaOnPwI4_j5rU3ujYHirndeTOLpgiA/s200/photo.jpg',	'101217957551158083778',	2,	1,	'',	'',	'',	'',	'',	'',	0),
(358,	'Maija',	'Maija',	'maija.luoma.r@outlook.com',	'600b5ee956dfc5fd2792baaeb77d1f84',	0,	'',	'',	'0',	0,	1,	'',	'',	'',	'',	'',	'',	0),
(359,	'Barbara Winn-Hagelstam',	'Barbara Winn-Hagelstam',	'barbara@winn-hagelstam.com',	'',	0,	'uploads/user_profile/1536510028',	'',	'10156809481128627',	1,	1,	'',	'',	'',	'',	'',	'',	0),
(360,	'suher',	'suher',	'suherimam.017@gmail.com',	'f893879a58917e99fd7840305d9a059c',	0,	'',	'',	'0',	0,	1,	'',	'',	'',	'',	'',	'',	0),
(361,	'Pilar García González',	'Pilar García González',	'pilargg12@hotmail.com',	'',	0,	'',	'http://graph.facebook.com/10216469533354345/picture?type=large',	'10216469533354345',	1,	1,	'',	'',	'',	'',	'',	'',	0),
(362,	'Lena López García',	'Lena López García',	'helenalopezga@hotmail.com',	'',	0,	'',	'http://graph.facebook.com/2097359146995794/picture?type=large',	'2097359146995794',	1,	1,	'',	'',	'',	'',	'',	'',	0),
(363,	'Tanja',	'Lazareva',	'tansku.93@hotmail.com',	'd41d8cd98f00b204e9800998ecf8427e',	0,	'',	'https://platform-lookaside.fbsbx.com/platform/profilepic/?asid=10212512449394214&height=200&width=200&ext=1539323564&hash=AeSTyXL4b4uS7wy-',	'10212512449394214',	1,	1,	'',	'',	'',	'',	'',	'',	0),
(364,	'Romane',	'Romane',	'romaneleite@hotmail.com',	'f6171a565f28df401cf2ffa7ba427af3',	0,	'',	'',	'0',	0,	1,	'',	'',	'',	'',	'',	'',	0),
(365,	'Claudia',	'Claudia',	'cb294@hw.ac.uk',	'f441322379cf99f2b5c92746ed645220',	0,	'',	'',	'0',	0,	1,	'',	'',	'',	'',	'',	'',	0),
(366,	'Aimée McConnell',	'Aimée McConnell',	'princess_aimee04@hotmail.com',	'',	0,	'',	'http://graph.facebook.com/10213147118254977/picture?type=large',	'10213147118254977',	1,	1,	'',	'',	'',	'',	'',	'',	0),
(367,	'Eri Kadlcikova',	'Eri Kadlcikova',	'erika.kadlcikova@seznam.cz',	'',	0,	'uploads/user_profile/1536833416',	'',	'2426981687319588',	1,	1,	'',	'',	'',	'',	'',	'',	0),
(368,	'Amaia',	'Amaia',	'aa451@hw.ac.uk',	'2b745b0ad4c2f193bd7b8a7bd09d7c69',	0,	'',	'',	'0',	0,	1,	'',	'',	'',	'',	'',	'',	0),
(369,	'malcolm forster',	'malcolm forster',	'malcolmforster6@btinternet.com',	'',	0,	'',	'http://graph.facebook.com/10217206208729895/picture?type=large',	'10217206208729895',	1,	1,	'',	'',	'',	'',	'',	'',	0),
(370,	'Marta',	'Marta',	'ma341@hw.ac.uk',	'5ed9ad01e76655de4b5212a73cf23d7e',	0,	'',	'',	'0',	0,	1,	'',	'',	'',	'',	'',	'',	0),
(371,	'Mermoz',	'k.',	'mermozn@gmail.com',	'd41d8cd98f00b204e9800998ecf8427e',	0,	'',	'https://lh5.googleusercontent.com/-JojLgL2ag-E/AAAAAAAAAAI/AAAAAAAAAtg/DTtX0SQFgxk/photo.jpg',	'110015379956453008898',	2,	1,	'',	'',	'',	'',	'',	'',	0),
(372,	'Daniel',	'Murphy',	'daniel.murphy14@killestercollege.ie',	'd41d8cd98f00b204e9800998ecf8427e',	0,	'',	'https://platform-lookaside.fbsbx.com/platform/profilepic/?asid=1048110705371367&height=200&width=200&ext=1539640039&hash=AeSvn72ZuPVjwiV6',	'1048110705371367',	1,	1,	'',	'',	'',	'',	'',	'',	0),
(373,	'elisa',	'elisa',	'elisadanielian@yahoo.fr',	'70b05461037429dd8e6e0a75e19a9f53',	0,	'',	'',	'0',	0,	1,	'',	'',	'',	'',	'',	'',	0),
(374,	'Ritva Tikkamäki',	'Ritva Tikkamäki',	'ritva.tikkamaki@gmail.com',	'deeb2569e4098b8c5e6943ed8857f84b',	0,	'',	'',	'0',	0,	1,	'',	'',	'',	'',	'',	'',	0),
(375,	'Ben McCormick',	'Ben McCormick',	'bm78@hw.ac.uk',	'f3fbd07c7e9bf7dbbf6f8c73410f7901',	0,	'',	'',	'0',	0,	1,	'',	'',	'',	'',	'',	'',	0),
(376,	'Inês',	'Messias',	'ines.mess@gmail.com',	'd41d8cd98f00b204e9800998ecf8427e',	0,	'',	'https://platform-lookaside.fbsbx.com/platform/profilepic/?asid=10212085209540725&height=200&width=200&ext=1540028946&hash=AeT9dik6rpgp-TVq',	'10212085209540725',	1,	1,	'',	'',	'',	'',	'',	'',	0),
(377,	'prisha',	'prisha',	'vigatul11@gmail.com',	'57064614d75e79bdc0ee406ebef2ef20',	0,	'',	'',	'0',	0,	1,	'',	'',	'',	'',	'',	'',	0),
(378,	'Göran Valentin',	'Göran Valentin',	'goran.valentin@gmail.com',	'',	0,	'',	'http://graph.facebook.com/2175840886028227/picture?type=large',	'2175840886028227',	1,	1,	'',	'',	'',	'',	'',	'',	0),
(379,	'Pinky',	'Espinal',	'thalphen@gmail.com',	'd41d8cd98f00b204e9800998ecf8427e',	0,	'',	'https://platform-lookaside.fbsbx.com/platform/profilepic/?asid=10216227576255763&height=200&width=200&ext=1540387978&hash=AeQELxHZ2bxM2uzK',	'10216227576255763',	1,	1,	'',	'',	'',	'',	'',	'',	0),
(380,	'Govind',	'Verma',	'govindverma999@gmail.com',	'd41d8cd98f00b204e9800998ecf8427e',	0,	'',	'https://lh4.googleusercontent.com/-Yzrt-1y4EJ0/AAAAAAAAAAI/AAAAAAAAJg0/nkfL7E2XJO4/photo.jpg',	'103414692690886233157',	2,	1,	'',	'',	'',	'',	'',	'',	0),
(381,	'Caner Aküner',	'Caner Aküner',	'akuner@marmara.edu.tr',	'',	0,	'',	'http://graph.facebook.com/10155877705087194/picture?type=large',	'10155877705087194',	1,	1,	'',	'',	'',	'',	'',	'',	0),
(382,	'Alexa Bradley',	'Alexa Bradley',	'alexabradley@gmail.com',	'',	0,	'',	'http://graph.facebook.com/1729585530502528/picture?type=large',	'1729585530502528',	1,	1,	'',	'',	'',	'',	'',	'',	0),
(383,	'Taner San?',	'Taner San?',	'tanersani@hotmail.com',	'',	0,	'',	'http://graph.facebook.com/10156588814679847/picture?type=large',	'10156588814679847',	1,	1,	'',	'',	'',	'',	'',	'',	0),
(384,	'Blerim',	'Blerim',	'bleeri.m@postribe.com',	'a7a90cec8c03317b451a3749a25d08d0',	0,	'',	'',	'0',	0,	1,	'',	'',	'',	'',	'',	'',	0),
(385,	'michal ',	'michal ',	'lugol@vp.pl',	'cbc73b67385758e64fb3e2728f9981f9',	0,	'',	'',	'0',	0,	1,	'',	'',	'',	'',	'',	'',	0),
(386,	'sunnyxiang',	'sunnyxiang',	'xiaosheng510@outlook.con',	'efbc65d19b99b23ecc2e5db9ecacfa2d',	0,	'',	'',	'0',	0,	1,	'',	'',	'',	'',	'',	'',	0),
(387,	'Fadumo Aden',	'Fadumo Aden',	'fadumo.adenfarah1@gmail.com',	'',	0,	'uploads/user_profile/1538096143',	'',	'105202190165438268780',	2,	1,	'',	'',	'',	'',	'',	'',	0),
(388,	'Carolina',	'Carolina',	'carolinavalentin2004@gmail.com',	'c7df9d6742455e41651628af80327b87',	0,	'',	'',	'0',	0,	1,	'',	'',	'',	'',	'',	'',	0),
(389,	'????',	'????????',	'MelOmaH@mail.ua',	'd41d8cd98f00b204e9800998ecf8427e',	0,	'',	'https://lh6.googleusercontent.com/-6UNb7xArXZ4/AAAAAAAAAAI/AAAAAAAAAB4/4PZuOXeYyZE/photo.jpg',	'111453792840175222208',	2,	1,	'',	'',	'',	'',	'',	'',	0),
(390,	'Claudia Mota',	'Claudia Mota',	'claudiasousamota@gmail.com',	'd376b062493e2bb3d6e104263d73e4ee',	0,	'',	'',	'0',	0,	1,	'',	'',	'',	'',	'',	'',	0),
(391,	'courtney',	'courtney',	'court.adam.uk@gmail.com',	'2e395ff5a4c6d73776edbc24cb979f83',	0,	'',	'',	'0',	0,	1,	'',	'',	'',	'',	'',	'',	0),
(392,	'rewan',	'rewan',	'rewaninbrahimm@uolook.com',	'3ddfd8096ad1f153f3629e4a9ed754d2',	0,	'',	'',	'0',	0,	1,	'',	'',	'',	'',	'',	'',	0),
(393,	'veli',	'veli',	'veli.ayd@hotmail.com',	'ff805f564acdb48a559005b1f95061c9',	0,	'',	'',	'0',	0,	1,	'',	'',	'',	'',	'',	'',	0),
(394,	'Foofa Al Nuaimy',	'Foofa Al Nuaimy',	'ghufranmohammed@yahoo.com',	'',	0,	'',	'http://graph.facebook.com/1947763931969857/picture?type=large',	'1947763931969857',	1,	1,	'',	'',	'',	'',	'',	'',	0),
(395,	'Miraç',	'Baytekin',	'miracbytkn@gmail.com',	'd41d8cd98f00b204e9800998ecf8427e',	0,	'',	'https://lh5.googleusercontent.com/-P-X3K3YRCkc/AAAAAAAAAAI/AAAAAAAAAHM/D-jwBJ5btRs/photo.jpg',	'113500618301731135743',	2,	1,	'',	'',	'',	'',	'',	'',	0),
(396,	'Elisa Lehtilahti',	'Elisa Lehtilahti',	'elisa.lehtilahti@gmail.com',	'1320eb9abc79ae1608a2b3d720213eca',	0,	'',	'',	'0',	0,	1,	'',	'',	'',	'',	'',	'',	0),
(397,	'Bahra',	'Sdeq',	'bahrasdeq10@gmail.com',	'd41d8cd98f00b204e9800998ecf8427e',	0,	'',	'https://platform-lookaside.fbsbx.com/platform/profilepic/?asid=170253633877899&height=200&width=200&ext=1541599433&hash=AeR-YFOP_Pi3IkxG',	'170253633877899',	1,	1,	'',	'',	'',	'',	'',	'',	0),
(398,	'Lars Hansen',	'Lars Hansen',	'larsdfl@gmail.com',	'',	0,	'',	'https://lh4.googleusercontent.com/-bXIL6UOIIbM/AAAAAAAAAAI/AAAAAAAAAAA/AAN31DWn47VfdS1w5wZSXAyp4RiCJweAKg/s200/photo.jpg',	'110059698144888894139',	2,	1,	'',	'',	'',	'',	'',	'',	0),
(399,	'Amy',	'Amy',	'amalmousayoussef.tony@wmich.edu',	'f6faed96cf5e2fe207f66c81257a9f2c',	0,	'',	'',	'0',	0,	1,	'',	'',	'',	'',	'',	'',	0),
(400,	'Morven',	'Morven',	'morvenmcculloch99@gmail.com',	'61835da5cf463bc94c83785c60188207',	0,	'',	'',	'0',	0,	1,	'',	'',	'',	'',	'',	'',	0),
(401,	'Sabrina S',	'Sabrina S',	'sabrina.scistri@gmail.com',	'',	0,	'',	'https://lh3.googleusercontent.com/-GygqGd1whzU/AAAAAAAAAAI/AAAAAAAAAAA/AAN31DX7OEQREmSy6Imi7zL0Z6u9t6O0dg/s200/photo.jpg',	'115441914229228789098',	2,	1,	'',	'',	'',	'',	'',	'',	0),
(402,	'Sven Miller',	'Sven Miller',	'miller.sven@gmail.com',	'',	0,	'',	'https://lh4.googleusercontent.com/-n4j0v8umwbU/AAAAAAAAAAI/AAAAAAAAHGk/QG3WcGT2uWE/s200/photo.jpg',	'101767927339708078885',	2,	1,	'',	'',	'',	'',	'',	'',	0),
(403,	'Säärelä Russel',	'Säärelä Russel',	'russel_bercasio1101656@yahoo.com',	'',	0,	'',	'http://graph.facebook.com/1646777352095702/picture?type=large',	'1646777352095702',	1,	1,	'',	'',	'',	'',	'',	'',	0),
(404,	'Susan Haahr',	'Susan Haahr',	'kontakt@susanhaahr.dk',	'533490bc3c8691f4c1fae0dee060ed07',	0,	'',	'',	'0',	0,	1,	'',	'',	'',	'',	'',	'',	0),
(405,	'yaseen',	'bhai',	'5759rinkokumar@gmail.com',	'd41d8cd98f00b204e9800998ecf8427e',	0,	'',	'https://lh3.googleusercontent.com/-Uw4mWpp11-w/AAAAAAAAAAI/AAAAAAAAAD0/cz-38aO-niY/photo.jpg',	'106668618251445319854',	2,	1,	'',	'',	'',	'',	'',	'',	0),
(406,	'Vikaram',	'Vikaram',	'vikaramsingh018@gmali.com',	'3cf520a9b40816ce1161288932bb0728',	0,	'',	'',	'0',	0,	1,	'',	'',	'',	'',	'',	'',	0),
(407,	'Shyam',	'Shyam',	'sureshsinghdhu@gmail.com',	'd41d8cd98f00b204e9800998ecf8427e',	0,	'',	'https://platform-lookaside.fbsbx.com/platform/profilepic/?asid=284380169082779&height=200&width=200&ext=1542192422&hash=AeRS7we08NkesmJ7',	'284380169082779',	1,	1,	'',	'',	'',	'',	'',	'',	0),
(408,	'Alister',	'Alister',	'alisterjbase@hotmail.com',	'af6e226f4a8c72852366323ddc50d7c7',	0,	'',	'',	'0',	0,	1,	'',	'',	'',	'',	'',	'',	0),
(409,	'Gail Raty',	'Gail Raty',	'gail0121@comcast.net',	'',	0,	'uploads/user_profile/1539631606',	'',	'2301550959873291',	1,	1,	'',	'',	'',	'',	'',	'',	0),
(410,	'Linda Shepard',	'Linda Shepard',	'linda.h.shepard@gmail.com',	'8c4840934026e2985d8092dfe46003df',	0,	'',	'',	'0',	0,	1,	'',	'',	'',	'',	'',	'',	0),
(411,	'Romina',	'Kali',	'kali_romina@yahoo.com',	'd41d8cd98f00b204e9800998ecf8427e',	0,	'',	'https://platform-lookaside.fbsbx.com/platform/profilepic/?asid=2212523712369652&height=200&width=200&ext=1542430723&hash=AeT73qOwJPFMgMuS',	'2212523712369652',	1,	1,	'',	'',	'',	'',	'',	'',	0),
(412,	'Elena',	'Carere',	'soloafrica@hotmail.it',	'd41d8cd98f00b204e9800998ecf8427e',	0,	'',	'https://platform-lookaside.fbsbx.com/platform/profilepic/?asid=10215335950009417&height=200&width=200&ext=1542437831&hash=AeSM_nsawUkiLczE',	'10215335950009417',	1,	1,	'',	'',	'',	'',	'',	'',	0),
(413,	'Simone',	'Sarcinelli',	'sarcinelli.simone67@gmail.com',	'd41d8cd98f00b204e9800998ecf8427e',	0,	'',	'https://platform-lookaside.fbsbx.com/platform/profilepic/?asid=1154550281375800&height=200&width=200&ext=1542479341&hash=AeSropn7kzUvzzLo',	'1154550281375800',	1,	1,	'',	'',	'',	'',	'',	'',	0),
(414,	'Albana',	'Albana',	'albana-ndoja@hotmail.com',	'0de1cec1cd6c461dedd209b31118f439',	0,	'',	'',	'0',	0,	1,	'',	'',	'',	'',	'',	'',	0),
(415,	'karam maher karadsheh',	'karam maher karadsheh',	'karammaherkaradsheh@gmail.com',	'',	0,	'',	'https://lh3.googleusercontent.com/-RRbhyJVoA88/AAAAAAAAAAI/AAAAAAAAGJw/x2Ulu6xChUg/s200/photo.jpg',	'109995011440133838200',	2,	1,	'',	'',	'',	'',	'',	'',	0),
(416,	'Maisa Khader',	'Maisa Khader',	'maisakhader@gmail.com',	'',	0,	'',	'https://lh6.googleusercontent.com/-HDJ-5F6381E/AAAAAAAAAAI/AAAAAAAAD0k/R4grJVNA-I8/s200/photo.jpg',	'103830960746694880488',	2,	1,	'',	'',	'',	'',	'',	'',	0),
(417,	'kauani',	'kauani',	'kauanideoliveira49@gmail.com',	'e10adc3949ba59abbe56e057f20f883e',	0,	'',	'',	'0',	0,	1,	'',	'',	'',	'',	'',	'',	0),
(418,	'Ninetta Éll ',	'Ninetta Éll ',	'ellninetta@gmail.com',	'46fcaa0bb266794526ac1db0ee457b04',	0,	'',	'',	'0',	0,	1,	'',	'',	'',	'',	'',	'',	0),
(419,	'chamulungu',	'chamulungu',	'wabadhanak60@yahoo.com',	'3cec9d12b28e1e5b0414f9efc3274242',	0,	'',	'',	'0',	0,	1,	'',	'',	'',	'',	'',	'',	0),
(420,	'Özlem Morgan',	'Özlem Morgan',	'ozlemmorgan@gmail.com',	'',	0,	'',	'http://graph.facebook.com/10155811779975868/picture?type=large',	'10155811779975868',	1,	1,	'',	'',	'',	'',	'',	'',	0),
(421,	'Meliksah',	'Avcil',	'meliksahavcil@googlemail.com',	'd41d8cd98f00b204e9800998ecf8427e',	0,	'',	'https://plus.google.com/_/focus/photos/private/AIbEiAIAAABECJrKotui0MTnywEiC3ZjYXJkX3Bob3RvKihjNjUwNGFiZTNhYzkwMWRhYzg2MzQxZDQ1OWRhNDYwMmM4N2IyNmM0MAGHYSCB3emJxN-hmU24XCuLxmVcaA',	'114685977260161803546',	2,	1,	'',	'',	'',	'',	'',	'',	0),
(422,	'Ali Alassaf',	'Ali Alassaf',	'assafali817@gmail.com',	'',	0,	'',	'http://graph.facebook.com/2210267299297648/picture?type=large',	'2210267299297648',	1,	1,	'',	'',	'',	'',	'',	'',	0),
(423,	'Rauf Mohammadi',	'Rauf Mohammadi',	'raufmohammadi6@gmail.com',	'',	0,	'',	'https://lh4.googleusercontent.com/-98ZLuJDmbsk/AAAAAAAAAAI/AAAAAAAAAAo/wnawcTOA4OA/s200/photo.jpg',	'116745693637601021792',	2,	1,	'',	'',	'',	'',	'',	'',	0),
(424,	'graham',	'graham',	'val@elevatepharma.co.uk',	'a414410bc7e1a8e223fb23825fc73a7f',	0,	'',	'',	'0',	0,	1,	'',	'',	'',	'',	'',	'',	0),
(425,	'Meg',	'Meg',	'mrapunda@gmail.com',	'39cb35915e5d2d624b851f26d6f98d97',	0,	'',	'',	'0',	0,	1,	'',	'',	'',	'',	'',	'',	0),
(426,	'Martha Harding',	'Martha Harding',	'Martha.Harding@scottishrefugeecouncil.org.uk',	'a0b9de7cf219eff646b89f147d32a81b',	0,	'',	'',	'0',	0,	1,	'',	'',	'',	'',	'',	'',	0),
(427,	'Varghese',	'Varghese',	'vargie@hotmail.com',	'89689127cabdc61696301558805c9ad5',	0,	'',	'',	'0',	0,	1,	'',	'',	'',	'',	'',	'',	0),
(428,	'varghese',	'varghese',	'varghie@hotmail.com',	'89689127cabdc61696301558805c9ad5',	0,	'',	'',	'0',	0,	1,	'',	'',	'',	'',	'',	'',	0),
(429,	'Mattias',	'Mattias',	'numzia777@tiscali.it',	'0fe4f43e1dd173abc07ce508a74800e2',	0,	'',	'',	'0',	0,	1,	'',	'',	'',	'',	'',	'',	0),
(430,	'isabel',	'isabel',	'irodenasfraile@gmail.com',	'c0a05fe69f4d4cf89450e512ddc9cdcb',	0,	'',	'',	'0',	0,	1,	'',	'',	'',	'',	'',	'',	0),
(431,	'Michael Poole',	'Michael Poole',	'cyclinglondon@gmail.com',	'bda15e156e83d19fd03fdcc2bdb8c7c9',	0,	'',	'',	'0',	0,	1,	'',	'',	'',	'',	'',	'',	0),
(432,	'Benedetta',	'Bruno',	'dora91.romano@hotmail.it',	'd41d8cd98f00b204e9800998ecf8427e',	0,	'',	'https://platform-lookaside.fbsbx.com/platform/profilepic/?asid=304765153680377&height=200&width=200&ext=1543209994&hash=AeQ8G5PM9HCXPQQ1',	'304765153680377',	1,	1,	'',	'',	'',	'',	'',	'',	0),
(433,	'Neto',	'Neto',	'netonavarrete@gmail.com',	'06dfcd96f08140b21d5cafecb7c7ce8f',	0,	'',	'',	'0',	0,	1,	'',	'',	'',	'',	'',	'',	0),
(434,	'sondre',	'sondre',	'sondreklett@me.com',	'777fb48418713075551ce65715333e18',	0,	'',	'',	'0',	0,	1,	'',	'',	'',	'',	'',	'',	0),
(435,	'daouda',	'daouda',	'kanded78@gmail.com',	'7e74b025f41b88ee1ad9ba629e875d4c',	0,	'',	'',	'0',	0,	1,	'',	'',	'',	'',	'',	'',	0),
(436,	'ilaria',	'ilaria',	'lasognatrice1989@hotmail.it',	'0816d889dcb9c01a488ec72a9b767294',	0,	'',	'',	'0',	0,	1,	'',	'',	'',	'',	'',	'',	0),
(437,	'kate',	'kate',	'kasiakelbasovych@gmail.com',	'a833b33feaab49d02242eade2393da6b',	0,	'',	'',	'0',	0,	1,	'',	'',	'',	'',	'',	'',	0),
(438,	'Renato Cattabriga',	'Renato Cattabriga',	'machearth@gmail.com',	'e57a974418e07402e3416a7a6b0c6347',	0,	'',	'',	'0',	0,	1,	'',	'',	'',	'',	'',	'',	0),
(439,	'Anna',	'Anna',	'annucciag-90@hotmail.it',	'1ba42c0d8b20edf103a7dd14074c2723',	0,	'',	'',	'0',	0,	1,	'',	'',	'',	'',	'',	'',	0),
(440,	'_M_',	'_M_',	'thanaimieilibri@gmail.com',	'897c4789012319bd0e0724e9cc3589c1',	0,	'',	'',	'0',	0,	1,	'',	'',	'',	'',	'',	'',	0),
(441,	'najada',	'najada',	'avxhinajada@tiscali.it',	'088299a24390eb885de4d46b74e3859a',	0,	'',	'',	'0',	0,	1,	'',	'',	'',	'',	'',	'',	0),
(442,	'Nezam',	'Nezam',	'nezlang@gmail.com',	'b1b8a2cad8b60a74ad18c5a548066932',	0,	'',	'',	'0',	0,	1,	'',	'',	'',	'',	'',	'',	0),
(443,	'robi',	'robi',	'robb_822@yahoo.it',	'637f99d7be806f82f84a458db9238bd6',	0,	'',	'',	'0',	0,	1,	'',	'',	'',	'',	'',	'',	0),
(444,	'M.luisa Bagazgoitia',	'M.luisa Bagazgoitia',	'lmbagaz@gmail.com',	'',	0,	'',	'https://lh5.googleusercontent.com/-BsHKSD8pdFs/AAAAAAAAAAI/AAAAAAAAAAA/ABtNlbC3pMoR8YthjcWsjmw3Z-TEzAakOA/s200/photo.jpg',	'100743819065860868615',	2,	1,	'',	'',	'',	'',	'',	'',	0),
(445,	'Angela Vega',	'Angela Vega',	'mavegalu@gmail.com',	'',	0,	'',	'https://lh5.googleusercontent.com/-kCAHmPUjlrI/AAAAAAAAAAI/AAAAAAAAAAA/ABtNlbDWv3UKdPvjpTkizartxgWlkxO53w/s200/photo.jpg',	'108504180666353776221',	2,	1,	'',	'',	'',	'',	'',	'',	0),
(446,	'Estela',	'Estela',	'stelapiquerasguz@yahoo.es',	'ad972202edbc5e49897ca1d6c2d9e655',	0,	'',	'',	'0',	0,	1,	'',	'',	'',	'',	'',	'',	0),
(447,	'Lucia',	'Sancesario',	'lucy1949@live.it',	'd41d8cd98f00b204e9800998ecf8427e',	0,	'',	'https://platform-lookaside.fbsbx.com/platform/profilepic/?asid=2037672552938863&height=200&width=200&ext=1543422184&hash=AeSB5KBz9sZ-L08x',	'2037672552938863',	1,	1,	'',	'',	'',	'',	'',	'',	0),
(448,	'Giovanni',	'Giovanni',	'es.giovanni@yahoo.it',	'a39702fadb16a2ef5e483d35d6ec3a62',	0,	'',	'',	'0',	0,	1,	'',	'',	'',	'',	'',	'',	0),
(449,	'Pilar',	'Izquierdo',	'pilar.izquierdo@hotmail.es',	'd41d8cd98f00b204e9800998ecf8427e',	0,	'',	'https://platform-lookaside.fbsbx.com/platform/profilepic/?asid=2166755670023857&height=200&width=200&ext=1543426627&hash=AeS97jCkPJh-cr3m',	'2166755670023857',	1,	1,	'',	'',	'',	'',	'',	'',	0),
(450,	'Federica',	'Bertolotti',	'bertolotti.federica.96@gmail.com',	'd41d8cd98f00b204e9800998ecf8427e',	0,	'',	'https://lh5.googleusercontent.com/-r1hDaXFWFPM/AAAAAAAAAAI/AAAAAAAAAB0/RcZxtjPi8Zk/photo.jpg',	'107059467584004572417',	2,	1,	'',	'',	'',	'',	'',	'',	0),
(451,	'Francesca',	'Tedisco',	'francy_ted95@hotmail.it',	'd41d8cd98f00b204e9800998ecf8427e',	0,	'',	'https://platform-lookaside.fbsbx.com/platform/profilepic/?asid=10215035938763258&height=200&width=200&ext=1543474630&hash=AeTHQhHgxBJRnelj',	'10215035938763258',	1,	1,	'',	'',	'',	'',	'',	'',	0),
(452,	'fabio Zanor',	'fabio Zanor',	'fabiozanor@gmail.com',	'49d845643515516656e13715f797de6d',	0,	'',	'',	'0',	0,	1,	'',	'',	'',	'',	'',	'',	0),
(453,	'chloe',	'chloe',	'cf39@hw.ac.uk',	'1186c57d85aa38a6065abd848a75df11',	0,	'',	'',	'0',	0,	1,	'',	'',	'',	'',	'',	'',	0),
(454,	'Giovanni',	'Libro',	'xxjokicxx@gmail.com',	'd41d8cd98f00b204e9800998ecf8427e',	0,	'',	'https://lh3.googleusercontent.com/-F2gz_NuM6K8/AAAAAAAAAAI/AAAAAAAAARo/vS_aMEaDO6g/photo.jpg',	'116366690609879300601',	2,	1,	'',	'',	'',	'',	'',	'',	0),
(455,	'Francesca',	'Bertaglio',	'sakuranohana244@gmail.com',	'd41d8cd98f00b204e9800998ecf8427e',	0,	'',	'https://lh4.googleusercontent.com/-itYaPy51N7Y/AAAAAAAAAAI/AAAAAAAAAF4/HbB0U8BklIs/photo.jpg',	'105972702533893713646',	2,	1,	'',	'',	'',	'',	'',	'',	0),
(456,	'Matteo Malak',	'Matteo Malak',	'matteo.malak@gmail.com',	'',	0,	'',	'https://lh3.googleusercontent.com/-9DN4j0b-Hts/AAAAAAAAAAI/AAAAAAAAADA/ZSUmo957dHw/s200/photo.jpg',	'117447557807006620255',	2,	1,	'',	'',	'',	'',	'',	'',	0),
(457,	'Francesca',	'Latini',	'lacollinadeiciliegi@live.it',	'd41d8cd98f00b204e9800998ecf8427e',	0,	'',	'https://platform-lookaside.fbsbx.com/platform/profilepic/?asid=10157828703174863&height=200&width=200&ext=1543497176&hash=AeSHFkDwnLL5dOMu',	'10157828703174863',	1,	1,	'',	'',	'',	'',	'',	'',	0),
(458,	'Emanuele',	'Emanuele',	'emanuelemangano95@libero.it',	'10a057af190e4822a785eaf5762453c8',	0,	'',	'',	'0',	0,	1,	'',	'',	'',	'',	'',	'',	0),
(459,	'Simone Carolla',	'Simone Carolla',	'simone.carolla@hotmail.it',	'',	0,	'',	'http://graph.facebook.com/2248330128722612/picture?type=large',	'2248330128722612',	1,	1,	'',	'',	'',	'',	'',	'',	0),
(460,	'Bishop',	'Walters',	'obuasb@gmail.com',	'd41d8cd98f00b204e9800998ecf8427e',	0,	'',	'https://platform-lookaside.fbsbx.com/platform/profilepic/?asid=1778610818929026&height=200&width=200&ext=1543507037&hash=AeQcXAcG2c5__u7i',	'1778610818929026',	1,	1,	'',	'',	'',	'',	'',	'',	0),
(461,	'ri',	'ri',	'rikixx.unt@gmail.com',	'2b5dd0bd4fd1243de77394b135de0ff6',	0,	'',	'',	'0',	0,	1,	'',	'',	'',	'',	'',	'',	0),
(462,	'Hussain Abid',	'Hussain Abid',	'Hussain12@gmail.com',	'7b47ec1a52f0704f4437070e077ae105',	0,	'',	'',	'0',	0,	1,	'',	'',	'',	'',	'',	'',	0),
(463,	'*',	'Carmen',	'carmenmarinoj@gmail.com',	'd41d8cd98f00b204e9800998ecf8427e',	0,	'',	'https://lh3.googleusercontent.com/-m9f0E95De78/AAAAAAAAAAI/AAAAAAAAALI/AZJ5uHT6WO4/photo.jpg',	'111950961729679445993',	2,	1,	'',	'',	'',	'',	'',	'',	0),
(464,	'Gianluca',	'Giavatto',	'javajunior@hotmail.it',	'd41d8cd98f00b204e9800998ecf8427e',	0,	'',	'https://platform-lookaside.fbsbx.com/platform/profilepic/?asid=10217639642566076&height=200&width=200&ext=1543520291&hash=AeRj5R5pRQfw4WZ6',	'10217639642566076',	1,	1,	'',	'',	'',	'',	'',	'',	0),
(465,	'Chiara',	'Tonoli',	'superkikka93@gmail.com',	'd41d8cd98f00b204e9800998ecf8427e',	0,	'',	'https://platform-lookaside.fbsbx.com/platform/profilepic/?asid=10213319846851054&height=200&width=200&ext=1543524398&hash=AeSpYx-e4Uhd7VLa',	'10213319846851054',	1,	1,	'',	'',	'',	'',	'',	'',	0),
(466,	'Surjit Kaur',	'Surjit Kaur',	'kalsipreeti90@yahoo.com',	'',	0,	'uploads/user_profile/1541360492',	'',	'1845427932222793',	1,	1,	'',	'',	'',	'',	'',	'',	0),
(467,	'Grazia',	'Terrenzio',	'grazia1944@hotmail.it',	'd41d8cd98f00b204e9800998ecf8427e',	0,	'',	'https://platform-lookaside.fbsbx.com/platform/profilepic/?asid=1996769180388481&height=200&width=200&ext=1543531288&hash=AeRpEd9G-N4Jt0JW',	'1996769180388481',	1,	1,	'',	'',	'',	'',	'',	'',	0),
(468,	'windaver',	'windaver',	'davide.assaretti@gmail.com',	'1d6cd3130c6eadb720d3f8d1a7341efb',	0,	'',	'',	'0',	0,	1,	'',	'',	'',	'',	'',	'',	0),
(469,	'Cristina',	'Lamana Sanz',	'cristina.lamana@hotmail.com',	'd41d8cd98f00b204e9800998ecf8427e',	0,	'',	'https://platform-lookaside.fbsbx.com/platform/profilepic/?asid=1406804899453213&height=200&width=200&ext=1543534107&hash=AeRrD-1H_44CRkpK',	'1406804899453213',	1,	1,	'',	'',	'',	'',	'',	'',	0),
(470,	'Giovanni Capraro',	'Giovanni Capraro',	'giovanni.1986@libero.it',	'',	0,	'uploads/user_profile/1540945425',	'',	'2148403282038833',	1,	1,	'',	'',	'',	'',	'',	'',	0),
(471,	'Michela Madaro',	'Michela Madaro',	'miki.19n26@gmail.com',	'',	0,	'',	'https://lh4.googleusercontent.com/-HmqXD72yP7o/AAAAAAAAAAI/AAAAAAAAAQI/9bnANyIl8FM/s200/photo.jpg',	'111384013015404905533',	2,	1,	'',	'',	'',	'',	'',	'',	0),
(472,	'Fra',	'Fra',	'ke84@hotmail.it',	'1107da948cfeaa7e3d5a26cb50c8eec4',	0,	'',	'',	'0',	0,	1,	'',	'',	'',	'',	'',	'',	0),
(473,	'Luca Bussola',	'Luca Bussola',	'lucabussola@outlook.com',	'',	0,	'',	'http://graph.facebook.com/10218238987393126/picture?type=large',	'10218238987393126',	1,	1,	'',	'',	'',	'',	'',	'',	0),
(474,	'Caterina',	'Iacoi',	'katiaiacoi@gmail.com',	'd41d8cd98f00b204e9800998ecf8427e',	0,	'',	'https://lh5.googleusercontent.com/-Bce91sVIF_A/AAAAAAAAAAI/AAAAAAAAABY/IvJPB6SdNHs/photo.jpg',	'107934900137146257493',	2,	1,	'',	'',	'',	'',	'',	'',	0),
(475,	'stefi',	'stefi',	'stefania92cassano@gmail.com',	'634560a07c1e6654c1333cd5a5017273',	0,	'',	'',	'0',	0,	1,	'',	'',	'',	'',	'',	'',	0),
(476,	'Daniele',	'Lospalluto',	'danielelospalluto@gmail.com',	'd41d8cd98f00b204e9800998ecf8427e',	0,	'',	'https://platform-lookaside.fbsbx.com/platform/profilepic/?asid=1839497506167110&height=200&width=200&ext=1543583924&hash=AeQci05Mf7ciT-0H',	'1839497506167110',	1,	1,	'',	'',	'',	'',	'',	'',	0),
(477,	'elena',	'elena',	'bertini.elena@libero.it',	'c9781276572e4c1cb2c32fb10126c647',	0,	'',	'',	'0',	0,	1,	'',	'',	'',	'',	'',	'',	0),
(478,	'Federica',	'Pugliese',	'killah91@hotmail.it',	'd41d8cd98f00b204e9800998ecf8427e',	0,	'',	'https://platform-lookaside.fbsbx.com/platform/profilepic/?asid=10217818801811960&height=200&width=200&ext=1543595657&hash=AeSC-araITr1ubaM',	'10217818801811960',	1,	1,	'',	'',	'',	'',	'',	'',	0),
(479,	'ivano',	'ivano',	'ivano-forte@hotmail.it',	'23bdbd9432e78f95be1c3fb5b64e7ecd',	0,	'',	'',	'0',	0,	1,	'',	'',	'',	'',	'',	'',	0),
(480,	'mra',	'mra',	'crackagen@gmail.com',	'7aba596add291eb0a8ae6faf3e425859',	0,	'',	'',	'0',	0,	1,	'',	'',	'',	'',	'',	'',	0),
(481,	'Valentino',	'Valentino',	'valentino.allocca@gmail.com',	'0ecf0d9b7209b0a988a03c10060e4649',	0,	'',	'',	'0',	0,	1,	'',	'',	'',	'',	'',	'',	0),
(482,	'Erika Ordoñez',	'Erika Ordoñez',	'erika_ordonez15@hotmail.com',	'',	0,	'',	'http://graph.facebook.com/10156773211354715/picture?type=large',	'10156773211354715',	1,	1,	'',	'',	'',	'',	'',	'',	0),
(483,	'Matilda',	'Limoncelli',	'bellabufanda@gmail.com',	'd41d8cd98f00b204e9800998ecf8427e',	0,	'',	'https://lh3.googleusercontent.com/-v3fTGEoraSg/AAAAAAAAAAI/AAAAAAAAAAU/_24Lh0GoCX8/photo.jpg',	'118197911074603927056',	2,	1,	'',	'',	'',	'',	'',	'',	0),
(484,	'gabik',	'gabik',	'vlckovag@yahoo.com',	'f8cfabcb3156c6f86c267c059dd76a25',	0,	'',	'',	'0',	0,	1,	'',	'',	'',	'',	'',	'',	0),
(485,	'Issa Dene',	'Issa Dene',	'issadene21@gmail.com',	'',	0,	'',	'https://lh4.googleusercontent.com/-oi_KY0ysrTI/AAAAAAAAAAI/AAAAAAAAAAA/ABtNlbBEPkvyMJQX3cHU5p8qs6YNmJjzKg/s200/photo.jpg',	'108436198505394446829',	2,	1,	'',	'',	'',	'',	'',	'',	0),
(486,	'samantha',	'guadagnini',	'christiangreyoottimodirei@gmail.com',	'd41d8cd98f00b204e9800998ecf8427e',	0,	'',	'https://lh4.googleusercontent.com/-XgzvCMnsm7Q/AAAAAAAAAAI/AAAAAAAAABc/KNsoa3dvquY/photo.jpg',	'112090906657205421300',	2,	1,	'',	'',	'',	'',	'',	'',	0),
(487,	'isabella',	'isabella',	'donati.isabella@gmail.com',	'4181cb6c6456c16239f2ae8496d7ce0a',	0,	'',	'',	'0',	0,	1,	'',	'',	'',	'',	'',	'',	0),
(488,	'Nicola',	'Schirru',	'schirrunicola@yahoo.it',	'd41d8cd98f00b204e9800998ecf8427e',	0,	'',	'https://platform-lookaside.fbsbx.com/platform/profilepic/?asid=10212550578582916&height=200&width=200&ext=1543656859&hash=AeQCENoDqceWRFuT',	'10212550578582916',	1,	1,	'',	'',	'',	'',	'',	'',	0),
(489,	'beatriz',	'beatriz',	'beachumallorca@gmail.com',	'7a89b116e32966786a8c3d0fbd5506cc',	0,	'',	'',	'0',	0,	1,	'',	'',	'',	'',	'',	'',	0),
(490,	'Fabio',	'Marchese',	'fabio93italia@hotmail.it',	'd41d8cd98f00b204e9800998ecf8427e',	0,	'',	'https://platform-lookaside.fbsbx.com/platform/profilepic/?asid=10217270599906396&height=200&width=200&ext=1543667753&hash=AeRzOWNuLbPxd06d',	'10217270599906396',	1,	1,	'',	'',	'',	'',	'',	'',	0),
(491,	'eli',	'eli',	'elirolli27@gmail.com',	'7b6f97189c5d8a8322b0981731c47894',	0,	'',	'',	'0',	0,	1,	'',	'',	'',	'',	'',	'',	0),
(492,	'Cristina Gordini',	'Cristina Gordini',	'cristinagordini@gmail.com',	'',	0,	'',	'https://lh4.googleusercontent.com/-KJWyIq6tysA/AAAAAAAAAAI/AAAAAAAAAGM/p-n-NYRVJbI/s200/photo.jpg',	'118415963099009913123',	2,	1,	'',	'',	'',	'',	'',	'',	0),
(493,	'mari',	'mari',	'mariana.giuliano@virgilio.it',	'3243695966c97d1c5affb98fcaa854dd',	0,	'',	'',	'0',	0,	1,	'',	'',	'',	'',	'',	'',	0),
(494,	'Valeria',	'Valeria',	'valeps1@gmail.com',	'16dc847cf5780d7bfb3668668c0ab8f6',	0,	'',	'',	'0',	0,	1,	'',	'',	'',	'',	'',	'',	0),
(495,	'angy',	'angy',	'dettucio@hotmail.it',	'911ee67714e284af9a283645d98d38b0',	0,	'',	'',	'0',	0,	1,	'',	'',	'',	'',	'',	'',	0),
(496,	'Javid',	'Shahab',	'javidjavid@hotmail.com',	'd41d8cd98f00b204e9800998ecf8427e',	0,	'',	'https://platform-lookaside.fbsbx.com/platform/profilepic/?asid=2060216717363371&height=200&width=200&ext=1543685047&hash=AeRH47XvDIgh0vMq',	'2060216717363371',	1,	1,	'',	'',	'',	'',	'',	'',	0),
(497,	'Marta  Marzella',	'Marta  Marzella',	'marta.marzella@gmail.com',	'',	0,	'',	'http://graph.facebook.com/10218056834600469/picture?type=large',	'10218056834600469',	1,	1,	'',	'',	'',	'',	'',	'',	0),
(498,	'Francesca',	'Fraioli',	'rita.di.pietro.bis@alice.it',	'd41d8cd98f00b204e9800998ecf8427e',	0,	'',	'https://platform-lookaside.fbsbx.com/platform/profilepic/?asid=10212182089257914&height=200&width=200&ext=1543687688&hash=AeTvWLgYNi9537pe',	'10212182089257914',	1,	1,	'',	'',	'',	'',	'',	'',	0),
(499,	'Giovanni Gio Lopez',	'Giovanni Gio Lopez',	'giovannilopez2011@live.com',	'',	0,	'',	'http://graph.facebook.com/2345964922099498/picture?type=large',	'2345964922099498',	1,	1,	'',	'',	'',	'',	'',	'',	0),
(500,	'Alessia',	'Miozza',	'aissela.zm@gmail.com',	'd41d8cd98f00b204e9800998ecf8427e',	0,	'',	'https://platform-lookaside.fbsbx.com/platform/profilepic/?asid=10217718698023198&height=200&width=200&ext=1543692492&hash=AeTAUfrluQptrumF',	'10217718698023198',	1,	1,	'',	'',	'',	'',	'',	'',	0),
(501,	'Larry',	'Jaramillo',	'larryjohan@gmail.com',	'd41d8cd98f00b204e9800998ecf8427e',	0,	'',	'https://lh5.googleusercontent.com/-2WDGrm2PWb0/AAAAAAAAAAI/AAAAAAAABO0/kgaBPbJw8oQ/photo.jpg',	'110982025971917325602',	2,	1,	'',	'',	'',	'',	'',	'',	0),
(502,	'filo',	'filo',	'hhomme05@Gmail.com',	'5dbab028ff83e9c0fa65c07a0b591b29',	0,	'',	'',	'0',	0,	1,	'',	'',	'',	'',	'',	'',	0),
(503,	'Giuseppe Martina',	'Giuseppe Martina',	'rivendita14@libero.it',	'',	0,	'',	'http://graph.facebook.com/757547451261851/picture?type=large',	'757547451261851',	1,	1,	'',	'',	'',	'',	'',	'',	0),
(504,	'Marco Curreri',	'Marco Curreri',	'marcocurreri1@hotmail.it',	'',	0,	'',	'http://graph.facebook.com/2288722844471207/picture?type=large',	'2288722844471207',	1,	1,	'',	'',	'',	'',	'',	'',	0),
(505,	'Francesca Verrillo',	'Francesca Verrillo',	'francydony@gmail.com',	'',	0,	'',	'http://graph.facebook.com/2207051126238629/picture?type=large',	'2207051126238629',	1,	1,	'',	'',	'',	'',	'',	'',	0),
(506,	'Giordano',	'Maurizi',	'giordanomaurizi1996@gmail.com',	'd41d8cd98f00b204e9800998ecf8427e',	0,	'',	'https://platform-lookaside.fbsbx.com/platform/profilepic/?asid=439445639919100&height=200&width=200&ext=1543707285&hash=AeT0ucap8GUraNan',	'439445639919100',	1,	1,	'',	'',	'',	'',	'',	'',	0),
(507,	'Tiziano',	'Tiziano',	'tizianonardini@libero.it',	'4f220998e92a02941ab79441e6b0801d',	0,	'',	'',	'0',	0,	1,	'',	'',	'',	'',	'',	'',	0),
(508,	'Andy',	'Andy',	'b-boyandy@hotmail.it',	'd41d8cd98f00b204e9800998ecf8427e',	0,	'',	'https://platform-lookaside.fbsbx.com/platform/profilepic/?asid=1876349972461948&height=200&width=200&ext=1543736709&hash=AeTltrX0ElknYUZB',	'1876349972461948',	1,	1,	'',	'',	'',	'',	'',	'',	0),
(509,	'Rosanna Cesarano',	'Rosanna Cesarano',	'rosannacesaranorcrosy@gmail.com',	'',	0,	'',	'https://lh6.googleusercontent.com/-53JStCUjq3M/AAAAAAAAAAI/AAAAAAAAAEU/4F0A7e8hD_E/s200/photo.jpg',	'111108388767154831022',	2,	1,	'',	'',	'',	'',	'',	'',	0),
(510,	'andrea ',	'andrea ',	'gomez.andre051214@gmail.com',	'e1337134cfcad68e11e4b0ab36deb8d0',	0,	'',	'',	'0',	0,	1,	'',	'',	'',	'',	'',	'',	0),
(511,	'cristina',	'bvet',	'cristinabvet@gmail.com',	'd41d8cd98f00b204e9800998ecf8427e',	0,	'',	'https://lh6.googleusercontent.com/-Qc1RoRQkrHA/AAAAAAAAAAI/AAAAAAAAGuI/Y_baNBJNJ6E/photo.jpg',	'110569511729703028591',	2,	1,	'',	'',	'',	'',	'',	'',	0),
(512,	'Salvo',	'Prester',	'salvo-prester@hotmail.it',	'd41d8cd98f00b204e9800998ecf8427e',	0,	'',	'https://platform-lookaside.fbsbx.com/platform/profilepic/?asid=10216312097506888&height=200&width=200&ext=1543746011&hash=AeSO2LzGFyq1hx_q',	'10216312097506888',	1,	1,	'',	'',	'',	'',	'',	'',	0),
(513,	'Noemi Campagna',	'Noemi Campagna',	'noei87@msn.com',	'',	0,	'',	'https://lh5.googleusercontent.com/-4AEh0f9nZQA/AAAAAAAAAAI/AAAAAAAAABU/gzaKwX1_tjM/s200/photo.jpg',	'116584124942527674769',	2,	1,	'',	'',	'',	'',	'',	'',	0),
(514,	'Andrea Rimmaudo',	'Andrea Rimmaudo',	'andrea.rimma94@gmail.com',	'',	0,	'',	'https://lh4.googleusercontent.com/-IfOy5XNTHNk/AAAAAAAAAAI/AAAAAAAAAAA/ABtNlbAkEoIQKCS8vLC2ebyYlbB9S2vfbg/s200/photo.jpg',	'102140202953939355885',	2,	1,	'',	'',	'',	'',	'',	'',	0),
(515,	'Eliana Pellone',	'Eliana Pellone',	'elianapellone90@yahoo.it',	'',	0,	'',	'http://graph.facebook.com/2642207855792947/picture?type=large',	'2642207855792947',	1,	1,	'',	'',	'',	'',	'',	'',	0),
(516,	'Helen Rahma',	'Helen Rahma',	'helenrahma9@gmail.com',	'',	0,	'',	'https://lh4.googleusercontent.com/-eaaM9F9qCoM/AAAAAAAAAAI/AAAAAAAAAAA/ABtNlbAw7Wp1rKLqxoPLKei-805N6HDB9A/s200/photo.jpg',	'113133372894469194385',	2,	1,	'',	'',	'',	'',	'',	'',	0),
(517,	'Saverio Simula',	'Saverio Simula',	'geom_simula_saverio@libero.it',	'',	0,	'',	'http://graph.facebook.com/10212338059635665/picture?type=large',	'10212338059635665',	1,	1,	'',	'',	'',	'',	'',	'',	0),
(518,	'nadia',	'nadia',	'nadin85@libero.it',	'019e819152657330dc425313d00f1992',	0,	'',	'',	'0',	0,	1,	'',	'',	'',	'',	'',	'',	0),
(519,	'salvatore',	'lamberti',	'lamberti.salvatore92@gmail.com',	'd41d8cd98f00b204e9800998ecf8427e',	0,	'',	'https://lh6.googleusercontent.com/-n4Hw8ukJQuE/AAAAAAAAAAI/AAAAAAAAALs/ykBPC01yL-c/photo.jpg',	'105131654661651661467',	2,	1,	'',	'',	'',	'',	'',	'',	0),
(520,	'Francesco Baiamonte',	'Francesco Baiamonte',	'ciccio_baiamonte@hotmail.it',	'',	0,	'',	'http://graph.facebook.com/10214881683330504/picture?type=large',	'10214881683330504',	1,	1,	'',	'',	'',	'',	'',	'',	0),
(521,	'Marta Ruocco',	'Marta Ruocco',	'mrt_90@hotmail.it',	'',	0,	'',	'http://graph.facebook.com/2355562171138474/picture?type=large',	'2355562171138474',	1,	1,	'',	'',	'',	'',	'',	'',	0),
(522,	'Chiara',	'Montemaggi',	'chiaramontemaggi96@gmail.com',	'd41d8cd98f00b204e9800998ecf8427e',	0,	'',	'https://lh3.googleusercontent.com/-q988S09JHPE/AAAAAAAAAAI/AAAAAAAAACE/3TDnpnIl76g/photo.jpg',	'110297114797132038023',	2,	1,	'',	'',	'',	'',	'',	'',	0),
(523,	'stefan',	'stefan',	'sbarcari@mail.ru',	'2fde2b1125129610f7250978df498549',	0,	'',	'',	'0',	0,	1,	'',	'',	'',	'',	'',	'',	0),
(524,	'Emilia',	'Scibelli',	'scibelliemilia@gmail.com',	'd41d8cd98f00b204e9800998ecf8427e',	0,	'',	'https://platform-lookaside.fbsbx.com/platform/profilepic/?asid=10216519027755827&height=200&width=200&ext=1543818352&hash=AeQ75Tpzab_Sgyfn',	'10216519027755827',	1,	1,	'',	'',	'',	'',	'',	'',	0),
(525,	'Giovanni',	'Pagliuca',	'aliengio@hotmail.it',	'd41d8cd98f00b204e9800998ecf8427e',	0,	'',	'https://platform-lookaside.fbsbx.com/platform/profilepic/?asid=10156009324388786&height=200&width=200&ext=1543828703&hash=AeRVmkefYSSPzhjr',	'10156009324388786',	1,	1,	'',	'',	'',	'',	'',	'',	0),
(526,	'Sunshine Pierre',	'Sunshine Pierre',	'arounotai@yahoo.it',	'',	0,	'',	'http://graph.facebook.com/2174813656126249/picture?type=large',	'2174813656126249',	1,	1,	'',	'',	'',	'',	'',	'',	0),
(527,	'Chiara',	'Marcon',	'chiaramarcon@yahoo.it',	'd41d8cd98f00b204e9800998ecf8427e',	0,	'',	'https://platform-lookaside.fbsbx.com/platform/profilepic/?asid=10216724127751265&height=200&width=200&ext=1543837187&hash=AeSBjRnUO1sfYkrd',	'10216724127751265',	1,	1,	'',	'',	'',	'',	'',	'',	0),
(528,	'Silvia',	'Silvia',	'silvyaa.91@gmail.com',	'f56f5fdfdf7cb11e2755338420b8f5ce',	0,	'',	'',	'0',	0,	1,	'',	'',	'',	'',	'',	'',	0),
(529,	'nadia',	'indino',	'indinonadia@gmail.com',	'd41d8cd98f00b204e9800998ecf8427e',	0,	'',	'https://lh5.googleusercontent.com/-0gx7yuNPoS4/AAAAAAAAAAI/AAAAAAAAAXw/uMUUh9J7poI/photo.jpg',	'102200079953675604278',	2,	1,	'',	'',	'',	'',	'',	'',	0),
(530,	'daniela',	'daniela',	'danilu84@libero.it',	'1154b2b8084eb8dbf83deb4adf3da0ea',	0,	'',	'',	'0',	0,	1,	'',	'',	'',	'',	'',	'',	0),
(531,	'Monica',	'Uccheddu',	'monica.uccheddu@live.it',	'd41d8cd98f00b204e9800998ecf8427e',	0,	'',	'https://platform-lookaside.fbsbx.com/platform/profilepic/?asid=10215205261517746&height=200&width=200&ext=1543848564&hash=AeR2t92uMUl9h97r',	'10215205261517746',	1,	1,	'',	'',	'',	'',	'',	'',	0),
(532,	'patrizia cannas',	'patrizia cannas',	'cannaspatrizia97@gmail.com',	'afa3d76de9d56f9dc8ff122c0e85fbee',	0,	'',	'',	'0',	0,	1,	'',	'',	'',	'',	'',	'',	0),
(533,	'GIUSY',	'ACAMPORA',	'susyaca29@gmail.com',	'd41d8cd98f00b204e9800998ecf8427e',	0,	'',	'https://lh6.googleusercontent.com/-MocRCBgMiQY/AAAAAAAAAAI/AAAAAAAAABE/47x85w32Gjk/photo.jpg',	'107046668945928409371',	2,	1,	'',	'',	'',	'',	'',	'',	0),
(534,	'Rosanna Moschetta',	'Rosanna Moschetta',	'rosinky@hotmail.it',	'',	0,	'',	'http://graph.facebook.com/10217266853533695/picture?type=large',	'10217266853533695',	1,	1,	'',	'',	'',	'',	'',	'',	0),
(535,	'Katia',	'Katia',	'Katiamessina48@yahoo.it',	'e7050223e1000d0e905154b10293fc78',	0,	'',	'',	'0',	0,	1,	'',	'',	'',	'',	'',	'',	0),
(536,	'giuseppe divino',	'giuseppe divino',	'semplicementedivino91@gmail.com',	'',	0,	'',	'https://lh5.googleusercontent.com/-_II08LiQvFI/AAAAAAAAAAI/AAAAAAAAAAA/ABtNlbCCZQZ5fyt_abvf9pHfxpuh71SdxA/s200/photo.jpg',	'105973865640644582189',	2,	1,	'',	'',	'',	'',	'',	'',	0),
(537,	'Alessandra',	'Alessandra',	'alessandra.t93@outlook.com',	'8807fc90dd1b0dc934b46af20c77642f',	0,	'',	'',	'0',	0,	1,	'',	'',	'',	'',	'',	'',	0),
(538,	'Andrea Troccoli',	'Andrea Troccoli',	'andrea.troccoli92@gmail.com',	'',	0,	'',	'http://graph.facebook.com/2512455242136775/picture?type=large',	'2512455242136775',	1,	1,	'',	'',	'',	'',	'',	'',	0),
(539,	'La Forchettina',	'Golosa',	'laforchettinagolosa@gmail.com',	'd41d8cd98f00b204e9800998ecf8427e',	0,	'',	'https://platform-lookaside.fbsbx.com/platform/profilepic/?asid=2269490369963255&height=200&width=200&ext=1543904889&hash=AeTFRWJNjlucikcu',	'2269490369963255',	1,	1,	'',	'',	'',	'',	'',	'',	0),
(540,	'tiziana',	'tiziana',	'tizianacla2008@hotmail.it',	'1239ff3ec1a33dd5156c2d4c217c3afd',	0,	'',	'',	'0',	0,	1,	'',	'',	'',	'',	'',	'',	0),
(541,	'Marzia',	'Marzia',	'marzia826@gmail.com',	'aa968850a9d255494612acd0552f8fcd',	0,	'',	'',	'0',	0,	1,	'',	'',	'',	'',	'',	'',	0),
(542,	'Susii Caianiello',	'Susii Caianiello',	'susiicaianiello96@gmail.com',	'',	0,	'',	'http://graph.facebook.com/1106338602879810/picture?type=large',	'1106338602879810',	1,	1,	'',	'',	'',	'',	'',	'',	0),
(543,	'Sakar Ibrahem',	'Sakar Ibrahem',	'sakaribrahem1989@gmail.com',	'',	0,	'',	'http://graph.facebook.com/127957434853404/picture?type=large',	'127957434853404',	1,	1,	'',	'',	'',	'',	'',	'',	0),
(544,	'Abdoulaye',	'Diarra',	'abdoulayediarra369@gmail.com',	'd41d8cd98f00b204e9800998ecf8427e',	0,	'',	'https://lh5.googleusercontent.com/-Md99yQk09Rs/AAAAAAAAAAI/AAAAAAAAByM/epbn6zjTS5w/photo.jpg',	'114109732290105002512',	2,	1,	'',	'',	'',	'',	'',	'',	0),
(545,	'Francesca',	'Francesca',	'francesca.mazzarella99@gmail.com',	'a2e5b42205c134f40acb87a426c61dfc',	0,	'',	'',	'0',	0,	1,	'',	'',	'',	'',	'',	'',	0),
(546,	'Giorgia Sperman',	'Giorgia Sperman',	'giorgia.sperman@live.it',	'',	0,	'',	'http://graph.facebook.com/1213818912092686/picture?type=large',	'1213818912092686',	1,	1,	'',	'',	'',	'',	'',	'',	0),
(547,	'Maria Rosaria',	'Bianco',	'biancomariarosaria87@libero.it',	'd41d8cd98f00b204e9800998ecf8427e',	0,	'',	'https://platform-lookaside.fbsbx.com/platform/profilepic/?asid=2452334214778310&height=200&width=200&ext=1543940756&hash=AeQ_lhwzxKGrG3dU',	'2452334214778310',	1,	1,	'',	'',	'',	'',	'',	'',	0),
(548,	'Emanuela Stanchina',	'Emanuela Stanchina',	'emanuela.stanchina@gmail.com',	'',	0,	'',	'http://graph.facebook.com/10217202343115256/picture?type=large',	'10217202343115256',	1,	1,	'',	'',	'',	'',	'',	'',	0),
(549,	'Entela',	'Sinani',	'entelasinani@yahoo.it',	'd41d8cd98f00b204e9800998ecf8427e',	0,	'',	'https://platform-lookaside.fbsbx.com/platform/profilepic/?asid=10210590977329302&height=200&width=200&ext=1543944478&hash=AeTBNq3p72EyFfRf',	'10210590977329302',	1,	1,	'',	'',	'',	'',	'',	'',	0),
(550,	'Maria Anna',	'null',	'mmtemplari@gmail.com',	'd41d8cd98f00b204e9800998ecf8427e',	0,	'',	'https://lh4.googleusercontent.com/-56d6qWCne-I/AAAAAAAAAAI/AAAAAAAAAM4/yMieEC49z2I/photo.jpg',	'106635211877744858348',	2,	1,	'',	'',	'',	'',	'',	'',	0),
(551,	'Ilaria',	'Ilaria',	'ilariacappelletti92@gmail.com',	'43de07890a361ca94664c22997ca56ed',	0,	'',	'',	'0',	0,	1,	'',	'',	'',	'',	'',	'',	0),
(552,	'Alessandra',	'Ferrera',	'ferreralessandra.98@gmail.com',	'd41d8cd98f00b204e9800998ecf8427e',	0,	'',	'https://lh3.googleusercontent.com/-9qrH4xJJSgA/AAAAAAAAAAI/AAAAAAAAATw/6SAiO0LiMcQ/photo.jpg',	'110334440216787290254',	2,	1,	'',	'',	'',	'',	'',	'',	0),
(553,	'Giovanni Accetta',	'Giovanni Accetta',	'giovanni.accetta@gmail.com',	'',	0,	'',	'http://graph.facebook.com/10218015541279423/picture?type=large',	'10218015541279423',	1,	1,	'',	'',	'',	'',	'',	'',	0),
(554,	'Veronica',	'Dinardi',	'v.dinardi@tiscali.it',	'd41d8cd98f00b204e9800998ecf8427e',	0,	'',	'https://platform-lookaside.fbsbx.com/platform/profilepic/?asid=1462386903894413&height=200&width=200&ext=1543952590&hash=AeQqqgM8tvlUgRAJ',	'1462386903894413',	1,	1,	'',	'',	'',	'',	'',	'',	0),
(555,	'Aurora',	'Diobono',	'auroradiobono.9@gmail.com',	'd41d8cd98f00b204e9800998ecf8427e',	0,	'',	'https://platform-lookaside.fbsbx.com/platform/profilepic/?asid=10215248146455126&height=200&width=200&ext=1543954025&hash=AeRdskHp3zhFy9IA',	'10215248146455126',	1,	1,	'',	'',	'',	'',	'',	'',	0),
(556,	'Cecilia',	'Cecilia',	'cecilia.bart@gmail.com',	'1d94f128be4f6e9ec1843ebf3b212116',	0,	'',	'',	'0',	0,	1,	'',	'',	'',	'',	'',	'',	0),
(557,	'ANDREA BUSSU',	'ANDREA BUSSU',	'andrea.bussu@gmail.com',	'',	0,	'',	'https://lh3.googleusercontent.com/-WG6AaUbXTzY/AAAAAAAAAAI/AAAAAAAAAAA/ABtNlbAxJ-2zQQBgh7oJkkqAnOAMpz-aUA/s200/photo.jpg',	'113409191523751720959',	2,	1,	'',	'',	'',	'',	'',	'',	0),
(558,	'Jacks',	'Grilli',	'grillisara1986@gmail.com',	'd41d8cd98f00b204e9800998ecf8427e',	0,	'',	'https://lh5.googleusercontent.com/-xUyv1ZRicqM/AAAAAAAAAAI/AAAAAAAAAQM/5QCb7gDyWPk/photo.jpg',	'104314768192930631367',	2,	1,	'',	'',	'',	'',	'',	'',	0),
(559,	'Lucia Lavacca',	'Lucia Lavacca',	'luci.lux@hotmail.it',	'',	0,	'',	'http://graph.facebook.com/10217020697980379/picture?type=large',	'10217020697980379',	1,	1,	'',	'',	'',	'',	'',	'',	0),
(560,	'Ludovica Landoni',	'Ludovica Landoni',	'ludovica.landoni@hotmail.it',	'',	0,	'uploads/user_profile/1541373248',	'',	'10217548423285513',	1,	1,	'',	'',	'',	'',	'',	'',	0),
(561,	'Kristina',	'Signor',	'kristina_12-94@hotmail.it',	'd41d8cd98f00b204e9800998ecf8427e',	0,	'',	'https://platform-lookaside.fbsbx.com/platform/profilepic/?asid=2466839540022919&height=200&width=200&ext=1543964919&hash=AeRBvN8LEy-OzpYL',	'2466839540022919',	1,	1,	'',	'',	'',	'',	'',	'',	0),
(562,	'Christopher Decaro',	'Christopher Decaro',	'c-dec@hotmail.it',	'',	0,	'',	'http://graph.facebook.com/10218436872142952/picture?type=large',	'10218436872142952',	1,	1,	'',	'',	'',	'',	'',	'',	0),
(563,	'Paola',	'Strano',	'paolastrano@gmail.com',	'd41d8cd98f00b204e9800998ecf8427e',	0,	'',	'https://platform-lookaside.fbsbx.com/platform/profilepic/?asid=10214492322996909&height=200&width=200&ext=1543976389&hash=AeToOChiBvqLufae',	'10214492322996909',	1,	1,	'',	'',	'',	'',	'',	'',	0),
(564,	'davide',	'davide',	'davidegheno@yahoo.it',	'89dc3eb12add80016498d39aff70cd62',	0,	'',	'',	'0',	0,	1,	'',	'',	'',	'',	'',	'',	0),
(565,	'Diana Demetry G',	'Diana Demetry G',	'diana9g.dg@gmail.com',	'',	0,	'uploads/user_profile/1541413064',	'',	'117763609603822376813',	2,	1,	'',	'',	'',	'',	'',	'',	0),
(566,	'Arianna',	'Lobina',	'ariannalobins@gmail.com',	'd41d8cd98f00b204e9800998ecf8427e',	0,	'',	'https://platform-lookaside.fbsbx.com/platform/profilepic/?asid=10155855249767393&height=200&width=200&ext=1544004171&hash=AeQouuH3_q2VPG4u',	'10155855249767393',	1,	1,	'',	'',	'',	'',	'',	'',	0),
(567,	'Marisa',	'D\'Alba',	'dalbamarisa86@gmail.com',	'd41d8cd98f00b204e9800998ecf8427e',	0,	'',	'https://platform-lookaside.fbsbx.com/platform/profilepic/?asid=1938304462957538&height=200&width=200&ext=1544004449&hash=AeSgF78RNdrzh87_',	'1938304462957538',	1,	1,	'',	'',	'',	'',	'',	'',	0),
(568,	'Rosaria',	'Scialpi',	'rosariascialp8@gmail.com',	'd41d8cd98f00b204e9800998ecf8427e',	0,	'',	'https://platform-lookaside.fbsbx.com/platform/profilepic/?asid=343412716218027&height=200&width=200&ext=1544006300&hash=AeQrIscaFSlHQnS2',	'343412716218027',	1,	1,	'',	'',	'',	'',	'',	'',	0),
(569,	'La Mi',	'La Mi',	'jollym22@outlook.com',	'',	0,	'',	'http://graph.facebook.com/2200307923581328/picture?type=large',	'2200307923581328',	1,	1,	'',	'',	'',	'',	'',	'',	0),
(570,	'Veronica',	'Veronica',	'quattrocchiveronica@gmail.com',	'd7f5ca68a64e7e34c71ae04bb812ef0d',	0,	'',	'',	'0',	0,	1,	'',	'',	'',	'',	'',	'',	0),
(571,	'Erika',	'Chilelli',	'chilellierika14@gmail.com',	'd41d8cd98f00b204e9800998ecf8427e',	0,	'',	'https://lh3.googleusercontent.com/-xKWFZzUyX9I/AAAAAAAAAAI/AAAAAAAAAGc/_K-VAV2ncZY/photo.jpg',	'101911410358720371144',	2,	1,	'',	'',	'',	'',	'',	'',	0),
(572,	'Donata',	'Chiapponi',	'donata.c88@gmail.com',	'd41d8cd98f00b204e9800998ecf8427e',	0,	'',	'https://platform-lookaside.fbsbx.com/platform/profilepic/?asid=10217588165716535&height=200&width=200&ext=1544017396&hash=AeTFiDZ90F4QUsz3',	'10217588165716535',	1,	1,	'',	'',	'',	'',	'',	'',	0),
(573,	'Alessio Conte',	'Alessio Conte',	'alessio.conte8@gmail.com',	'',	0,	'',	'https://lh6.googleusercontent.com/-_FUIQO6yiwE/AAAAAAAAAAI/AAAAAAAANWM/swQXxOHCZPw/s200/photo.jpg',	'101838248618270646894',	2,	1,	'',	'',	'',	'',	'',	'',	0),
(574,	'Ambra Bonacini',	'Ambra Bonacini',	'ambra.bonacini@gmail.com',	'',	0,	'',	'https://lh5.googleusercontent.com/-JFhHd5ZSdAo/AAAAAAAAAAI/AAAAAAAAAAA/ABtNlbDIW5O-ZtmK5u2A4HOn50QdVxxh1Q/s200/photo.jpg',	'101939748107012337695',	2,	1,	'',	'',	'',	'',	'',	'',	0),
(575,	'Chiara',	'Chiara',	'chiara.guida.1993@gmail.com',	'59f65859a6ad4a7338bba7d256699bc5',	0,	'',	'',	'0',	0,	1,	'',	'',	'',	'',	'',	'',	0),
(576,	'Maria',	'Fusetti',	'orchidea1467@gmail.com',	'd41d8cd98f00b204e9800998ecf8427e',	0,	'',	'https://lh4.googleusercontent.com/-a125jlHwDQA/AAAAAAAAAAI/AAAAAAAAAO8/TQaddPMamSA/photo.jpg',	'116149671383152208898',	2,	1,	'',	'',	'',	'',	'',	'',	0),
(577,	'Dan Bracci',	'Dan Bracci',	'danielebracci86@gmail.com',	'',	0,	'',	'http://graph.facebook.com/10218323341501443/picture?type=large',	'10218323341501443',	1,	1,	'',	'',	'',	'',	'',	'',	0),
(578,	'Enza Mormile',	'Enza Mormile',	'penelope-90@hotmail.it',	'',	0,	'',	'http://graph.facebook.com/10217597588600951/picture?type=large',	'10217597588600951',	1,	1,	'',	'',	'',	'',	'',	'',	0),
(579,	'Melissa Rosetti',	'Melissa Rosetti',	'melissa.rosetti34@gmail.com',	'',	0,	'',	'https://lh6.googleusercontent.com/-8eUZ1kJV9so/AAAAAAAAAAI/AAAAAAAAAAU/mpoA5-Dn1P4/s200/photo.jpg',	'105690161756826287465',	2,	1,	'',	'',	'',	'',	'',	'',	0),
(580,	'Toni Torroni',	'Toni Torroni',	'tonitorroni@gmail.com',	'',	0,	'',	'http://graph.facebook.com/1970673863019061/picture?type=large',	'1970673863019061',	1,	1,	'',	'',	'',	'',	'',	'',	0),
(581,	'Serena',	'D\'Amaro',	'serry97@hotmail.it',	'd41d8cd98f00b204e9800998ecf8427e',	0,	'',	'https://platform-lookaside.fbsbx.com/platform/profilepic/?asid=10216003924923683&height=200&width=200&ext=1544052791&hash=AeSSFy9KElCXXqdo',	'10216003924923683',	1,	1,	'',	'',	'',	'',	'',	'',	0),
(582,	'Luis',	'Bocanegra',	'luis_bocanegra@live.it',	'd41d8cd98f00b204e9800998ecf8427e',	0,	'',	'https://platform-lookaside.fbsbx.com/platform/profilepic/?asid=753766978307012&height=200&width=200&ext=1544074063&hash=AeRV5ArPGbSVlAhh',	'753766978307012',	1,	1,	'',	'',	'',	'',	'',	'',	0),
(583,	'Fabiola',	'Fabiola',	'faby.mt@libero.it',	'a227cacd9081e3b51a3a07592f4c19ef',	0,	'',	'',	'0',	0,	1,	'',	'',	'',	'',	'',	'',	0),
(584,	'Radostina Pavlova',	'Radostina Pavlova',	'radito_fifi@abv.bg',	'',	0,	'',	'http://graph.facebook.com/2158474197519921/picture?type=large',	'2158474197519921',	1,	1,	'',	'',	'',	'',	'',	'',	0),
(585,	'Francesco',	'Palazzo',	'ciccioriccio93@hotmail.it',	'd41d8cd98f00b204e9800998ecf8427e',	0,	'',	'https://platform-lookaside.fbsbx.com/platform/profilepic/?asid=748203665526025&height=200&width=200&ext=1544098696&hash=AeSbWL9fbiw-MoY3',	'748203665526025',	1,	1,	'',	'',	'',	'',	'',	'',	0),
(586,	'Dumitrascu Ramona Elena',	'Dumitrascu Ramona Elena',	'ramonaelena1988@yahoo.com',	'',	0,	'',	'http://graph.facebook.com/2138926076359676/picture?type=large',	'2138926076359676',	1,	1,	'',	'',	'',	'',	'',	'',	0),
(587,	'a',	'a',	'aldozoc.91@libero.it',	'0fe8a8fcb2214068f52db9c0ce1a7662',	0,	'',	'',	'0',	0,	1,	'',	'',	'',	'',	'',	'',	0),
(588,	'Pilar',	'Pilar',	'morena6112@msn.com',	'd41d8cd98f00b204e9800998ecf8427e',	0,	'',	'https://platform-lookaside.fbsbx.com/platform/profilepic/?asid=10211535067843108&height=200&width=200&ext=1544123118&hash=AeRPcWiiw-FTfcVb',	'10211535067843108',	1,	1,	'',	'',	'',	'',	'',	'',	0),
(589,	'Irene Comotti',	'Irene Comotti',	'irene.ester@alice.it',	'',	0,	'',	'http://graph.facebook.com/2170574056294484/picture?type=large',	'2170574056294484',	1,	1,	'',	'',	'',	'',	'',	'',	0),
(590,	'Antonella Pazienza',	'Antonella Pazienza',	'lizzie97@hotmail.it',	'',	0,	'',	'http://graph.facebook.com/10213081147559605/picture?type=large',	'10213081147559605',	1,	1,	'',	'',	'',	'',	'',	'',	0),
(591,	'Lina',	'Restrepo',	'moncadarestrepo@hotmail.com',	'd41d8cd98f00b204e9800998ecf8427e',	0,	'',	'https://platform-lookaside.fbsbx.com/platform/profilepic/?asid=10216308130511633&height=200&width=200&ext=1544260112&hash=AeRNnXedTRFISYz9',	'10216308130511633',	1,	1,	'',	'',	'',	'',	'',	'',	0),
(592,	'Pavel Patricolo',	'Pavel Patricolo',	'paolo.patricolo@gmail.com',	'',	0,	'',	'http://graph.facebook.com/10215883993524381/picture?type=large',	'10215883993524381',	1,	1,	'',	'',	'',	'',	'',	'',	0),
(593,	'Régis',	'Papillon',	'regis.papillon@orange.fr',	'd41d8cd98f00b204e9800998ecf8427e',	0,	'',	'https://platform-lookaside.fbsbx.com/platform/profilepic/?asid=10212901775487976&height=200&width=200&ext=1544586819&hash=AeQBTHf2Qv7fY8E3',	'10212901775487976',	1,	1,	'',	'',	'',	'',	'',	'',	0),
(594,	'Maria',	'Iacona',	'danceteresa@hotmail.it',	'd41d8cd98f00b204e9800998ecf8427e',	0,	'',	'https://platform-lookaside.fbsbx.com/platform/profilepic/?asid=10216141805290844&height=200&width=200&ext=1544614381&hash=AeQjYsTpmWFnaDtC',	'10216141805290844',	1,	1,	'',	'',	'',	'',	'',	'',	0),
(595,	'Domingo Juan de León',	'Domingo Juan de León',	'domingoj27@hotmail.com',	'',	0,	'',	'http://graph.facebook.com/10217527481246753/picture?type=large',	'10217527481246753',	1,	1,	'',	'',	'',	'',	'',	'',	0),
(596,	'Ermira Terholli Asllani',	'Ermira Terholli Asllani',	'e-era.2@hotmail.com',	'',	0,	'uploads/user_profile/1542397556',	'',	'10216458655813346',	1,	1,	'',	'',	'',	'',	'',	'',	0),
(597,	'Ebrima Jallow',	'Ebrima Jallow',	'ebrimajsjallow@gmali.com',	'f932d0f8fcd9c348b51b803e43c77057',	0,	'uploads/user_profile/1542685589',	'',	'0',	0,	1,	'',	'',	'',	'',	'',	'',	0),
(598,	'Fatjona',	'Fatjona',	'fatjona.shera@gmail.com',	'6b05865ff82a3c75d0ef37244160e0f8',	0,	'',	'',	'0',	0,	1,	'',	'',	'',	'',	'',	'',	0),
(599,	'Giovanni',	'Giovanni',	'dema93@alice.it',	'98e2314026c811330fd9718f991af354',	0,	'',	'',	'0',	0,	1,	'',	'',	'',	'',	'',	'',	0),
(600,	'Andrea Ganci',	'Andrea Ganci',	'andreailgeko@libero.it',	'',	0,	'',	'http://graph.facebook.com/10210420865956347/picture?type=large',	'10210420865956347',	1,	1,	'',	'',	'',	'',	'',	'',	0),
(601,	'Brisk SALIH',	'Brisk SALIH',	'brisk.salih@gmail.com',	'',	0,	'',	'https://lh4.googleusercontent.com/-20Hn2lQL6Kg/AAAAAAAAAAI/AAAAAAAAAGw/lQOBOOdbX3w/s200/photo.jpg',	'118073314428571440650',	2,	1,	'',	'',	'',	'',	'',	'',	0),
(602,	'Lelde Grava',	'Lelde Grava',	'lelde.jenerte@inbox.lv',	'',	0,	'',	'http://graph.facebook.com/1995752230501362/picture?type=large',	'1995752230501362',	1,	1,	'',	'',	'',	'',	'',	'',	0),
(603,	'Paula',	'Martins',	'martpau@gmail.com',	'd41d8cd98f00b204e9800998ecf8427e',	0,	'',	'https://lh3.googleusercontent.com/a-/AN66SAwZGGapn8qww_8fmreX_6KcsgTz7fOVVPQOZIWZmg',	'114981047303680978518',	2,	1,	'',	'',	'',	'',	'',	'',	0),
(604,	'Daniela Borta',	'Daniela Borta',	'danielaborta21@gmail.com',	'24af009134e2fae0eb04736b6580b8f5',	0,	'',	'',	'0',	0,	1,	'',	'',	'',	'',	'',	'',	0),
(605,	'Teshi',	'Deleg',	'teshideleg@gmail.com',	'd41d8cd98f00b204e9800998ecf8427e',	0,	'',	'https://platform-lookaside.fbsbx.com/platform/profilepic/?asid=220806365468563&height=200&width=200&ext=1548456653&hash=AeRX-B77O9lVaJCy',	'220806365468563',	1,	1,	'',	'',	'',	'',	'',	'',	0),
(606,	'Marcel',	'Lokossou',	'marcelloko00@gmail.com',	'd41d8cd98f00b204e9800998ecf8427e',	0,	'',	'https://platform-lookaside.fbsbx.com/platform/profilepic/?asid=2234254853529277&height=200&width=200&ext=1548683266&hash=AeSTo7j2hJnBMCl4',	'2234254853529277',	1,	1,	'',	'',	'',	'',	'',	'',	0),
(607,	'Muhannad',	'Summakieh',	'mohanad.a.sm@hotmail.com',	'd41d8cd98f00b204e9800998ecf8427e',	0,	'',	'https://platform-lookaside.fbsbx.com/platform/profilepic/?asid=2096419490433863&height=200&width=200&ext=1549383333&hash=AeRZjNngdlZU9nif',	'2096419490433863',	1,	1,	'',	'',	'',	'',	'',	'',	0),
(608,	'Ethan',	'G',	'ethan8612@gmail.com',	'd41d8cd98f00b204e9800998ecf8427e',	0,	'',	'https://lh3.googleusercontent.com/a-/AAuE7mBFGr7T0T9MGJQHjsgRi8mJurjLz0TWLEFvJdjtbg',	'104064608545183013922',	2,	1,	'',	'',	'',	'',	'',	'',	0),
(609,	'zamman',	'zamman',	'Zammanhassani@outlook.com',	'0d5768f4914a58438b71245e40d73781',	0,	'',	'',	'0',	0,	1,	'',	'',	'',	'',	'',	'',	0),
(610,	'Fco Manuel',	'Fdez Trujillo',	'fmft71@yahoo.es',	'd41d8cd98f00b204e9800998ecf8427e',	0,	'',	'https://platform-lookaside.fbsbx.com/platform/profilepic/?asid=10213597395230157&height=200&width=200&ext=1549880746&hash=AeTqf9BZ4LLZZPBa',	'10213597395230157',	1,	1,	'',	'',	'',	'',	'',	'',	0),
(611,	'Mari',	'Mari',	'myam.info@gmail.com',	'293824682f9d94f0c8d930e7937bd8e8',	0,	'',	'',	'0',	0,	1,	'',	'',	'',	'',	'',	'',	0),
(612,	'Samuel Rojas',	'Samuel Rojas',	'somecallmesam@gmail.com',	'ed2fb7fc9ac1fb7863bdeaac6c5bcdd9',	0,	'',	'',	'0',	0,	1,	'',	'',	'',	'',	'',	'',	0),
(613,	'Berenger Dupont',	'Berenger Dupont',	'berenger.dupont@gmail.com',	'',	0,	'',	'https://lh5.googleusercontent.com/-E7Ye0lHz67s/AAAAAAAAAAI/AAAAAAAAALw/d3bTHcK6wXc/s200/photo.jpg',	'113465359684570265449',	2,	1,	'',	'',	'',	'',	'',	'',	0),
(614,	'Hugh Prior',	'Hugh Prior',	'hugh.prior@skynet.be',	'',	0,	'',	'http://graph.facebook.com/10157063581161383/picture?type=large',	'10157063581161383',	1,	1,	'',	'',	'',	'',	'',	'',	0),
(615,	'AnniBr',	'AnniBr',	'anni711@gmx.net',	'1eca3cd2f9ef9e1f6a281e486e1c52e5',	0,	'',	'',	'0',	0,	1,	'',	'',	'',	'',	'',	'',	0),
(616,	'????',	'????????',	'eng.hadi.1981@gmail.com',	'd41d8cd98f00b204e9800998ecf8427e',	0,	'',	'https://platform-lookaside.fbsbx.com/platform/profilepic/?asid=823191458025159&height=200&width=200&ext=1551067409&hash=AeSQSvAgBTw4pXuW',	'823191458025159',	1,	1,	'',	'',	'',	'',	'',	'',	0),
(617,	'zura',	'zura',	'zu.alibegashvili@gmail.com',	'1eb74ac62b557fb4459495e6f78de13d',	0,	'',	'',	'0',	0,	1,	'',	'',	'',	'',	'',	'',	0),
(618,	'Berna Tasdemir',	'Berna Tasdemir',	'bertasdemir@hotmail.com',	'',	0,	'uploads/user_profile/1549355284',	'',	'10156866287322095',	1,	1,	'',	'',	'',	'',	'',	'',	0),
(619,	'Diana Lugo',	'Diana Lugo',	'dianalugo16@gmail.com',	'',	0,	'',	'http://graph.facebook.com/2604393632911021/picture?type=large',	'2604393632911021',	1,	1,	'',	'',	'',	'',	'',	'',	0),
(620,	'johnboy',	'johnboy',	'jcem1564@gmail.com',	'61e136a97ec0f3fd594af72af45dea6e',	0,	'',	'',	'0',	0,	1,	'',	'',	'',	'',	'',	'',	0),
(621,	'haroon',	'haroon',	'haroonenglish@yahoo.com',	'43dee869f7a6cad5e84b9cbf7a53e72a',	0,	'',	'',	'0',	0,	1,	'',	'',	'',	'',	'',	'',	0),
(622,	'Maria S. M',	'Maria S. M',	'mariasmontanez@gmail.com',	'',	0,	'',	'https://lh4.googleusercontent.com/-b4eTPyMF3Ns/AAAAAAAAAAI/AAAAAAAANrw/F5dpjvq08WU/s200/photo.jpg',	'113299224216202825580',	2,	1,	'',	'',	'',	'',	'',	'',	0),
(623,	'Derin Safwat',	'Derin Safwat',	'de3rin.s@gmail.com',	'',	0,	'',	'http://graph.facebook.com/2062249217164214/picture?type=large',	'2062249217164214',	1,	1,	'',	'',	'',	'',	'',	'',	0),
(624,	'linda alexander',	'linda alexander',	'linda_9a@hotmail.com',	'abb3b13c72ed6d19f57d816b06e0e980',	0,	'',	'',	'0',	0,	1,	'',	'',	'',	'',	'',	'',	0),
(625,	'camilla',	'camilla',	'ire-bang@online.no',	'35ba85b267b58a206772a26a7494e53a',	0,	'',	'',	'0',	0,	1,	'',	'',	'',	'',	'',	'',	0),
(626,	'Kate Sailer',	'Kate Sailer',	'Aliceklarr@gmail.com',	'caab4cc01a52524be8b676357e525c7a',	0,	'',	'',	'0',	0,	1,	'',	'',	'',	'',	'',	'',	0),
(627,	'Manuel',	'Manuel',	'msmess54@gmail.com',	'd41d8cd98f00b204e9800998ecf8427e',	0,	'',	'https://lh3.googleusercontent.com/a-/AAuE7mC3S9wnuipa525di7D0O45woOhWBXT_e2HFx-2h5g',	'109509989705398103663',	2,	1,	'',	'',	'',	'',	'',	'',	0),
(628,	'Isabel Maria',	'Messias',	'isabel.mess@hotmail.com',	'd41d8cd98f00b204e9800998ecf8427e',	0,	'',	'https://platform-lookaside.fbsbx.com/platform/profilepic/?asid=2513600528669304&height=200&width=200&ext=1552746127&hash=AeQ4R3w0aAn-efJx',	'2513600528669304',	1,	1,	'',	'',	'',	'',	'',	'',	0),
(629,	'florencio gonzalez',	'florencio gonzalez',	'arkflorencio@gmail.com',	'',	0,	'',	'https://lh3.googleusercontent.com/-PZ1yScSLxmw/AAAAAAAAAAI/AAAAAAAAAAA/ACevoQPEz_Ir7wVJ1CVOVAnun8MjAVq5lQ/s200/photo.jpg',	'112981734986386129965',	2,	1,	'',	'',	'',	'',	'',	'',	0),
(630,	'eugenia',	'eugenia',	'eugenia.balseiro@utec.edu.uy',	'cbca39b5664605fe68eb26197433bfbc',	0,	'',	'',	'0',	0,	1,	'',	'',	'',	'',	'',	'',	0),
(631,	'Sidi Coly',	'Sidi Coly',	'sidy.coly@uvs.edu.sn',	'374c8cfc0ab1f74e910866a7033dbfac',	0,	'',	'',	'0',	0,	1,	'',	'',	'',	'',	'',	'',	0),
(632,	'cic',	'cic',	'chjj@gjj.jg',	'b59c67bf196a4758191e42f76670ceba',	0,	'',	'',	'0',	0,	1,	'',	'',	'',	'',	'',	'',	0),
(633,	'Joao Sachy',	'Joao Sachy',	'rafa.sachy@gmail.com',	'',	0,	'',	'https://lh5.googleusercontent.com/-_Mkj33GgUoM/AAAAAAAAAAI/AAAAAAAAAVc/e7leuBZ-BD4/s200/photo.jpg',	'109793919614869796574',	2,	1,	'',	'',	'',	'',	'',	'',	0),
(634,	'Flávia de Almeida',	'Flávia de Almeida',	'flavia.alex.almeida@gmail.com',	'b52579fcb3d067062751bc43bd59a690',	0,	'',	'',	'0',	0,	1,	'',	'',	'',	'',	'',	'',	0),
(635,	'Bete',	'Rodrigues',	'bety99sp@gmail.com',	'd41d8cd98f00b204e9800998ecf8427e',	0,	'',	'https://lh3.googleusercontent.com/a-/AAuE7mAye1_Ht_YlBT-2Pn-TMNgn_8yhNOjbV18duKSX',	'100945259382401373865',	2,	1,	'',	'',	'',	'',	'',	'',	0),
(636,	'Andreia Couto',	'Andreia Couto',	'andreia.f.r.couto@hotmail.com',	'',	0,	'',	'http://graph.facebook.com/2376388992400741/picture?type=large',	'2376388992400741',	1,	1,	'',	'',	'',	'',	'',	'',	0),
(637,	'Rafaela',	'Oliveira',	'12rafaelaoliveira@gmail.com',	'd41d8cd98f00b204e9800998ecf8427e',	0,	'',	'https://lh3.googleusercontent.com/a-/AAuE7mDsWtY8K1ifDEx4jQhIMfkiWCn714SolsnqCzVWaO8',	'115679020039540481564',	2,	1,	'',	'',	'',	'',	'',	'',	0),
(638,	'Tiago',	'Vieira',	'tiagolopesvieirapt@hotmail.com',	'd41d8cd98f00b204e9800998ecf8427e',	0,	'',	'https://platform-lookaside.fbsbx.com/platform/profilepic/?asid=2139152799730806&height=200&width=200&ext=1553157944&hash=AeT1nfhtR5fdSEPx',	'2139152799730806',	1,	1,	'',	'',	'',	'',	'',	'',	0),
(639,	'Patricia Nunes',	'Patricia Nunes',	'180100170@esg.ipsantarem.pt',	'730a6c2a3cde40fc5f6ac663f6e5b53f',	0,	'',	'',	'0',	0,	1,	'',	'',	'',	'',	'',	'',	0),
(640,	'Eduardo C. Silva',	'Eduardo C. Silva',	'eduardoalves2009@live.com.pt',	'',	0,	'',	'http://graph.facebook.com/2213689988682822/picture?type=large',	'2213689988682822',	1,	1,	'',	'',	'',	'',	'',	'',	0),
(641,	'Pedro Ferreira',	'Pedro Ferreira',	'pedroandree@hotmail.com',	'',	0,	'',	'http://graph.facebook.com/2637882809585655/picture?type=large',	'2637882809585655',	1,	1,	'',	'',	'',	'',	'',	'',	0),
(642,	'Beatriz',	'Beatriz',	'beatrizrosa01@sapo.pt',	'11c20d4a7b6dafa69696402b8db95545',	0,	'',	'',	'0',	0,	1,	'',	'',	'',	'',	'',	'',	0),
(643,	'null',	'null',	'omid.mehrparvar@gmail.com',	'd41d8cd98f00b204e9800998ecf8427e',	0,	'',	'https://lh3.googleusercontent.com/a-/AAuE7mB0ihtQx4CgSYRZBT-Yx0-H3CjxZH8U1DObGT68',	'102852023497286977319',	2,	1,	'',	'',	'',	'',	'',	'',	0),
(644,	'pedro',	'pedro',	'pedronasilva100@gmail.com',	'8b70e0703e92d956cd1b14ec8653c8f6',	0,	'',	'',	'0',	0,	1,	'',	'',	'',	'',	'',	'',	0),
(645,	'João Faia',	'João Faia',	'joaofaia74@gmail.com',	'84eb765b2f51bca3b764445d9e75645e',	0,	'',	'',	'0',	0,	1,	'',	'',	'',	'',	'',	'',	0),
(646,	'vhvv',	'vhvv',	'chh@gh.vh',	'd8578edf8458ce06fbc5bb76a58c5ca4',	0,	'',	'',	'0',	0,	1,	'',	'',	'',	'',	'',	'',	0),
(647,	'Ermir Morina',	'Ermir Morina',	'ermirmorina1@gmail.com',	'',	0,	'',	'https://lh4.googleusercontent.com/-v3eEfQRnz-U/AAAAAAAAAAI/AAAAAAAAAAA/ACHi3rfSuZnVj01petTbmzYjap2SPn2z3Q/s200/photo.jpg',	'104306463930161059748',	2,	1,	'',	'',	'',	'',	'',	'',	0),
(648,	'Anh Tran',	'Anh Tran',	'tranthiphuonganh_t62@hus.edu.vn',	'bc5af98fdf58babc743502d965c5dbe5',	0,	'',	'',	'0',	0,	1,	'',	'',	'',	'',	'',	'',	0),
(649,	'Hayley',	'Sainty',	'haylz1981@hotmail.co.uk',	'd41d8cd98f00b204e9800998ecf8427e',	0,	'',	'https://platform-lookaside.fbsbx.com/platform/profilepic/?asid=10161288982800198&height=200&width=200&ext=1554307994&hash=AeR6lrFWq7UEOSgP',	'10161288982800198',	1,	1,	'',	'',	'',	'',	'',	'',	0),
(650,	'Julia Margaritova',	'Julia Margaritova',	'juliamargaritova@icloud.com',	'',	0,	'',	'http://graph.facebook.com/394673611358291/picture?type=large',	'394673611358291',	1,	1,	'',	'',	'',	'',	'',	'',	0),
(651,	'Elodie',	'Doze',	'elodie.doze@gmail.com',	'd41d8cd98f00b204e9800998ecf8427e',	0,	'',	'https://platform-lookaside.fbsbx.com/platform/profilepic/?asid=10216622836940083&height=200&width=200&ext=1554578815&hash=AeT3B4Yz6AZtMRD7',	'10216622836940083',	1,	1,	'',	'',	'',	'',	'',	'',	0),
(652,	'Suleman',	'Suleman',	'ali11derasi@gmail.com',	'd41d8cd98f00b204e9800998ecf8427e',	0,	'',	'https://platform-lookaside.fbsbx.com/platform/profilepic/?asid=630658104047740&height=200&width=200&ext=1555012555&hash=AeTtWn6y8l_j2Mtg',	'630658104047740',	1,	1,	'',	'',	'',	'',	'',	'',	0),
(653,	'Rita',	'Almeida',	'ritinharalmeida@hotmail.com',	'd41d8cd98f00b204e9800998ecf8427e',	0,	'',	'https://platform-lookaside.fbsbx.com/platform/profilepic/?asid=626088247843683&height=200&width=200&ext=1555147792&hash=AeR-eipNrNvzlZMs',	'626088247843683',	1,	1,	'',	'',	'',	'',	'',	'',	0),
(654,	'ines gomes',	'ines gomes',	'inesjogomes@gmail.com',	'548969f827a0ecd40cad796080cd97b2',	0,	'',	'',	'0',	0,	1,	'',	'',	'',	'',	'',	'',	0),
(655,	'??????',	'??????',	'kir13042006@gmail.com',	'dbe7fe6633957498c113d3981c6bc55e',	0,	'',	'',	'0',	0,	1,	'',	'',	'',	'',	'',	'',	0),
(656,	'Patrícia Louro',	'Patrícia Louro',	'nandamarifonso@hotmail.com',	'8825ceb6cca1ac5896d8bd1b391d2d95',	0,	'',	'',	'0',	0,	1,	'',	'',	'',	'',	'',	'',	0),
(657,	'Ruth Cooper',	'Ruth Cooper',	'mrsruthcooper@gmail.com',	'',	0,	'',	'https://lh4.googleusercontent.com/-W-6zT8ZBUUc/AAAAAAAAAAI/AAAAAAAAAAA/ACHi3rdYgmPMKHaxqwt6TXyde1-8tWcPNQ/s200/photo.jpg',	'116429189446093284867',	2,	1,	'',	'',	'',	'',	'',	'',	0),
(658,	'jonathan',	'jonathan',	'post4gegg@gmail.com',	'114eb3a00a1ba25f1c75335077147ddc',	0,	'',	'',	'0',	0,	1,	'',	'',	'',	'',	'',	'',	0),
(659,	'ristom adid',	'ristom adid',	'ristomadid2@gmail.com',	'25d55ad283aa400af464c76d713c07ad',	0,	'',	'',	'0',	0,	1,	'',	'',	'',	'',	'',	'',	0),
(660,	'Isabel Bastos',	'Isabel Bastos',	'isabel.d.bastos@gmail.com',	'58b11c446b5cc4526bf51ed591597937',	0,	'',	'',	'0',	0,	1,	'',	'',	'',	'',	'',	'',	0),
(661,	'Corinna',	'Corinna',	'rusty111@freenet.de',	'5a06e2c7eafb30fb51394c057a83fd74',	0,	'',	'',	'0',	0,	1,	'',	'',	'',	'',	'',	'',	0),
(662,	'Tamara Ann',	'Tamara Ann',	'griechischemythologie@t-online.de',	'e7ef5ce941f52394983b8213ca076c04',	0,	'',	'',	'0',	0,	1,	'',	'',	'',	'',	'',	'',	0),
(663,	'ozge',	'ozge',	'dartmouth797@hotmail.com',	'dd3674fdf5801ac27dc45fdd4524f2eb',	0,	'',	'',	'0',	0,	1,	'',	'',	'',	'',	'',	'',	0),
(664,	'Salma',	'Hayek',	'jgvgkmcfni_1540975716@tfbnw.net',	'd41d8cd98f00b204e9800998ecf8427e',	0,	'',	'https://platform-lookaside.fbsbx.com/platform/profilepic/?asid=10150060671904171&height=200&width=200&ext=1556503337&hash=AeRKNv9fd0jZFOvL',	'10150060671904171',	1,	1,	'',	'',	'',	'',	'',	'',	0),
(665,	'Behar',	'Behar',	'behar_9@outlook.com',	'e105263b30a499644dc06883160c163b',	0,	'',	'',	'0',	0,	1,	'',	'',	'',	'',	'',	'',	0),
(666,	'Dimpii',	'Sojitra',	'dimpy.8888@gmail.com',	'd41d8cd98f00b204e9800998ecf8427e',	0,	'',	'https://platform-lookaside.fbsbx.com/platform/profilepic/?asid=2226168030762470&height=200&width=200&ext=1558770363&hash=AeQC5V0cnduvNskX',	'2226168030762470',	1,	1,	'',	'',	'',	'',	'',	'',	0),
(667,	'mdmahfojor alam',	'mdmahfojor alam',	'mdmahfojora0000@gmail.com',	'6e1c4ae95fe1db0b6750c2c2ac58adfb',	0,	'',	'',	'0',	0,	1,	'',	'',	'',	'',	'',	'',	0),
(668,	'sowndar',	'vel',	'gurusmart007@gmail.com',	'd41d8cd98f00b204e9800998ecf8427e',	0,	'',	'https://lh3.googleusercontent.com/a-/AAuE7mB0zuPdSESfKH1atOKJfr3QILdtpki1L3p5z1buDQ',	'108225986315985418194',	2,	1,	'',	'',	'',	'',	'',	'',	0),
(669,	'Päivi',	'Naskali-Schrank',	'asetelma@gmail.com',	'd41d8cd98f00b204e9800998ecf8427e',	0,	'',	'https://lh3.googleusercontent.com/a-/AAuE7mCZBQpKAkh_LfcB_0povFMZ1wQldWiAUrZRmauRcg',	'116691482289792905495',	2,	1,	'',	'',	'',	'',	'',	'',	0),
(670,	'Pete',	'Pete',	'pete42@talk21.com',	'32db9ee3a02e11663ef03b8345fdddd7',	0,	'',	'',	'0',	0,	1,	'',	'',	'',	'',	'',	'',	0),
(671,	'salvador',	'salvador',	'smartinezmonge@gmail.com',	'c6b46e3cfaa6dad027aebb98003dd265',	0,	'',	'',	'0',	0,	1,	'',	'',	'',	'',	'',	'',	0),
(672,	'Gustavo',	'Machado',	'gumachad@gmail.com',	'd41d8cd98f00b204e9800998ecf8427e',	0,	'',	'https://lh3.googleusercontent.com/a-/AAuE7mCeW_gSblG2VlSm8S5hvtdXKP8a1D-v_yudQIiv',	'104910871382218790396',	2,	1,	'',	'',	'',	'',	'',	'',	0),
(673,	'yashwant purbia',	'yashwant purbia',	'yash.purbia@gmail.com',	'b76a3f3989b72d3325ea8cbb55db282c',	0,	'',	'',	'0',	0,	1,	'',	'',	'',	'',	'',	'',	0),
(674,	'Javier',	'Javier',	'pascual.javier97@gmail.com',	'3051a4774bbbd8b498c6bd0c5b01f180',	0,	'',	'',	'0',	0,	1,	'',	'',	'',	'',	'',	'',	0),
(675,	'Polina',	'Polina',	'spasova1993@gmail.com',	'f99222a95d51c5a16922f464ddb3cc39',	0,	'',	'',	'0',	0,	1,	'',	'',	'',	'',	'',	'',	0),
(676,	'oxymoron597',	'oxymoron597',	'oxymoron597@gmail.com',	'c9d83eaca4e0709e55e3f55a55f45ddb',	0,	'',	'',	'0',	0,	1,	'',	'',	'',	'',	'',	'',	0),
(677,	'Mayur',	'Solanki',	'mayursolanki120@gmail.com',	'd41d8cd98f00b204e9800998ecf8427e',	0,	'',	'https://lh3.googleusercontent.com/a-/AAuE7mCG6OGXUMoXUO59CB86UtqmHTuBYfCiP2Du7aH34Q',	'101907377889685306543',	2,	1,	'',	'',	'',	'',	'',	'',	0),
(678,	'Radziah',	'Adam',	'radziah_adam@yahoo.com',	'd41d8cd98f00b204e9800998ecf8427e',	0,	'',	'https://platform-lookaside.fbsbx.com/platform/profilepic/?asid=10220481509487014&height=200&width=200&ext=1568874716&hash=AeQnBnLvjCniogSg',	'10220481509487014',	1,	1,	'',	'',	'',	'',	'',	'',	0),
(679,	'selvamalar',	'selvamalar',	'drmalar@cbct.my',	'e062d995912cbe33c7cd597fdc1564e4',	0,	'',	'',	'0',	0,	1,	'',	'',	'',	'',	'',	'',	0),
(680,	'Shahar',	'Saman',	'shaharms72@gmail.com',	'd41d8cd98f00b204e9800998ecf8427e',	0,	'',	'https://platform-lookaside.fbsbx.com/platform/profilepic/?asid=3248263818547039&height=200&width=200&ext=1568875523&hash=AeR2lYcWuMFvFrlA',	'3248263818547039',	1,	1,	'',	'',	'',	'',	'',	'',	0),
(681,	'kelvin',	'kelvin',	'kelvin.lim@everynation.org.my',	'686cf339abd3e8e0b67ee007b1fe37a1',	0,	'',	'',	'0',	0,	1,	'',	'',	'',	'',	'',	'',	0),
(682,	'Laura Mark',	'Laura Mark',	'laura.sm.mark@gmail.com',	'38a35850040a0d62a8f79bd475295600',	0,	'',	'',	'0',	0,	1,	'',	'',	'',	'',	'',	'',	0),
(683,	'Janet',	'Janet',	'janetna77@gmail.com',	'0bbb925d469a51a7db7b61cb735d0764',	0,	'',	'',	'0',	0,	1,	'',	'',	'',	'',	'',	'',	0),
(684,	'Valentina',	'Martire',	'martirevalentina.08@gmail.com',	'd41d8cd98f00b204e9800998ecf8427e',	0,	'',	'https://lh3.googleusercontent.com/a-/AAuE7mB3dm1bYlHuI_JsZErBNLy63YcVsDUTJxhPH1vkAw',	'100590745897537223957',	2,	1,	'',	'',	'',	'',	'',	'',	0),
(685,	'Musaab',	'Musaab',	'msabdaher549@gmail.com',	'a2f31b1b9ead56630a2b473fa3974089',	0,	'',	'',	'0',	0,	1,	'',	'',	'',	'',	'',	'',	0),
(686,	'Zaman',	'Rezaei',	'zaman.rezaei21@gmail.com',	'd41d8cd98f00b204e9800998ecf8427e',	0,	'',	'https://lh3.googleusercontent.com/a-/AAuE7mD9UWObX_mw8nlgSoeT1pWVXcvU3lLR1E4yJTh_KQ',	'108817454185724170863',	2,	1,	'',	'',	'',	'',	'',	'',	0),
(687,	'Tiina Päivikkö',	'Tiina Päivikkö',	'paivikko@gmail.com',	'',	0,	'',	'https://lh3.googleusercontent.com/-3UdaWh_E3QM/AAAAAAAAAAI/AAAAAAAAAAA/ACHi3rdovxFe5S8WsRvKzpUq6ChepaTzAQ/s200/photo.jpg',	'110957954065615155179',	2,	1,	'',	'',	'',	'',	'',	'',	0),
(688,	'Joe Lewis',	'Joe Lewis',	'joe_lewis@hotmail.co.uk',	'',	0,	'',	'http://graph.facebook.com/10162536044150495/picture?type=large',	'10162536044150495',	1,	1,	'',	'',	'',	'',	'',	'',	0),
(689,	'will',	'will',	'will@goldentree.org.uk',	'cdc9745646cbf4a448b96b8026020c45',	0,	'',	'',	'0',	0,	1,	'',	'',	'',	'',	'',	'',	0),
(690,	'Niamh',	'Niamh',	'niamh1016@gmail.com',	'96774de72c68d2407735adb5316d04ec',	0,	'',	'',	'0',	0,	1,	'',	'',	'',	'',	'',	'',	0),
(691,	'Eilidh',	'Eilidh',	'eilidhbeattie@hotmail.co.uk',	'8a9cc1f9f8317dcfabd0f92f31929bda',	0,	'',	'',	'0',	0,	1,	'',	'',	'',	'',	'',	'',	0),
(692,	'Kai Blair',	'Kai Blair',	'kaiblair24@gmail.com',	'beffd3b92c12555483a613685122edc0',	0,	'',	'',	'0',	0,	1,	'',	'',	'',	'',	'',	'',	0),
(693,	'Hannah Fenn-Tye',	'Hannah Fenn-Tye',	'hcf@hw.ac.uk',	'b1719e9258560fe3008fd20d2aa32eee',	0,	'',	'',	'0',	0,	1,	'',	'',	'',	'',	'',	'',	0),
(694,	'Wakeel',	'Shaikh',	'zubairarain2345678@gmail.com',	'd41d8cd98f00b204e9800998ecf8427e',	0,	'',	'https://platform-lookaside.fbsbx.com/platform/profilepic/?asid=2433990590210512&height=200&width=200&ext=1570972165&hash=AeRWwiXxSW31btWT',	'2433990590210512',	1,	1,	'',	'',	'',	'',	'',	'',	0),
(695,	'Becca',	'Becca',	'rd101@hw.ac.uk',	'6f1d4e33bda60d43ba6517ef884a9022',	0,	'',	'',	'0',	0,	1,	'',	'',	'',	'',	'',	'',	0),
(696,	'peligrino',	'peligrino',	'lovely.p.peligrino@gmail.com',	'0f30124129789cdefb879c4bfaf6103c',	0,	'',	'',	'0',	0,	1,	'',	'',	'',	'',	'',	'',	0),
(697,	'Smit Nebhwani',	'Smit Nebhwani',	'smit.nebhwani@gmail.com',	'',	0,	'',	'http://graph.facebook.com/10157653475838485/picture?type=large',	'10157653475838485',	1,	1,	'',	'',	'',	'',	'',	'',	0),
(698,	'Nashiii.c',	'Nashiii.c',	'nasteho1430@hotmail.com',	'',	0,	'',	'https://lh3.googleusercontent.com/a-/AAuE7mDRMNdzd2PZSmDGPeW9Ojqxs46_jTgFZMwLPe9rdw=s200',	'109187453880906931090',	2,	1,	'',	'',	'',	'',	'',	'',	0),
(699,	'Aile',	'Aile',	'ailej@hotmail.com',	'9be71439f5d631db4e24993cee3591df',	0,	'',	'',	'0',	0,	1,	'',	'',	'',	'',	'',	'',	0),
(700,	'Ruby Muñoz',	'Ruby Muñoz',	'munozruby19@yahoo.com',	'',	0,	'',	'http://graph.facebook.com/2658454907527419/picture?type=large',	'2658454907527419',	1,	1,	'',	'',	'',	'',	'',	'',	0),
(701,	'?????',	'????',	'sara.h77@hotmail.com',	'd41d8cd98f00b204e9800998ecf8427e',	0,	'',	'https://platform-lookaside.fbsbx.com/platform/profilepic/?asid=2419734624982680&height=200&width=200&ext=1572795600&hash=AeSwrFwRigN1Gxig',	'2419734624982680',	1,	1,	'',	'',	'',	'',	'',	'',	0),
(702,	'christina',	'christina',	'chicksinthhub@gmail.com',	'818ad55ae1839056c89efc38ee7fa6e2',	0,	'',	'',	'0',	0,	1,	'',	'',	'',	'',	'',	'',	0),
(703,	'Kamonthat',	'Thaimueangphon',	'kamontat.name@gmail.com',	'd41d8cd98f00b204e9800998ecf8427e',	0,	'',	'https://platform-lookaside.fbsbx.com/platform/profilepic/?asid=2433831230207335&height=200&width=200&ext=1574239531&hash=AeRygA9t27SXiecJ',	'2433831230207335',	1,	1,	'',	'',	'',	'',	'',	'',	0),
(704,	'Toan',	'Vu',	'vumanhtoanv.hp@gmail.com',	'd41d8cd98f00b204e9800998ecf8427e',	0,	'',	'https://platform-lookaside.fbsbx.com/platform/profilepic/?asid=2469627799977144&height=200&width=200&ext=1574240235&hash=AeTFg4NU5Z8SD2qd',	'2469627799977144',	1,	1,	'',	'',	'',	'',	'',	'',	0),
(705,	'Somu Lamani',	'Somu Lamani',	'lamanisomu701@gmail.com',	'81dc9bdb52d04dc20036dbd8313ed055',	0,	'',	'',	'0',	0,	1,	'',	'',	'',	'',	'',	'',	0),
(706,	'sadek',	'sadek',	'sadekachour2002@mail.com',	'922d72a3ec9ab46a498af4858fccc19e',	0,	'',	'',	'0',	0,	1,	'',	'',	'',	'',	'',	'',	0),
(707,	'inga',	'inga',	'ingakoashlarba@gmail.com',	'768165877f0fc0a7f36a8ac7931e7e03',	0,	'',	'',	'0',	0,	1,	'',	'',	'',	'',	'',	'',	0),
(708,	'Roland',	'Láposi',	'roland.laposi@gmail.com',	'd41d8cd98f00b204e9800998ecf8427e',	0,	'',	'https://lh3.googleusercontent.com/a-/AAuE7mBhvE3scxqwQWWmqCK3kERcrK4rEHT4MCTU-weNcQ',	'107494375126025045670',	2,	1,	'',	'',	'',	'',	'',	'',	0),
(709,	'N\'1999',	'N\'1999',	'kamontat.name@gmail.com',	'd41d8cd98f00b204e9800998ecf8427e',	0,	'',	'https://lh3.googleusercontent.com/a-/AAuE7mCoyQooRFi0qC7QffeGnOILs5Whzp6XHRtRfsDiCg',	'110477457608291115510',	2,	1,	'',	'',	'',	'',	'',	'',	0),
(710,	'Jacqueline',	'Lopez',	'kyjacqui@yahoo.com',	'd41d8cd98f00b204e9800998ecf8427e',	0,	'',	'https://platform-lookaside.fbsbx.com/platform/profilepic/?asid=2882152891830515&height=200&width=200&ext=1575659874&hash=AeRV0RHpCCUAZ9Qh',	'2882152891830515',	1,	1,	'',	'',	'',	'',	'',	'',	0),
(711,	'Faisal Hussain',	'Faisal Hussain',	'frazahussain@gmail.com',	'',	0,	'',	'https://lh4.googleusercontent.com/-2XOju8HsHVc/AAAAAAAAAAI/AAAAAAAAAAA/ACHi3reES6dAlQXk2BNQXfZYZ4wARZ-bdg/s200/photo.jpg',	'113083059843563737935',	2,	1,	'',	'',	'',	'',	'',	'',	0),
(712,	'natalia',	'natalia',	'n.ribeiro5332@gmail.com',	'9c8742661834a308ad2d2243b268a1bb',	0,	'',	'',	'0',	0,	1,	'',	'',	'',	'',	'',	'',	0),
(713,	'Maho',	'Maho',	'shoppen@hozblitz.de',	'fe86cfa71d075802f417e6e902e664a4',	0,	'',	'',	'0',	0,	1,	'',	'',	'',	'',	'',	'',	0),
(714,	'Tayo',	'Tayo',	'tayosignups@gmail.com',	'a55fbb3f7cd722422cb788b4049c8676',	0,	'',	'',	'0',	0,	1,	'',	'',	'',	'',	'',	'',	0),
(715,	'Everson Carlos Silva',	'Everson Carlos Silva',	'everson.indio@gmail.com',	'',	0,	'',	'http://graph.facebook.com/10218316991928862/picture?type=large',	'10218316991928862',	1,	1,	'',	'',	'',	'',	'',	'',	0),
(716,	'paulina',	'paulina',	'paulinamaslanka11@hotmail.com',	'f0576153de3dfef826f97506df6975d6',	0,	'',	'',	'0',	0,	1,	'',	'',	'',	'',	'',	'',	0),
(717,	'Imogen',	'Imogen',	'parkesi@hotmail.co.uk',	'781acd81b768c46dbb38be2f28d27899',	0,	'',	'',	'0',	0,	1,	'',	'',	'',	'',	'',	'',	0),
(718,	'Panagiotis',	'Sofroniou',	'panagiotis2436@gmail.com',	'd41d8cd98f00b204e9800998ecf8427e',	0,	'',	'https://lh3.googleusercontent.com/a-/AAuE7mAmeehyH_3JINSVhwhXbQu5ca2JdoeyRmndbiXdsQ',	'106640733752385780906',	2,	1,	'',	'',	'',	'',	'',	'',	0),
(719,	'Justin Sales',	'Justin Sales',	'Justin.sales@edinburghcollege.ac.uk',	'ecbe852c915d4d0837792652c86add69',	0,	'',	'',	'0',	0,	1,	'',	'',	'',	'',	'',	'',	0),
(720,	'Arzu',	'Ba?',	'arzubas@hotmail.com',	'd41d8cd98f00b204e9800998ecf8427e',	0,	'',	'https://platform-lookaside.fbsbx.com/platform/profilepic/?asid=10157648655231832&height=200&width=200&ext=1579093220&hash=AeQEy7aNHHuo42IM',	'10157648655231832',	1,	1,	'',	'',	'',	'',	'',	'',	0),
(721,	'Mark Hamilton',	'Mark Hamilton',	'mark.hamilton.esol@gmail.com',	'61ce7a99ba643a7229ae0905b36401c1',	0,	'',	'',	'0',	0,	1,	'',	'',	'',	'',	'',	'',	0),
(722,	'jamil',	'omer',	'jamilomer2018@gmail.com',	'd41d8cd98f00b204e9800998ecf8427e',	0,	'',	'https://lh3.googleusercontent.com/a-/AAuE7mA-1TT4jyvp67__QdwBKazBLDjt9KJCJbRWKwPT',	'117983270813261670924',	2,	1,	'',	'',	'',	'',	'',	'',	0),
(723,	'Hussam',	'Hussam',	'houssamsyr2@gmail.com',	'8b02e90a7ddca04ed609bae558d7a8bc',	0,	'',	'',	'0',	0,	1,	'',	'',	'',	'',	'',	'',	0),
(724,	'Sara Sarab',	'Sara Sarab',	'sarabb1999@outlook.com',	'',	0,	'',	'http://graph.facebook.com/137631251003862/picture?type=large',	'137631251003862',	1,	1,	'',	'',	'',	'',	'',	'',	0),
(725,	'baran',	'baran',	'rezanawla@gmail.com',	'7a677b054a03fdf1242f29fc021149fc',	0,	'',	'',	'0',	0,	1,	'',	'',	'',	'',	'',	'',	0),
(726,	'Saliha Akgul',	'Saliha Akgul',	'akgul_bicen@hotmail.com',	'',	0,	'',	'http://graph.facebook.com/2427797987346146/picture?type=large',	'2427797987346146',	1,	1,	'',	'',	'',	'',	'',	'',	0),
(727,	'give gife',	'give gife',	'mas11terpiece@gmail.com',	'',	0,	'',	'https://lh6.googleusercontent.com/-hCns1CXZYpY/AAAAAAAAAAI/AAAAAAAAAAA/ACHi3rdYzb8o7S4onUbtewPZwxmXEDuALA/s200/photo.jpg',	'116193478827492939417',	2,	1,	'',	'',	'',	'',	'',	'',	0),
(728,	'Dilshan',	'Dilshan',	'dilshanw3@gmail.com',	'eb70936f1c69c504a82488b69aef171b',	0,	'',	'',	'0',	0,	1,	'',	'',	'',	'',	'',	'',	0),
(729,	'Ishara',	'Ishara',	'isharalive90@gmail.com',	'43293fd5600cc0451eb6ca3a9abd3dab',	0,	'',	'',	'0',	0,	1,	'',	'',	'',	'',	'',	'',	0),
(730,	'qa@gmail.com',	'qa@gmail.com',	'qa@gmail.com',	'e10adc3949ba59abbe56e057f20f883e',	0,	'',	'',	'0',	0,	1,	'',	'',	'',	'',	'',	'',	0),
(731,	'march',	'march',	'march192019@gmail.com',	'4061838f4395ef541fb1b3f07e42bc21',	0,	'',	'',	'0',	0,	1,	'',	'',	'',	'',	'',	'',	0),
(732,	'maria garraffa',	'maria garraffa',	'm.garraffa@hw.ac.uk',	'0fabbe8819d9f7751a8155aad7540034',	0,	'',	'',	'0',	0,	1,	'',	'',	'',	'',	'',	'',	0),
(733,	'Hannah',	'null',	'houdinisaid@gmail.com',	'd41d8cd98f00b204e9800998ecf8427e',	0,	'',	'https://lh3.googleusercontent.com/a-/AAuE7mCqUxzwQNsnemeq2p2u6-ePXfKYNuFpEPXmLzttMQ',	'109742740900120414461',	2,	1,	'',	'',	'',	'',	'',	'',	0),
(734,	'Beth Buckingham Follett',	'Beth Buckingham Follett',	'little_dragonjewelfire@yahoo.com',	'',	0,	'',	'http://graph.facebook.com/10222508412569234/picture?type=large',	'10222508412569234',	1,	1,	'',	'',	'',	'',	'',	'',	0),
(735,	'Mia',	'Heinonen',	'mia.heinonen@vantaalainen.com',	'd41d8cd98f00b204e9800998ecf8427e',	0,	'',	'https://platform-lookaside.fbsbx.com/platform/profilepic/?asid=10157298892152955&height=200&width=200&ext=1583612911&hash=AeSvI2NARkHG673v',	'10157298892152955',	1,	1,	'',	'',	'',	'',	'',	'',	0),
(736,	'Ali',	'Janjun',	'ali.janjun@yahoo.com',	'd41d8cd98f00b204e9800998ecf8427e',	0,	'',	'https://platform-lookaside.fbsbx.com/platform/profilepic/?asid=1803881639736438&height=200&width=200&ext=1583928524&hash=AeTXj1KVJ2QFCZ_G',	'1803881639736438',	1,	1,	'',	'',	'',	'',	'',	'',	0),
(737,	'Emma PARG',	'Emma PARG',	'parragaemma@gmail.com',	'',	0,	'',	'https://lh4.googleusercontent.com/-z7eLw53GO2s/AAAAAAAAAAI/AAAAAAAAAAA/ACHi3rd3o0g4VZ5K8BacH7B2xA4bgLAz4g/s200/photo.jpg',	'100909169490984756051',	2,	1,	'',	'',	'',	'',	'',	'',	0),
(738,	'Aby',	'Bundac',	'abegaiill@yahoo.com',	'd41d8cd98f00b204e9800998ecf8427e',	0,	'',	'https://platform-lookaside.fbsbx.com/platform/profilepic/?asid=10159891398576151&height=200&width=200&ext=1586368967&hash=AeTLcnFIg4XWnwOs',	'10159891398576151',	1,	1,	'',	'',	'',	'',	'',	'',	0),
(739,	'Melissa Whitehead',	'Melissa Whitehead',	'whiteheadmelissa7011@gmail.com',	'',	0,	'',	'https://lh6.googleusercontent.com/-NVLvSP1B1gk/AAAAAAAAAAI/AAAAAAAAAAA/AKF05nBmkpB2fRYXARB57GhafjgATz8wAQ/s200/photo.jpg',	'115052226043883998895',	2,	1,	'',	'',	'',	'',	'',	'',	0),
(740,	'Turgay',	'Gören',	'turgaygoren6@gmail.com',	'd41d8cd98f00b204e9800998ecf8427e',	0,	'',	'https://lh3.googleusercontent.com/a-/AOh14GgU_LS7AqczKsoR-aWIGEZ-q-xYvkbDx_fhgzdl',	'100282389363028633842',	2,	1,	'',	'',	'',	'',	'',	'',	0),
(741,	'langotester',	'langotester',	'',	'e10adc3949ba59abbe56e057f20f883e',	0,	'uploads/user_profile/1595504472',	'',	'',	0,	1,	'',	'',	'',	'',	'',	'',	0),
(744,	'Navdeep',	'Voolsy',	'admin@voolsy.com',	'e10adc3949ba59abbe56e057f20f883e',	0,	'',	'',	'0',	0,	1,	'',	'',	'',	'',	'',	'',	0),
(745,	'Rashmin1',	'Rashmin1',	'rastech47@gmail.com',	'e10adc3949ba59abbe56e057f20f883e',	0,	'uploads/user_profile/1595505521',	'',	'0',	0,	1,	'',	'',	'',	'',	'',	'',	0),
(746,	'Ronak',	'',	'ronak.doshi@voolsy.com',	'b51dedb33ef8d983d741d5e035760a08',	0,	'',	'',	'0',	0,	1,	'',	'',	'669875',	'',	'',	'',	0),
(747,	'tes',	'tes',	'test@tt.com',	'e10adc3949ba59abbe56e057f20f883e',	0,	'',	'',	'0',	0,	1,	'',	'',	'',	'',	'',	'',	0),
(748,	'test',	'',	'test1@tt.com',	'e10adc3949ba59abbe56e057f20f883e',	0,	'',	'',	'0',	0,	1,	'',	'',	'',	'',	'',	'',	0),
(749,	'Dimpy',	'',	'dimpy.sojitra@gmail.com',	'328c0d2deac916fe875c79d7131ed455',	0,	'',	'',	'0',	0,	1,	'',	'',	'',	'',	'',	'',	0),
(750,	'7Bog Pro',	'7Bog Pro',	'7blogpro@gmail.com',	'd41d8cd98f00b204e9800998ecf8427e',	0,	'',	'https://lh3.googleusercontent.com/-AGbWcNo_OCw/AAAAAAAAAAI/AAAAAAAAAAA/AMZuucnsUm0PyfJzex2WohvCsVFLJl8UJw/s200/photo.jpg',	'114419102922687064374',	2,	1,	'',	'',	'',	'',	'',	'',	0),
(751,	'Ronak Doshi',	'',	'ronak.doshi@voolsy.com',	'd41d8cd98f00b204e9800998ecf8427e',	0,	'',	'null',	'101723795352669513315',	2,	1,	'',	'',	'669875',	'',	'',	'',	0),
(752,	'nili',	NULL,	'niiil@test.com',	'e10adc3949ba59abbe56e057f20f883e',	0,	NULL,	NULL,	'1',	1,	1,	'',	'',	'',	'',	'',	'',	0),
(753,	'Pooja',	'',	'sspree7@gmail.com',	'e10adc3949ba59abbe56e057f20f883e',	0,	NULL,	NULL,	'0',	0,	1,	'',	'',	'',	'',	'',	'',	0),
(754,	'terijimenez.08216@gmail.com',	'',	'terijimenez.08216@gmail.com',	'd41d8cd98f00b204e9800998ecf8427e',	0,	NULL,	NULL,	'104216489037993483123',	2,	1,	'',	'',	'',	'',	'',	'',	0),
(755,	'Rashmin Lakhatariya',	'',	'rastech47@gmail.com',	'd41d8cd98f00b204e9800998ecf8427e',	0,	NULL,	'https://lh3.googleusercontent.com/a-/AOh14GjOaFNMj6T-yw6j7Vj3DDa8BXjeCyvClxCfKPb1Vg',	'111261717385054317799',	2,	1,	'',	'',	'',	'',	'',	'',	0),
(756,	'Dimpy Sojitra',	'',	'dimpii.voolsy121@gmail.com',	'd41d8cd98f00b204e9800998ecf8427e',	0,	NULL,	NULL,	'101797279268735751497',	2,	1,	'',	'',	'',	'',	'',	'',	0),
(757,	'Barbara Winn-Hagelstam',	'',	'barbara@welcomehome.internatio',	'47d7b25789724e69e7c17a4954a55081',	0,	NULL,	NULL,	'0',	0,	1,	'',	'',	'',	'',	'',	'',	0),
(758,	'jonsni',	'',	'jhonsonmo@test.com',	'e10adc3949ba59abbe56e057f20f883e',	0,	NULL,	NULL,	'0',	0,	1,	'',	'',	'',	'',	'',	'',	0),
(759,	'testing1',	'',	'Test1@test1.com',	'e10adc3949ba59abbe56e057f20f883e',	0,	NULL,	NULL,	'0',	0,	1,	'',	'',	'',	'',	'',	'',	0),
(760,	'navdeep',	'',	'navdeep@test.com',	'e10adc3949ba59abbe56e057f20f883e',	0,	NULL,	NULL,	'0',	0,	1,	'',	'',	'',	'',	'',	'',	0),
(761,	'Dimpy ',	'',	'dimpii.sojitra@voolsy.com',	'e10adc3949ba59abbe56e057f20f883e',	0,	NULL,	NULL,	'0',	0,	1,	'',	'',	'',	'',	'',	'',	0),
(762,	'Barbara Winn-Hagelstam',	'',	'barbara@welcomehome.international',	'47d7b25789724e69e7c17a4954a55081',	0,	NULL,	NULL,	'0',	0,	1,	'',	'',	'',	'',	'',	'',	0),
(763,	'Dimpy',	'',	'dimpy.sojitraa@gmail.com',	'3ab8292ad69858313a10fc37e29134cf',	0,	NULL,	NULL,	'0',	0,	1,	'',	'',	'',	'',	'',	'',	0),
(764,	'Test',	'',	'test@gmail.com',	'e10adc3949ba59abbe56e057f20f883e',	0,	'uploads/user_profile/1597992706.png',	NULL,	'0',	0,	1,	'',	'',	'',	'',	'',	'',	0),
(765,	'test',	NULL,	'test1@gmail.com',	'e10adc3949ba59abbe56e057f20f883e',	0,	'uploads/user_profile/1598005706.png',	'',	'0',	0,	1,	'',	'',	'',	'',	'',	'',	0),
(766,	'test',	NULL,	'test2@gmail.com',	'e10adc3949ba59abbe56e057f20f883e',	0,	'uploads/user_profile/1597997353',	'',	'0',	0,	1,	'',	'',	'',	'',	'',	'',	0),
(767,	'Dimpy',	'',	'dimpy.sojitra@voolsy.com',	'328c0d2deac916fe875c79d7131ed455',	0,	NULL,	NULL,	'0',	0,	1,	'',	'',	'',	'',	'',	'',	0),
(768,	'Test',	'One',	'',	'd41d8cd98f00b204e9800998ecf8427e',	0,	NULL,	'https://graph.facebook.com/v6.0/112964767201531/picture?height=500&width=500&migration_overrides={october_2012:true}&access_token=EAAIlhhBZAKoQBAJmJ0eu6mwJJqDH24itSZCELn8u0l2dnokW7z6O09qcF5G9FJ1l0JkPPyOJotyVhTrkgmbxza1fgi3omEHb3Tmnd1FZBukbBTWGv9sV8ZAJZBsoanX7L9wp59ZAkh6HejuwIZBGqvq8ZAsgRSsIZAPN34LzFk0yJ77x0MNAxy9ktsrGf37rghbqAaBeMi11E5xvYzUXE6OiUE7ZBiJywcoxptI1gdJK6AKAZDZD',	'112964767201531',	1,	1,	'',	'',	'',	'',	'',	'',	0),
(769,	'a',	'',	'a@a.a',	'e10adc3949ba59abbe56e057f20f883e',	0,	NULL,	NULL,	'0',	0,	1,	'',	'',	'',	'',	'',	'',	0),
(770,	'Dimpy',	'',	'dimpii.sojitra@origzo.com',	'e10adc3949ba59abbe56e057f20f883e',	0,	NULL,	NULL,	'0',	0,	1,	'',	'',	'',	'',	'',	'',	0),
(771,	'harsh',	'',	'harsh.n@voolsy.com',	'e10adc3949ba59abbe56e057f20f883e',	0,	NULL,	NULL,	'0',	0,	1,	'',	'',	'',	'',	'',	'',	0);

CREATE TABLE `tbl_user_score` (
  `id` int(11) NOT NULL AUTO_INCREMENT,
  `user_id` int(11) NOT NULL,
  `total_score` int(11) NOT NULL,
  `correct_score` int(11) NOT NULL,
  `category_id` int(11) NOT NULL,
  `subcategory_id` int(11) NOT NULL,
  `type_id` int(11) NOT NULL,
  `support_lang_id` int(11) NOT NULL,
  `status` int(1) NOT NULL DEFAULT '1',
  PRIMARY KEY (`id`)
) ENGINE=InnoDB DEFAULT CHARSET=latin1;

INSERT INTO `tbl_user_score` (`id`, `user_id`, `total_score`, `correct_score`, `category_id`, `subcategory_id`, `type_id`, `support_lang_id`, `status`) VALUES
(1,	17,	15,	15,	9,	20,	8,	0,	1),
(2,	26,	3,	0,	33,	28,	13,	0,	1),
(3,	17,	3,	3,	33,	28,	13,	0,	1),
(4,	17,	3,	0,	33,	28,	14,	0,	1),
(5,	26,	3,	3,	33,	28,	14,	0,	1),
(6,	26,	3,	0,	33,	28,	13,	0,	1),
(7,	17,	3,	0,	33,	28,	14,	0,	1),
(8,	26,	3,	0,	33,	168,	13,	0,	1),
(9,	22,	3,	3,	33,	168,	13,	0,	1),
(10,	22,	20,	20,	50,	56,	8,	0,	1),
(11,	22,	3,	3,	33,	186,	13,	0,	1),
(12,	17,	3,	3,	33,	186,	13,	0,	1),
(13,	22,	3,	3,	33,	186,	13,	0,	1),
(14,	22,	3,	3,	33,	186,	13,	0,	1),
(15,	22,	3,	3,	33,	186,	13,	0,	1),
(16,	22,	20,	20,	51,	103,	8,	0,	1),
(17,	22,	20,	20,	51,	103,	8,	0,	1),
(18,	22,	20,	20,	50,	56,	8,	0,	1),
(19,	22,	20,	14,	50,	56,	4,	0,	1),
(20,	22,	20,	6,	50,	56,	5,	0,	1),
(21,	22,	20,	14,	50,	56,	1,	0,	1),
(22,	22,	3,	0,	33,	186,	14,	0,	1),
(23,	22,	3,	3,	33,	186,	13,	0,	1),
(24,	22,	3,	3,	33,	186,	13,	0,	1),
(25,	22,	11,	9,	81,	93,	11,	0,	1),
(26,	22,	11,	4,	89,	97,	15,	0,	1),
(27,	22,	20,	1,	50,	57,	5,	0,	1),
(28,	22,	20,	2,	50,	56,	7,	0,	1),
(29,	14,	20,	3,	50,	56,	5,	0,	1),
(30,	17,	20,	2,	50,	56,	5,	0,	1),
(31,	17,	20,	1,	50,	56,	5,	0,	1),
(32,	17,	20,	20,	50,	56,	8,	0,	1),
(33,	17,	20,	19,	50,	56,	1,	0,	1),
(34,	17,	20,	17,	50,	56,	1,	0,	1),
(35,	17,	20,	16,	50,	56,	1,	0,	1),
(36,	17,	3,	3,	33,	186,	13,	0,	1),
(37,	17,	3,	1,	33,	186,	14,	0,	1),
(38,	17,	3,	0,	33,	186,	14,	0,	1),
(39,	17,	3,	3,	33,	186,	13,	0,	1),
(40,	17,	3,	3,	33,	186,	13,	0,	1),
(41,	17,	3,	0,	33,	186,	14,	0,	1),
(42,	17,	3,	0,	33,	186,	14,	0,	1),
(43,	17,	3,	0,	33,	186,	14,	0,	1),
(44,	17,	3,	0,	33,	186,	14,	0,	1),
(45,	17,	20,	15,	50,	56,	4,	0,	1),
(46,	17,	20,	11,	50,	56,	3,	0,	1),
(47,	17,	11,	9,	81,	93,	11,	0,	1),
(48,	17,	11,	7,	89,	97,	15,	0,	1),
(49,	17,	11,	5,	89,	97,	15,	0,	1),
(50,	17,	11,	8,	89,	97,	15,	0,	1),
(51,	17,	11,	7,	89,	97,	15,	0,	1),
(52,	17,	11,	9,	89,	97,	15,	0,	1),
(53,	17,	11,	11,	89,	97,	15,	0,	1),
(54,	22,	11,	10,	81,	93,	11,	0,	1),
(55,	22,	11,	11,	81,	93,	11,	0,	1),
(56,	22,	11,	11,	81,	93,	11,	0,	1),
(57,	22,	3,	3,	33,	186,	13,	0,	1),
(58,	22,	3,	3,	33,	186,	13,	0,	1),
(59,	22,	3,	3,	33,	186,	13,	0,	1),
(60,	22,	3,	3,	33,	186,	13,	0,	1),
(61,	22,	3,	3,	33,	186,	13,	0,	1),
(62,	34,	11,	11,	89,	97,	15,	0,	1),
(63,	17,	11,	11,	89,	97,	15,	0,	1),
(64,	17,	11,	11,	89,	97,	15,	0,	1),
(65,	17,	11,	11,	89,	97,	15,	0,	1),
(66,	17,	11,	11,	89,	97,	15,	0,	1),
(67,	34,	11,	11,	89,	97,	15,	0,	1),
(68,	34,	11,	11,	89,	97,	15,	0,	1),
(69,	34,	11,	10,	89,	97,	15,	0,	1),
(70,	34,	11,	11,	89,	97,	15,	0,	1),
(71,	17,	11,	10,	89,	97,	15,	0,	1),
(72,	17,	11,	11,	89,	97,	15,	0,	1),
(73,	34,	11,	11,	89,	97,	15,	0,	1),
(74,	34,	11,	11,	89,	97,	15,	0,	1),
(75,	34,	11,	11,	89,	97,	15,	0,	1),
(76,	34,	11,	11,	89,	97,	15,	0,	1),
(77,	34,	11,	11,	89,	97,	15,	0,	1),
(78,	17,	3,	3,	33,	186,	13,	0,	1),
(79,	34,	11,	11,	89,	97,	15,	0,	1),
(80,	34,	11,	11,	89,	97,	15,	0,	1),
(81,	34,	11,	10,	89,	97,	15,	0,	1),
(82,	34,	20,	20,	50,	56,	8,	0,	1),
(83,	34,	20,	20,	50,	56,	8,	0,	1),
(84,	34,	11,	10,	89,	97,	15,	0,	1),
(85,	34,	11,	11,	89,	97,	15,	0,	1),
(86,	34,	11,	11,	89,	97,	15,	0,	1),
(87,	34,	11,	11,	89,	97,	15,	0,	1),
(88,	34,	11,	11,	89,	97,	15,	0,	1),
(89,	34,	11,	11,	89,	97,	15,	0,	1),
(90,	34,	11,	11,	89,	97,	15,	0,	1),
(91,	34,	11,	10,	89,	97,	15,	0,	1),
(92,	34,	11,	11,	89,	97,	15,	0,	1),
(93,	34,	11,	11,	89,	97,	15,	0,	1),
(94,	34,	11,	11,	89,	97,	15,	0,	1),
(95,	14,	20,	20,	50,	56,	8,	0,	1),
(96,	14,	20,	20,	50,	56,	8,	0,	1),
(97,	14,	20,	20,	50,	56,	8,	0,	1),
(98,	14,	20,	20,	50,	56,	8,	0,	1),
(99,	14,	20,	20,	50,	56,	8,	0,	1),
(100,	14,	11,	9,	89,	97,	15,	0,	1),
(101,	14,	11,	8,	89,	97,	15,	0,	1),
(102,	14,	11,	11,	89,	97,	15,	0,	1),
(103,	14,	11,	9,	89,	97,	15,	0,	1),
(104,	14,	11,	11,	89,	97,	15,	0,	1),
(105,	14,	11,	9,	89,	97,	15,	0,	1),
(106,	14,	11,	11,	81,	93,	11,	0,	1),
(107,	14,	3,	3,	33,	186,	13,	0,	1),
(108,	14,	3,	3,	33,	186,	13,	0,	1),
(109,	14,	20,	20,	50,	56,	8,	0,	1),
(110,	14,	20,	20,	50,	56,	8,	0,	1),
(111,	14,	11,	10,	89,	97,	15,	0,	1),
(112,	14,	20,	20,	50,	56,	8,	0,	1),
(113,	14,	20,	20,	50,	56,	8,	0,	1),
(114,	14,	20,	20,	50,	56,	8,	0,	1),
(115,	14,	20,	20,	50,	56,	8,	0,	1),
(116,	14,	20,	20,	50,	56,	8,	0,	1),
(117,	14,	20,	20,	50,	56,	8,	0,	1),
(118,	14,	20,	17,	50,	56,	1,	0,	1),
(119,	14,	20,	15,	50,	56,	4,	0,	1),
(120,	14,	3,	3,	33,	186,	13,	0,	1),
(121,	14,	3,	3,	33,	186,	13,	0,	1),
(122,	14,	3,	3,	33,	186,	13,	0,	1),
(123,	14,	3,	3,	33,	186,	13,	0,	1),
(124,	14,	11,	10,	81,	93,	11,	0,	1),
(125,	14,	11,	11,	81,	93,	11,	0,	1),
(126,	14,	11,	11,	81,	93,	11,	0,	1),
(127,	14,	11,	9,	81,	93,	11,	0,	1),
(128,	14,	11,	9,	81,	93,	11,	0,	1),
(129,	14,	11,	11,	81,	93,	11,	0,	1),
(130,	14,	11,	10,	81,	93,	11,	0,	1),
(131,	14,	11,	11,	81,	93,	11,	0,	1),
(132,	14,	3,	3,	33,	186,	13,	0,	1),
(133,	14,	3,	3,	33,	186,	13,	0,	1),
(134,	14,	3,	3,	33,	186,	13,	0,	1),
(135,	14,	3,	3,	33,	186,	13,	0,	1),
(136,	14,	3,	3,	33,	186,	13,	0,	1),
(137,	14,	3,	3,	33,	186,	13,	0,	1),
(138,	14,	11,	11,	81,	93,	11,	0,	1),
(139,	14,	11,	11,	81,	93,	11,	0,	1),
(140,	14,	11,	10,	81,	93,	11,	0,	1),
(141,	14,	11,	11,	81,	93,	11,	0,	1),
(142,	14,	11,	11,	81,	93,	11,	0,	1),
(143,	14,	11,	10,	81,	93,	11,	0,	1),
(144,	14,	11,	11,	81,	93,	11,	0,	1),
(145,	14,	3,	3,	33,	186,	13,	0,	1),
(146,	14,	3,	3,	33,	186,	13,	0,	1),
(147,	14,	3,	3,	33,	186,	13,	0,	1),
(148,	14,	3,	3,	33,	186,	13,	0,	1),
(149,	14,	3,	3,	33,	186,	13,	0,	1),
(150,	17,	11,	11,	89,	97,	15,	0,	1),
(151,	14,	3,	3,	33,	186,	13,	0,	1),
(152,	14,	3,	3,	33,	186,	13,	0,	1),
(153,	38,	2,	0,	42,	198,	13,	0,	1),
(154,	35,	2,	2,	94,	232,	14,	0,	1),
(155,	42,	20,	20,	101,	258,	12,	0,	1),
(156,	43,	20,	0,	54,	114,	8,	0,	1),
(157,	50,	20,	0,	50,	56,	8,	0,	1),
(158,	50,	20,	19,	50,	56,	1,	0,	1),
(159,	50,	20,	20,	50,	56,	3,	0,	1),
(160,	22,	20,	20,	50,	56,	8,	0,	1),
(161,	52,	20,	20,	50,	56,	8,	0,	1),
(162,	22,	20,	20,	50,	56,	8,	0,	1),
(163,	56,	20,	20,	102,	249,	12,	0,	1),
(164,	57,	20,	20,	50,	56,	8,	0,	1),
(165,	64,	9,	9,	89,	97,	15,	0,	1),
(166,	42,	10,	9,	89,	95,	15,	0,	1),
(167,	42,	10,	10,	89,	96,	15,	0,	1),
(168,	42,	10,	7,	91,	100,	15,	0,	1),
(169,	42,	10,	10,	90,	99,	15,	0,	1),
(170,	42,	10,	7,	90,	98,	15,	0,	1),
(171,	65,	20,	20,	50,	56,	8,	0,	1),
(172,	65,	20,	20,	50,	56,	8,	0,	1),
(173,	65,	20,	20,	50,	57,	8,	0,	1),
(174,	65,	20,	6,	50,	56,	4,	0,	1),
(175,	65,	2,	2,	94,	232,	13,	0,	1),
(176,	65,	2,	2,	94,	232,	13,	0,	1),
(177,	65,	9,	2,	89,	97,	15,	0,	1),
(178,	65,	9,	6,	89,	97,	15,	0,	1),
(179,	65,	9,	7,	89,	97,	15,	0,	1),
(180,	65,	9,	7,	89,	97,	15,	0,	1),
(181,	65,	9,	5,	89,	97,	15,	0,	1),
(182,	65,	9,	8,	89,	97,	15,	0,	1),
(183,	65,	9,	9,	89,	97,	15,	0,	1),
(184,	65,	10,	2,	89,	95,	15,	0,	1),
(185,	69,	10,	3,	89,	96,	15,	0,	1),
(186,	69,	10,	5,	89,	96,	15,	0,	1),
(187,	69,	10,	8,	89,	96,	15,	0,	1),
(188,	69,	10,	2,	91,	100,	15,	0,	1),
(189,	69,	10,	7,	91,	100,	15,	0,	1),
(190,	69,	10,	9,	89,	95,	15,	0,	1),
(191,	69,	20,	20,	106,	252,	12,	0,	1),
(192,	69,	20,	20,	106,	252,	12,	0,	1),
(193,	69,	20,	20,	103,	251,	12,	0,	1),
(194,	69,	2,	2,	95,	234,	13,	0,	1),
(195,	69,	2,	2,	95,	234,	13,	0,	1),
(196,	69,	2,	2,	95,	234,	13,	0,	1),
(197,	69,	2,	2,	95,	234,	13,	0,	1),
(198,	69,	2,	2,	95,	234,	13,	0,	1),
(199,	69,	2,	2,	95,	234,	13,	0,	1),
(200,	69,	2,	2,	95,	234,	13,	0,	1),
(201,	69,	2,	2,	95,	234,	13,	0,	1),
(202,	69,	2,	2,	95,	234,	13,	0,	1),
(203,	69,	2,	2,	95,	234,	13,	0,	1),
(204,	69,	2,	2,	95,	234,	13,	0,	1),
(205,	69,	2,	2,	95,	234,	13,	0,	1),
(206,	69,	2,	2,	95,	234,	13,	0,	1),
(207,	69,	2,	2,	95,	234,	13,	0,	1),
(208,	69,	2,	2,	95,	234,	13,	0,	1),
(209,	64,	20,	0,	105,	253,	12,	0,	1),
(210,	64,	20,	20,	51,	105,	8,	0,	1),
(211,	64,	20,	20,	51,	105,	8,	0,	1),
(212,	64,	20,	20,	51,	105,	8,	0,	1),
(213,	64,	20,	20,	51,	105,	8,	0,	1),
(214,	64,	20,	20,	51,	105,	8,	0,	1),
(215,	64,	20,	20,	77,	125,	8,	0,	1),
(216,	64,	20,	0,	68,	119,	8,	0,	1),
(217,	64,	20,	0,	68,	119,	8,	0,	1),
(218,	70,	20,	20,	50,	56,	8,	0,	1),
(219,	70,	20,	20,	50,	56,	8,	0,	1),
(220,	70,	20,	20,	50,	56,	8,	0,	1),
(221,	64,	20,	20,	77,	125,	8,	0,	1),
(222,	70,	20,	20,	50,	56,	8,	0,	1),
(223,	67,	2,	0,	100,	243,	13,	0,	1),
(224,	64,	2,	2,	94,	232,	13,	0,	1),
(225,	71,	2,	2,	94,	232,	13,	0,	1),
(226,	77,	11,	7,	81,	93,	11,	0,	1),
(227,	71,	20,	20,	50,	56,	8,	0,	1),
(228,	71,	20,	20,	102,	249,	12,	0,	1),
(229,	71,	2,	2,	93,	242,	13,	0,	1),
(230,	64,	3,	0,	93,	239,	13,	0,	1),
(231,	94,	20,	20,	80,	157,	8,	0,	1),
(232,	95,	10,	6,	89,	95,	15,	0,	1),
(233,	97,	20,	20,	56,	121,	3,	0,	1),
(234,	42,	2,	2,	100,	245,	13,	0,	1),
(235,	42,	20,	20,	102,	249,	12,	0,	1),
(236,	42,	18,	18,	108,	261,	12,	0,	1),
(237,	42,	2,	2,	96,	246,	13,	0,	1),
(238,	42,	11,	11,	72,	131,	8,	0,	1),
(239,	42,	20,	20,	80,	157,	6,	0,	1),
(240,	99,	20,	20,	56,	121,	8,	0,	1),
(241,	99,	20,	17,	56,	121,	3,	0,	1),
(242,	99,	20,	12,	56,	121,	7,	0,	1),
(243,	99,	20,	14,	56,	121,	7,	0,	1),
(244,	100,	20,	13,	50,	56,	5,	0,	1),
(245,	104,	20,	20,	50,	62,	1,	0,	1),
(246,	104,	20,	18,	50,	178,	1,	0,	1),
(247,	104,	14,	14,	50,	59,	1,	0,	1),
(248,	104,	20,	18,	56,	121,	3,	0,	1),
(249,	104,	20,	20,	54,	114,	1,	0,	1),
(250,	104,	20,	20,	54,	115,	3,	0,	1),
(251,	104,	20,	20,	52,	108,	3,	0,	1),
(252,	104,	11,	9,	52,	110,	3,	0,	1),
(253,	104,	20,	20,	67,	156,	1,	0,	1),
(254,	104,	20,	20,	63,	148,	1,	0,	1),
(255,	103,	20,	0,	103,	251,	12,	0,	1),
(256,	99,	20,	20,	53,	113,	8,	0,	1),
(257,	99,	20,	20,	53,	113,	1,	0,	1),
(258,	99,	20,	20,	53,	113,	3,	0,	1),
(259,	112,	2,	2,	100,	245,	13,	0,	1),
(260,	112,	2,	1,	100,	245,	14,	0,	1),
(261,	99,	20,	17,	53,	113,	7,	0,	1),
(262,	99,	20,	15,	53,	113,	4,	0,	1),
(263,	99,	20,	17,	53,	113,	4,	0,	1),
(264,	115,	9,	9,	89,	97,	15,	0,	1),
(265,	115,	10,	5,	89,	95,	15,	0,	1),
(266,	115,	11,	10,	81,	93,	11,	0,	1),
(267,	115,	11,	9,	81,	93,	11,	0,	1),
(268,	115,	11,	11,	81,	93,	11,	0,	1),
(269,	120,	2,	2,	98,	235,	13,	0,	1),
(270,	120,	2,	2,	98,	235,	13,	0,	1),
(271,	120,	2,	2,	100,	243,	13,	0,	1),
(272,	99,	20,	20,	53,	113,	8,	0,	1),
(273,	121,	20,	15,	50,	56,	1,	0,	1),
(274,	121,	20,	20,	50,	56,	3,	0,	1),
(275,	121,	20,	20,	77,	122,	3,	0,	1),
(276,	121,	20,	17,	77,	122,	7,	0,	1),
(277,	121,	20,	18,	77,	125,	3,	0,	1),
(278,	85,	11,	8,	81,	93,	11,	0,	1),
(279,	85,	11,	10,	81,	93,	11,	0,	1),
(280,	125,	20,	20,	103,	251,	12,	0,	1),
(281,	128,	20,	20,	50,	58,	8,	0,	1),
(282,	128,	20,	18,	50,	58,	1,	0,	1),
(283,	128,	11,	9,	81,	93,	11,	0,	1),
(284,	128,	2,	2,	98,	235,	13,	0,	1),
(285,	94,	20,	20,	60,	143,	8,	0,	1),
(286,	94,	20,	20,	69,	145,	8,	0,	1),
(287,	94,	20,	20,	74,	146,	8,	0,	1),
(288,	94,	20,	20,	63,	148,	8,	0,	1),
(289,	94,	20,	20,	65,	167,	8,	0,	1),
(290,	94,	20,	20,	78,	151,	8,	0,	1),
(291,	94,	14,	14,	55,	153,	8,	0,	1),
(292,	94,	18,	18,	55,	154,	8,	0,	1),
(293,	89,	20,	20,	50,	56,	8,	0,	1),
(294,	89,	20,	17,	50,	56,	1,	0,	1),
(295,	89,	20,	17,	50,	56,	3,	0,	1),
(296,	89,	20,	20,	50,	57,	8,	0,	1),
(297,	89,	20,	20,	50,	58,	8,	0,	1),
(298,	89,	20,	19,	50,	58,	1,	0,	1),
(299,	89,	20,	20,	50,	178,	8,	0,	1),
(300,	89,	20,	12,	50,	178,	1,	0,	1),
(301,	89,	20,	20,	50,	62,	8,	0,	1),
(302,	89,	20,	16,	50,	62,	1,	0,	1),
(303,	89,	13,	13,	50,	60,	8,	0,	1),
(304,	89,	13,	12,	50,	60,	1,	0,	1),
(305,	89,	14,	14,	50,	59,	8,	0,	1),
(306,	89,	14,	14,	50,	59,	1,	0,	1),
(307,	89,	12,	12,	62,	101,	8,	0,	1),
(308,	89,	12,	12,	62,	101,	1,	0,	1),
(309,	89,	17,	17,	62,	102,	8,	0,	1),
(310,	89,	17,	17,	62,	102,	3,	0,	1),
(311,	89,	20,	20,	51,	106,	8,	0,	1),
(312,	89,	20,	19,	51,	106,	3,	0,	1),
(313,	89,	20,	20,	51,	103,	8,	0,	1),
(314,	89,	20,	14,	51,	103,	1,	0,	1),
(315,	89,	20,	20,	51,	104,	8,	0,	1),
(316,	89,	20,	20,	51,	104,	1,	0,	1),
(317,	89,	20,	20,	51,	105,	8,	0,	1),
(318,	89,	20,	19,	51,	105,	3,	0,	1),
(319,	89,	20,	20,	52,	108,	8,	0,	1),
(320,	89,	20,	19,	52,	108,	1,	0,	1),
(321,	89,	7,	7,	52,	112,	8,	0,	1),
(322,	89,	7,	6,	52,	112,	1,	0,	1),
(323,	89,	20,	20,	52,	111,	8,	0,	1),
(324,	89,	20,	19,	52,	111,	1,	0,	1),
(325,	89,	20,	20,	52,	107,	8,	0,	1),
(326,	89,	20,	19,	52,	107,	1,	0,	1),
(327,	89,	18,	18,	52,	109,	8,	0,	1),
(328,	89,	11,	11,	52,	110,	8,	0,	1),
(329,	89,	11,	11,	52,	110,	1,	0,	1),
(330,	89,	20,	20,	53,	113,	8,	0,	1),
(331,	89,	20,	20,	54,	114,	8,	0,	1),
(332,	89,	20,	20,	54,	115,	8,	0,	1),
(333,	89,	20,	20,	68,	119,	8,	0,	1),
(334,	89,	12,	12,	79,	120,	8,	0,	1),
(335,	89,	20,	20,	56,	121,	8,	0,	1),
(336,	89,	20,	20,	77,	125,	8,	0,	1),
(337,	89,	20,	19,	77,	125,	3,	0,	1),
(338,	89,	20,	20,	77,	124,	8,	0,	1),
(339,	89,	20,	19,	77,	124,	1,	0,	1),
(340,	89,	20,	20,	77,	122,	8,	0,	1),
(341,	89,	20,	20,	77,	123,	8,	0,	1),
(342,	89,	20,	20,	61,	129,	8,	0,	1),
(343,	89,	20,	20,	61,	128,	8,	0,	1),
(344,	89,	20,	20,	61,	127,	8,	0,	1),
(345,	89,	20,	19,	61,	127,	1,	0,	1),
(346,	89,	20,	20,	61,	126,	8,	0,	1),
(347,	89,	11,	11,	72,	131,	8,	0,	1),
(348,	89,	20,	20,	59,	134,	8,	0,	1),
(349,	89,	20,	20,	59,	134,	1,	0,	1),
(350,	89,	15,	15,	59,	138,	8,	0,	1),
(351,	89,	20,	20,	59,	136,	8,	0,	1),
(352,	89,	20,	20,	59,	136,	1,	0,	1),
(353,	89,	20,	20,	59,	132,	8,	0,	1),
(354,	89,	20,	20,	59,	139,	8,	0,	1),
(355,	89,	20,	20,	59,	137,	8,	0,	1),
(356,	89,	20,	17,	59,	137,	1,	0,	1),
(357,	89,	20,	20,	59,	133,	8,	0,	1),
(358,	89,	20,	20,	59,	133,	1,	0,	1),
(359,	89,	20,	20,	59,	135,	8,	0,	1),
(360,	89,	20,	19,	59,	135,	1,	0,	1),
(361,	89,	20,	20,	59,	141,	8,	0,	1),
(362,	89,	20,	20,	59,	140,	8,	0,	1),
(363,	89,	20,	20,	60,	143,	8,	0,	1),
(364,	89,	20,	20,	60,	143,	8,	0,	1),
(365,	89,	20,	20,	60,	143,	8,	0,	1),
(366,	89,	20,	20,	69,	145,	8,	0,	1),
(367,	89,	20,	20,	74,	146,	8,	0,	1),
(368,	89,	20,	20,	64,	147,	8,	0,	1),
(369,	89,	20,	20,	63,	148,	8,	0,	1),
(370,	89,	20,	20,	58,	149,	8,	0,	1),
(371,	89,	20,	20,	58,	150,	8,	0,	1),
(372,	89,	20,	20,	65,	167,	8,	0,	1),
(373,	89,	20,	20,	78,	151,	8,	0,	1),
(374,	89,	14,	14,	55,	153,	8,	0,	1),
(375,	89,	20,	20,	55,	152,	8,	0,	1),
(376,	89,	12,	12,	55,	155,	8,	0,	1),
(377,	89,	18,	18,	55,	154,	8,	0,	1),
(378,	89,	18,	17,	55,	154,	1,	0,	1),
(379,	89,	20,	20,	67,	156,	8,	0,	1),
(380,	89,	20,	18,	67,	156,	1,	0,	1),
(381,	89,	20,	20,	80,	157,	8,	0,	1),
(382,	89,	20,	20,	80,	157,	6,	0,	1),
(383,	89,	20,	20,	70,	158,	8,	0,	1),
(384,	89,	16,	16,	71,	161,	8,	0,	1),
(385,	89,	20,	20,	71,	160,	8,	0,	1),
(386,	89,	20,	20,	71,	160,	3,	0,	1),
(387,	89,	20,	20,	71,	159,	8,	0,	1),
(388,	89,	20,	18,	71,	159,	3,	0,	1),
(389,	89,	15,	15,	57,	80,	8,	0,	1),
(390,	89,	15,	14,	57,	80,	1,	0,	1),
(391,	89,	20,	20,	57,	64,	8,	0,	1),
(392,	89,	20,	19,	57,	64,	1,	0,	1),
(393,	89,	20,	20,	57,	72,	8,	0,	1),
(394,	89,	20,	16,	57,	72,	1,	0,	1),
(395,	89,	16,	16,	57,	79,	8,	0,	1),
(396,	89,	16,	14,	57,	79,	1,	0,	1),
(397,	89,	20,	20,	57,	66,	8,	0,	1),
(398,	89,	20,	20,	57,	76,	8,	0,	1),
(399,	89,	20,	18,	57,	76,	1,	0,	1),
(400,	89,	20,	20,	57,	70,	8,	0,	1),
(401,	89,	20,	20,	57,	70,	8,	0,	1),
(402,	89,	20,	20,	57,	70,	8,	0,	1),
(403,	89,	20,	20,	57,	71,	8,	0,	1),
(404,	89,	20,	17,	57,	71,	1,	0,	1),
(405,	89,	15,	15,	57,	65,	8,	0,	1),
(406,	89,	20,	20,	57,	77,	8,	0,	1),
(407,	89,	20,	13,	57,	77,	1,	0,	1),
(408,	89,	17,	17,	57,	68,	8,	0,	1),
(409,	89,	19,	19,	57,	15,	8,	0,	1),
(410,	89,	16,	16,	57,	13,	8,	0,	1),
(411,	89,	20,	20,	57,	3,	8,	0,	1),
(412,	89,	20,	20,	57,	9,	8,	0,	1),
(413,	89,	20,	20,	57,	7,	8,	0,	1),
(414,	89,	20,	20,	57,	18,	8,	0,	1),
(415,	89,	20,	20,	57,	14,	8,	0,	1),
(416,	89,	20,	20,	75,	162,	8,	0,	1),
(417,	89,	20,	20,	75,	163,	8,	0,	1),
(418,	89,	20,	20,	76,	164,	8,	0,	1),
(419,	89,	20,	20,	66,	165,	8,	0,	1),
(420,	89,	20,	18,	66,	165,	3,	0,	1),
(421,	89,	20,	20,	73,	166,	8,	0,	1),
(422,	89,	20,	20,	102,	249,	12,	0,	1),
(423,	89,	20,	20,	102,	250,	12,	0,	1),
(424,	89,	20,	20,	103,	251,	12,	0,	1),
(425,	89,	11,	8,	81,	93,	11,	0,	1),
(426,	89,	20,	20,	105,	253,	12,	0,	1),
(427,	89,	20,	20,	105,	254,	12,	0,	1),
(428,	89,	20,	20,	107,	255,	12,	0,	1),
(429,	89,	20,	20,	101,	259,	12,	0,	1),
(430,	89,	20,	20,	101,	256,	12,	0,	1),
(431,	89,	13,	13,	101,	257,	12,	0,	1),
(432,	89,	20,	20,	101,	258,	12,	0,	1),
(433,	89,	20,	20,	108,	260,	12,	0,	1),
(434,	89,	18,	18,	108,	261,	12,	0,	1),
(435,	89,	18,	18,	109,	262,	12,	0,	1),
(436,	89,	20,	20,	104,	263,	12,	0,	1),
(437,	89,	19,	19,	104,	264,	12,	0,	1),
(438,	89,	20,	20,	104,	265,	12,	0,	1),
(439,	89,	2,	2,	94,	232,	13,	0,	1),
(440,	89,	11,	2,	84,	85,	10,	0,	1),
(441,	89,	11,	6,	85,	86,	11,	0,	1),
(442,	89,	11,	9,	86,	87,	10,	0,	1),
(443,	89,	11,	5,	88,	89,	10,	0,	1),
(444,	89,	11,	8,	88,	89,	10,	0,	1),
(445,	89,	20,	20,	50,	56,	8,	0,	1),
(446,	89,	20,	20,	50,	57,	8,	0,	1),
(447,	89,	20,	20,	50,	58,	8,	0,	1),
(448,	89,	20,	20,	50,	178,	8,	0,	1),
(449,	89,	20,	20,	50,	56,	8,	0,	1),
(450,	89,	20,	20,	50,	58,	8,	0,	1),
(451,	89,	20,	20,	50,	178,	8,	0,	1),
(452,	89,	20,	20,	50,	62,	8,	0,	1),
(453,	89,	13,	13,	50,	60,	8,	0,	1),
(454,	89,	14,	14,	50,	59,	8,	0,	1),
(455,	89,	12,	12,	62,	101,	8,	0,	1),
(456,	89,	17,	17,	62,	102,	8,	0,	1),
(457,	89,	20,	20,	51,	106,	8,	0,	1),
(458,	89,	20,	20,	51,	103,	8,	0,	1),
(459,	89,	20,	20,	51,	104,	8,	0,	1),
(460,	89,	20,	20,	52,	108,	8,	0,	1),
(461,	89,	7,	7,	52,	112,	8,	0,	1),
(462,	89,	20,	20,	52,	111,	8,	0,	1),
(463,	89,	20,	20,	52,	107,	8,	0,	1),
(464,	89,	18,	18,	52,	109,	8,	0,	1),
(465,	89,	11,	11,	52,	110,	8,	0,	1),
(466,	89,	20,	20,	59,	132,	8,	0,	1),
(467,	89,	20,	20,	56,	121,	8,	0,	1),
(468,	89,	20,	20,	58,	149,	8,	0,	1),
(469,	89,	20,	20,	67,	156,	8,	0,	1),
(470,	89,	20,	20,	57,	71,	8,	0,	1),
(471,	89,	20,	20,	57,	14,	8,	0,	1),
(472,	89,	2,	2,	94,	232,	13,	0,	1),
(473,	89,	2,	0,	94,	232,	14,	0,	1),
(474,	89,	2,	2,	94,	233,	13,	0,	1),
(475,	89,	2,	0,	94,	233,	14,	0,	1),
(476,	78,	1,	1,	83,	267,	10,	0,	1),
(477,	138,	2,	1,	95,	234,	14,	0,	1),
(478,	137,	2,	0,	97,	236,	13,	0,	1),
(479,	137,	2,	0,	98,	235,	13,	0,	1),
(480,	137,	2,	0,	95,	234,	13,	0,	1),
(481,	137,	2,	0,	99,	238,	13,	0,	1),
(482,	141,	11,	9,	81,	93,	11,	0,	1),
(483,	144,	20,	13,	50,	56,	3,	0,	1),
(484,	147,	3,	0,	93,	239,	13,	0,	1),
(485,	148,	11,	5,	81,	93,	11,	0,	1),
(486,	150,	20,	0,	68,	119,	8,	0,	1),
(487,	140,	3,	3,	93,	239,	13,	0,	1),
(488,	128,	20,	20,	50,	56,	8,	0,	1),
(489,	157,	2,	2,	95,	234,	13,	0,	1),
(490,	157,	2,	2,	95,	234,	13,	0,	1),
(491,	157,	2,	0,	95,	234,	14,	0,	1),
(492,	158,	12,	12,	62,	101,	8,	0,	1),
(493,	158,	12,	12,	62,	101,	1,	0,	1),
(494,	158,	12,	12,	62,	101,	3,	0,	1),
(495,	158,	12,	9,	62,	101,	4,	0,	1),
(496,	158,	12,	9,	62,	101,	4,	0,	1),
(497,	158,	12,	9,	62,	101,	5,	0,	1),
(498,	158,	12,	11,	62,	101,	5,	0,	1),
(499,	158,	12,	10,	62,	101,	5,	0,	1),
(500,	158,	20,	20,	102,	249,	12,	0,	1),
(501,	158,	11,	8,	81,	93,	11,	0,	1),
(502,	158,	11,	10,	81,	93,	11,	0,	1),
(503,	158,	11,	10,	81,	93,	11,	0,	1),
(504,	158,	11,	11,	81,	93,	11,	0,	1),
(505,	156,	2,	0,	94,	232,	13,	0,	1),
(506,	158,	20,	20,	51,	106,	8,	0,	1),
(507,	158,	20,	20,	51,	106,	8,	0,	1),
(508,	158,	20,	19,	51,	106,	3,	0,	1),
(509,	158,	20,	20,	51,	106,	3,	0,	1),
(510,	158,	20,	20,	51,	103,	8,	0,	1),
(511,	158,	20,	20,	51,	103,	8,	0,	1),
(512,	158,	20,	20,	51,	103,	8,	0,	1),
(513,	158,	20,	20,	51,	103,	1,	0,	1),
(514,	158,	20,	20,	51,	103,	3,	0,	1),
(515,	158,	20,	19,	51,	103,	4,	0,	1),
(516,	158,	20,	18,	51,	103,	4,	0,	1),
(517,	158,	20,	20,	51,	103,	4,	0,	1),
(518,	158,	20,	17,	51,	103,	5,	0,	1),
(519,	158,	20,	10,	51,	103,	5,	0,	1),
(520,	158,	20,	20,	51,	104,	8,	0,	1),
(521,	158,	20,	20,	51,	104,	8,	0,	1),
(522,	158,	20,	20,	51,	104,	8,	0,	1),
(523,	158,	20,	20,	51,	104,	1,	0,	1),
(524,	158,	20,	20,	51,	104,	1,	0,	1),
(525,	158,	20,	20,	51,	104,	3,	0,	1),
(526,	158,	20,	20,	51,	104,	4,	0,	1),
(527,	158,	20,	15,	51,	104,	5,	0,	1),
(528,	158,	20,	16,	51,	104,	5,	0,	1),
(529,	158,	20,	20,	51,	105,	8,	0,	1),
(530,	158,	20,	20,	51,	105,	8,	0,	1),
(531,	158,	20,	20,	51,	105,	8,	0,	1),
(532,	158,	20,	20,	51,	105,	3,	0,	1),
(533,	158,	20,	18,	51,	105,	3,	0,	1),
(534,	158,	20,	20,	52,	108,	8,	0,	1),
(535,	158,	20,	20,	52,	108,	8,	0,	1),
(536,	158,	20,	20,	52,	108,	8,	0,	1),
(537,	158,	20,	20,	52,	108,	8,	0,	1),
(538,	158,	20,	20,	52,	108,	1,	0,	1),
(539,	158,	20,	20,	52,	108,	1,	0,	1),
(540,	158,	20,	20,	52,	108,	1,	0,	1),
(541,	158,	20,	20,	52,	108,	3,	0,	1),
(542,	158,	7,	7,	52,	112,	8,	0,	1),
(543,	158,	7,	7,	52,	112,	8,	0,	1),
(544,	158,	7,	6,	52,	112,	1,	0,	1),
(545,	158,	7,	7,	52,	112,	1,	0,	1),
(546,	158,	7,	7,	52,	112,	3,	0,	1),
(547,	158,	7,	7,	52,	112,	4,	0,	1),
(548,	158,	7,	5,	52,	112,	5,	0,	1),
(549,	158,	12,	12,	52,	111,	8,	0,	1),
(550,	158,	12,	12,	52,	111,	8,	0,	1),
(551,	158,	12,	12,	52,	111,	1,	0,	1),
(552,	158,	12,	12,	52,	111,	3,	0,	1),
(553,	158,	20,	20,	52,	107,	8,	0,	1),
(554,	158,	20,	20,	52,	107,	8,	0,	1),
(555,	158,	20,	20,	52,	107,	8,	0,	1),
(556,	158,	20,	20,	52,	107,	8,	0,	1),
(557,	158,	20,	20,	52,	107,	8,	0,	1),
(558,	158,	20,	20,	52,	107,	8,	0,	1),
(559,	158,	20,	20,	53,	113,	8,	0,	1),
(560,	158,	20,	20,	53,	113,	8,	0,	1),
(561,	158,	20,	20,	66,	165,	8,	0,	1),
(562,	158,	20,	20,	50,	56,	8,	0,	1),
(563,	158,	20,	20,	50,	56,	8,	0,	1),
(564,	144,	20,	0,	102,	249,	12,	0,	1),
(565,	144,	11,	5,	81,	93,	11,	0,	1),
(566,	144,	11,	10,	81,	93,	11,	0,	1),
(567,	163,	9,	9,	52,	110,	8,	0,	1),
(568,	163,	9,	8,	52,	110,	1,	0,	1),
(569,	166,	20,	18,	67,	156,	1,	0,	1),
(570,	166,	20,	17,	67,	156,	1,	0,	1),
(571,	166,	20,	18,	67,	156,	3,	0,	1),
(572,	166,	2,	2,	94,	233,	13,	0,	1),
(573,	166,	9,	3,	89,	97,	15,	0,	1),
(574,	102,	20,	0,	107,	255,	12,	0,	1),
(575,	147,	17,	0,	57,	68,	8,	0,	1),
(576,	147,	17,	17,	57,	68,	1,	0,	1),
(577,	147,	20,	0,	57,	70,	8,	0,	1),
(578,	147,	3,	0,	93,	239,	13,	0,	1),
(579,	147,	20,	0,	101,	256,	12,	0,	1),
(580,	50,	20,	0,	53,	113,	8,	0,	1),
(581,	50,	20,	2,	53,	113,	8,	0,	1),
(582,	50,	20,	19,	50,	57,	1,	0,	1),
(583,	50,	20,	19,	63,	148,	3,	0,	1),
(584,	50,	2,	0,	97,	236,	13,	0,	1),
(585,	168,	2,	2,	97,	236,	13,	0,	1),
(586,	50,	20,	20,	50,	58,	1,	0,	1),
(587,	171,	2,	0,	95,	234,	13,	0,	1),
(588,	171,	2,	0,	95,	234,	13,	0,	1),
(589,	173,	2,	0,	95,	234,	13,	0,	1),
(590,	71,	2,	2,	96,	246,	13,	0,	1),
(591,	71,	2,	2,	100,	243,	13,	0,	1),
(592,	174,	20,	20,	80,	157,	8,	0,	1),
(593,	175,	20,	20,	50,	56,	8,	0,	1),
(594,	175,	20,	15,	50,	56,	3,	0,	1),
(595,	175,	13,	13,	50,	60,	8,	0,	1),
(596,	175,	12,	12,	62,	101,	8,	0,	1),
(597,	175,	16,	16,	62,	102,	8,	0,	1),
(598,	175,	20,	20,	53,	113,	8,	0,	1),
(599,	145,	2,	2,	93,	242,	13,	0,	1),
(600,	183,	12,	0,	62,	101,	8,	0,	1),
(601,	185,	20,	0,	50,	56,	8,	0,	1),
(602,	185,	20,	0,	50,	57,	8,	0,	1),
(603,	185,	20,	0,	50,	56,	8,	0,	1),
(604,	185,	20,	0,	50,	56,	8,	0,	1),
(605,	185,	20,	0,	50,	56,	8,	0,	1),
(606,	185,	20,	0,	50,	56,	8,	0,	1),
(607,	185,	20,	0,	50,	56,	8,	0,	1),
(608,	185,	20,	0,	50,	56,	8,	0,	1),
(609,	186,	2,	2,	100,	243,	14,	0,	1),
(610,	187,	20,	19,	50,	56,	1,	0,	1),
(611,	187,	20,	20,	50,	56,	3,	0,	1),
(612,	187,	20,	16,	50,	56,	4,	0,	1),
(613,	187,	20,	20,	50,	57,	8,	0,	1),
(614,	187,	20,	20,	50,	56,	1,	0,	1),
(615,	187,	20,	20,	50,	56,	3,	0,	1),
(616,	187,	20,	20,	50,	56,	7,	0,	1),
(617,	187,	20,	17,	50,	56,	4,	0,	1),
(618,	187,	12,	12,	62,	101,	8,	0,	1),
(619,	187,	12,	12,	62,	101,	1,	0,	1),
(620,	187,	12,	12,	62,	101,	3,	0,	1),
(621,	187,	16,	16,	62,	102,	8,	0,	1),
(622,	187,	20,	20,	51,	103,	8,	0,	1),
(623,	187,	20,	20,	51,	106,	8,	0,	1),
(624,	191,	12,	0,	62,	101,	8,	0,	1),
(625,	192,	12,	12,	62,	101,	8,	0,	1),
(626,	192,	12,	11,	62,	101,	1,	0,	1),
(627,	192,	12,	11,	62,	101,	3,	0,	1),
(628,	195,	2,	0,	95,	234,	13,	0,	1),
(629,	204,	20,	15,	60,	143,	1,	0,	1),
(630,	162,	20,	20,	58,	149,	8,	0,	1),
(631,	209,	2,	0,	100,	243,	13,	0,	1),
(632,	210,	20,	18,	51,	106,	3,	0,	1),
(633,	211,	20,	14,	68,	119,	3,	0,	1),
(634,	213,	20,	20,	50,	56,	8,	0,	1),
(635,	213,	20,	20,	50,	56,	1,	0,	1),
(636,	213,	20,	20,	56,	121,	8,	0,	1),
(637,	215,	20,	19,	50,	56,	1,	0,	1),
(638,	215,	20,	20,	53,	113,	8,	0,	1),
(639,	215,	12,	12,	62,	101,	8,	0,	1),
(640,	215,	20,	20,	50,	56,	8,	0,	1),
(641,	215,	20,	20,	50,	57,	8,	0,	1),
(642,	215,	20,	20,	50,	58,	8,	0,	1),
(643,	215,	20,	20,	50,	178,	8,	0,	1),
(644,	215,	20,	20,	50,	62,	8,	0,	1),
(645,	215,	13,	13,	50,	60,	8,	0,	1),
(646,	215,	14,	14,	50,	59,	8,	0,	1),
(647,	215,	20,	20,	51,	106,	8,	0,	1),
(648,	216,	12,	11,	62,	101,	1,	0,	1),
(649,	222,	20,	0,	53,	113,	8,	0,	1),
(650,	223,	11,	8,	81,	93,	11,	0,	1),
(651,	223,	13,	10,	83,	84,	11,	0,	1),
(652,	223,	12,	12,	62,	101,	1,	0,	1),
(653,	223,	12,	12,	62,	101,	3,	0,	1),
(654,	223,	16,	16,	62,	102,	3,	0,	1),
(655,	223,	20,	19,	77,	125,	3,	0,	1),
(656,	223,	20,	19,	77,	124,	1,	0,	1),
(657,	223,	20,	19,	77,	122,	1,	0,	1),
(658,	223,	20,	19,	77,	123,	3,	0,	1),
(659,	223,	20,	20,	65,	167,	1,	0,	1),
(660,	226,	12,	4,	62,	101,	4,	0,	1),
(661,	226,	12,	11,	62,	101,	3,	0,	1),
(662,	226,	16,	15,	62,	102,	3,	0,	1),
(663,	226,	2,	0,	98,	235,	13,	0,	1),
(664,	226,	2,	2,	98,	235,	14,	0,	1),
(665,	226,	3,	3,	93,	239,	14,	0,	1),
(666,	226,	2,	2,	93,	241,	14,	0,	1),
(667,	226,	2,	2,	93,	242,	14,	0,	1),
(668,	226,	2,	2,	93,	240,	14,	0,	1),
(669,	234,	20,	15,	50,	56,	3,	0,	1),
(670,	237,	20,	20,	66,	165,	8,	0,	1),
(671,	223,	20,	18,	59,	136,	1,	0,	1),
(672,	223,	20,	20,	59,	133,	1,	0,	1),
(673,	223,	20,	19,	59,	134,	1,	0,	1),
(674,	223,	20,	17,	59,	139,	1,	0,	1),
(675,	241,	10,	6,	89,	95,	15,	0,	1),
(676,	242,	20,	20,	50,	178,	1,	0,	1),
(677,	242,	20,	0,	68,	119,	8,	0,	1),
(678,	216,	12,	0,	79,	120,	8,	0,	1),
(679,	216,	20,	19,	68,	119,	3,	0,	1),
(680,	244,	20,	20,	77,	125,	3,	0,	1),
(681,	216,	2,	0,	96,	246,	13,	0,	1),
(682,	244,	20,	20,	51,	106,	3,	0,	1),
(683,	244,	20,	19,	78,	151,	3,	0,	1),
(684,	251,	2,	0,	94,	232,	13,	0,	1),
(685,	255,	10,	5,	89,	95,	15,	0,	1),
(686,	258,	20,	20,	50,	56,	8,	0,	1),
(687,	260,	20,	0,	56,	121,	8,	0,	1),
(688,	262,	20,	18,	50,	56,	3,	0,	1),
(689,	262,	11,	6,	86,	87,	10,	0,	1),
(690,	268,	2,	0,	95,	234,	13,	0,	1),
(691,	264,	12,	0,	62,	101,	8,	0,	1),
(692,	264,	12,	0,	62,	101,	8,	0,	1),
(693,	264,	12,	2,	62,	101,	4,	0,	1),
(694,	270,	20,	20,	106,	252,	12,	0,	1),
(695,	257,	12,	12,	79,	120,	8,	0,	1),
(696,	257,	12,	10,	79,	120,	1,	0,	1),
(697,	257,	12,	11,	79,	120,	3,	0,	1),
(698,	275,	20,	14,	50,	56,	1,	0,	1),
(699,	275,	20,	16,	50,	56,	1,	0,	1),
(700,	276,	20,	9,	50,	56,	1,	0,	1),
(701,	277,	20,	0,	53,	113,	8,	0,	1),
(702,	277,	20,	20,	53,	113,	1,	0,	1),
(703,	277,	20,	20,	53,	113,	3,	0,	1),
(704,	278,	20,	18,	50,	56,	1,	0,	1),
(705,	279,	20,	18,	51,	103,	1,	0,	1),
(706,	279,	20,	18,	51,	106,	3,	0,	1),
(707,	279,	20,	18,	51,	106,	3,	0,	1),
(708,	279,	20,	17,	68,	119,	3,	0,	1),
(709,	279,	20,	18,	68,	119,	3,	0,	1),
(710,	279,	20,	14,	66,	165,	3,	0,	1),
(711,	279,	20,	16,	66,	165,	3,	0,	1),
(712,	282,	20,	0,	50,	178,	8,	0,	1),
(713,	282,	20,	20,	50,	178,	1,	0,	1),
(714,	282,	20,	20,	50,	178,	3,	0,	1),
(715,	282,	20,	14,	50,	178,	4,	0,	1),
(716,	282,	2,	0,	99,	238,	13,	0,	1),
(717,	282,	20,	0,	102,	249,	12,	0,	1),
(718,	282,	20,	0,	102,	249,	12,	0,	1),
(719,	283,	20,	20,	56,	121,	8,	0,	1),
(720,	283,	20,	19,	56,	121,	3,	0,	1),
(721,	283,	20,	20,	64,	147,	8,	0,	1),
(722,	283,	20,	19,	64,	147,	3,	0,	1),
(723,	283,	16,	16,	62,	102,	8,	0,	1),
(724,	283,	16,	13,	62,	102,	3,	0,	1),
(725,	283,	12,	12,	62,	101,	8,	0,	1),
(726,	283,	12,	11,	62,	101,	1,	0,	1),
(727,	284,	20,	20,	102,	249,	12,	0,	1),
(728,	285,	20,	20,	51,	106,	8,	0,	1),
(729,	285,	20,	20,	51,	106,	8,	0,	1),
(730,	287,	20,	19,	68,	119,	3,	0,	1),
(731,	287,	20,	19,	68,	119,	3,	0,	1),
(732,	288,	12,	12,	57,	80,	8,	0,	1),
(733,	288,	12,	12,	57,	80,	1,	0,	1),
(734,	288,	12,	12,	57,	80,	3,	0,	1),
(735,	288,	11,	10,	81,	93,	11,	0,	1),
(736,	285,	20,	17,	51,	103,	3,	0,	1),
(737,	285,	20,	17,	51,	103,	1,	0,	1),
(738,	285,	20,	14,	51,	103,	7,	0,	1),
(739,	290,	20,	20,	68,	119,	8,	0,	1),
(740,	290,	20,	17,	68,	119,	3,	0,	1),
(741,	290,	20,	20,	51,	103,	8,	0,	1),
(742,	290,	20,	20,	51,	104,	8,	0,	1),
(743,	290,	9,	9,	52,	110,	8,	0,	1),
(744,	290,	20,	20,	56,	121,	8,	0,	1),
(745,	292,	20,	20,	103,	251,	12,	0,	1),
(746,	292,	20,	20,	103,	251,	12,	0,	1),
(747,	292,	20,	20,	103,	251,	12,	0,	1),
(748,	292,	20,	16,	51,	106,	3,	0,	1),
(749,	285,	20,	20,	53,	113,	8,	0,	1),
(750,	285,	20,	19,	53,	113,	7,	0,	1),
(751,	285,	20,	20,	53,	113,	1,	0,	1),
(752,	252,	20,	20,	50,	56,	1,	0,	1),
(753,	252,	20,	17,	50,	57,	1,	0,	1),
(754,	252,	20,	20,	50,	58,	1,	0,	1),
(755,	252,	20,	16,	50,	58,	4,	0,	1),
(756,	252,	20,	0,	53,	113,	8,	0,	1),
(757,	252,	20,	20,	53,	113,	1,	0,	1),
(758,	252,	20,	20,	53,	113,	3,	0,	1),
(759,	252,	20,	17,	53,	113,	4,	0,	1),
(760,	252,	20,	0,	51,	104,	8,	0,	1),
(761,	252,	20,	20,	64,	147,	3,	0,	1),
(762,	252,	11,	11,	81,	93,	11,	0,	1),
(763,	288,	20,	20,	50,	56,	8,	0,	1),
(764,	288,	20,	18,	50,	56,	1,	0,	1),
(765,	288,	20,	19,	50,	56,	1,	0,	1),
(766,	296,	20,	0,	51,	103,	8,	0,	1),
(767,	296,	20,	0,	51,	103,	8,	0,	1),
(768,	291,	20,	20,	51,	104,	8,	0,	1),
(769,	291,	20,	20,	51,	104,	8,	0,	1),
(770,	291,	20,	20,	51,	104,	1,	0,	1),
(771,	291,	20,	19,	51,	104,	3,	0,	1),
(772,	297,	20,	20,	50,	56,	8,	0,	1),
(773,	297,	20,	18,	50,	56,	1,	0,	1),
(774,	297,	20,	20,	51,	106,	8,	0,	1),
(775,	297,	20,	16,	51,	106,	3,	0,	1),
(776,	297,	20,	16,	51,	106,	7,	0,	1),
(777,	291,	20,	20,	51,	104,	3,	0,	1),
(778,	291,	20,	19,	51,	104,	7,	0,	1),
(779,	291,	20,	12,	51,	104,	4,	0,	1),
(780,	298,	20,	20,	50,	58,	8,	0,	1),
(781,	298,	20,	11,	50,	58,	5,	0,	1),
(782,	298,	20,	19,	50,	58,	1,	0,	1),
(783,	298,	20,	20,	50,	58,	3,	0,	1),
(784,	298,	20,	11,	50,	62,	5,	0,	1),
(785,	298,	20,	20,	50,	62,	8,	0,	1),
(786,	298,	20,	20,	50,	57,	8,	0,	1),
(787,	298,	20,	10,	50,	57,	4,	0,	1),
(788,	269,	20,	0,	103,	251,	12,	0,	1),
(789,	283,	2,	2,	94,	232,	13,	0,	1),
(790,	302,	2,	0,	95,	234,	13,	0,	1),
(791,	135,	12,	0,	62,	101,	8,	0,	1),
(792,	297,	20,	20,	67,	156,	8,	0,	1),
(793,	297,	20,	20,	67,	156,	1,	0,	1),
(794,	297,	20,	15,	67,	156,	3,	0,	1),
(795,	264,	20,	0,	50,	56,	8,	0,	1),
(796,	264,	20,	0,	50,	56,	8,	0,	1),
(797,	264,	20,	14,	50,	56,	3,	0,	1),
(798,	285,	20,	20,	51,	103,	8,	0,	1),
(799,	285,	20,	20,	51,	103,	8,	0,	1),
(800,	301,	20,	0,	51,	103,	8,	0,	1),
(801,	301,	20,	0,	51,	103,	8,	0,	1),
(802,	301,	20,	0,	51,	103,	8,	0,	1),
(803,	291,	20,	20,	51,	104,	8,	0,	1),
(804,	291,	20,	19,	51,	104,	1,	0,	1),
(805,	291,	20,	20,	51,	104,	3,	0,	1),
(806,	291,	20,	16,	51,	104,	7,	0,	1),
(807,	291,	20,	9,	51,	104,	5,	0,	1),
(808,	291,	20,	20,	51,	103,	8,	0,	1),
(809,	290,	2,	2,	98,	235,	13,	0,	1),
(810,	310,	2,	0,	94,	232,	13,	0,	1),
(811,	259,	20,	0,	53,	113,	8,	0,	1),
(812,	259,	20,	0,	53,	113,	8,	0,	1),
(813,	312,	20,	20,	103,	251,	12,	0,	1),
(814,	312,	20,	20,	103,	251,	12,	0,	1),
(815,	312,	20,	20,	103,	251,	12,	0,	1),
(816,	312,	20,	20,	106,	252,	12,	0,	1),
(817,	312,	20,	20,	106,	252,	12,	0,	1),
(818,	312,	20,	20,	106,	252,	12,	0,	1),
(819,	312,	20,	20,	105,	254,	12,	0,	1),
(820,	312,	20,	20,	105,	254,	12,	0,	1),
(821,	312,	20,	20,	105,	253,	12,	0,	1),
(822,	312,	20,	20,	105,	253,	12,	0,	1),
(823,	312,	20,	20,	108,	260,	12,	0,	1),
(824,	307,	16,	0,	108,	261,	12,	0,	1),
(825,	307,	20,	0,	108,	260,	12,	0,	1),
(826,	307,	20,	0,	108,	260,	12,	0,	1),
(827,	311,	20,	20,	51,	104,	8,	0,	1),
(828,	311,	20,	19,	51,	104,	1,	0,	1),
(829,	311,	20,	20,	51,	106,	8,	0,	1),
(830,	316,	20,	0,	52,	107,	8,	0,	1),
(831,	316,	20,	0,	52,	107,	8,	0,	1),
(832,	316,	20,	0,	52,	107,	8,	0,	1),
(833,	316,	20,	0,	52,	107,	8,	0,	1),
(834,	316,	20,	20,	52,	107,	1,	0,	1),
(835,	316,	20,	18,	52,	107,	1,	0,	1),
(836,	316,	20,	20,	52,	107,	1,	0,	1),
(837,	316,	20,	19,	52,	107,	3,	0,	1),
(838,	316,	20,	13,	52,	107,	4,	0,	1),
(839,	321,	20,	0,	59,	139,	8,	0,	1),
(840,	321,	20,	16,	53,	113,	3,	0,	1),
(841,	308,	20,	0,	68,	119,	8,	0,	1),
(842,	308,	20,	20,	68,	119,	3,	0,	1),
(843,	308,	20,	0,	77,	125,	8,	0,	1),
(844,	308,	20,	0,	77,	125,	8,	0,	1),
(845,	326,	12,	12,	79,	120,	8,	0,	1),
(846,	326,	12,	7,	79,	120,	1,	0,	1),
(847,	326,	11,	11,	72,	131,	8,	0,	1),
(848,	326,	20,	20,	50,	178,	8,	0,	1),
(849,	324,	2,	0,	95,	234,	13,	0,	1),
(850,	326,	20,	20,	56,	121,	8,	0,	1),
(851,	325,	20,	15,	56,	121,	3,	0,	1),
(852,	328,	2,	0,	98,	235,	13,	0,	1),
(853,	326,	14,	14,	50,	59,	8,	0,	1),
(854,	326,	14,	14,	50,	59,	8,	0,	1),
(855,	331,	20,	14,	50,	178,	3,	0,	1),
(856,	330,	20,	12,	56,	121,	3,	0,	1),
(857,	178,	15,	0,	57,	65,	8,	0,	1),
(858,	110,	10,	7,	89,	95,	15,	0,	1),
(859,	110,	14,	13,	50,	59,	3,	0,	1),
(860,	335,	12,	0,	62,	101,	8,	0,	1),
(861,	337,	2,	0,	95,	234,	13,	0,	1),
(862,	330,	20,	0,	54,	114,	8,	0,	1),
(863,	338,	20,	20,	52,	108,	8,	0,	1),
(864,	338,	20,	20,	103,	251,	12,	0,	1),
(865,	338,	20,	20,	101,	259,	12,	0,	1),
(866,	282,	2,	0,	94,	232,	13,	0,	1),
(867,	282,	2,	2,	94,	232,	14,	0,	1),
(868,	282,	11,	8,	86,	87,	10,	0,	1),
(869,	282,	11,	11,	86,	87,	10,	0,	1),
(870,	308,	20,	0,	77,	125,	8,	0,	1),
(871,	308,	20,	0,	77,	125,	8,	0,	1),
(872,	312,	11,	11,	81,	93,	11,	0,	1),
(873,	312,	11,	11,	81,	93,	11,	0,	1),
(874,	312,	11,	2,	82,	82,	11,	0,	1),
(875,	340,	12,	0,	62,	101,	8,	0,	1),
(876,	342,	20,	19,	77,	125,	3,	0,	1),
(877,	343,	20,	20,	61,	126,	8,	0,	1),
(878,	343,	2,	2,	100,	243,	13,	0,	1),
(879,	343,	2,	2,	100,	243,	13,	0,	1),
(880,	343,	2,	2,	100,	245,	13,	0,	1),
(881,	343,	2,	2,	95,	234,	13,	0,	1),
(882,	343,	2,	2,	99,	238,	13,	0,	1),
(883,	343,	2,	2,	96,	246,	13,	0,	1),
(884,	333,	20,	17,	51,	103,	7,	0,	1),
(885,	137,	2,	0,	95,	234,	13,	0,	1),
(886,	291,	20,	20,	61,	129,	8,	0,	1),
(887,	346,	20,	0,	64,	147,	8,	0,	1),
(888,	347,	2,	0,	95,	234,	13,	0,	1),
(889,	42,	20,	20,	102,	249,	12,	0,	1),
(890,	42,	20,	20,	102,	249,	12,	0,	1),
(891,	42,	20,	20,	102,	250,	12,	0,	1),
(892,	42,	13,	10,	83,	84,	11,	0,	1),
(893,	42,	11,	11,	85,	86,	11,	0,	1),
(894,	333,	20,	19,	67,	156,	7,	0,	1),
(895,	333,	16,	15,	62,	102,	3,	0,	1),
(896,	333,	16,	15,	62,	102,	3,	0,	1),
(897,	333,	12,	9,	62,	101,	3,	0,	1),
(898,	333,	12,	11,	62,	101,	3,	0,	1),
(899,	351,	20,	0,	50,	56,	8,	0,	1),
(900,	351,	20,	20,	50,	56,	1,	0,	1),
(901,	351,	20,	0,	50,	57,	8,	0,	1),
(902,	351,	20,	20,	50,	56,	3,	0,	1),
(903,	349,	2,	2,	95,	234,	13,	0,	1),
(904,	356,	20,	20,	103,	251,	12,	0,	1),
(905,	355,	2,	0,	95,	234,	13,	0,	1),
(906,	356,	20,	20,	108,	260,	12,	0,	1),
(907,	356,	16,	16,	108,	261,	12,	0,	1),
(908,	356,	2,	2,	95,	234,	13,	0,	1),
(909,	356,	2,	2,	95,	234,	13,	0,	1),
(910,	349,	20,	20,	51,	106,	8,	0,	1),
(911,	343,	20,	20,	74,	146,	8,	0,	1),
(912,	343,	20,	20,	74,	146,	8,	0,	1),
(913,	343,	20,	20,	74,	146,	8,	0,	1),
(914,	343,	20,	19,	74,	146,	3,	0,	1),
(915,	343,	20,	20,	74,	146,	3,	0,	1),
(916,	343,	14,	14,	55,	153,	8,	0,	1),
(917,	343,	14,	14,	55,	153,	8,	0,	1),
(918,	343,	14,	14,	55,	153,	1,	0,	1),
(919,	343,	14,	14,	55,	153,	1,	0,	1),
(920,	343,	14,	13,	55,	153,	3,	0,	1),
(921,	284,	20,	20,	50,	56,	8,	0,	1),
(922,	284,	20,	20,	50,	62,	8,	0,	1),
(923,	284,	20,	20,	51,	103,	8,	0,	1),
(924,	362,	20,	20,	69,	145,	3,	0,	1),
(925,	362,	20,	20,	65,	167,	3,	0,	1),
(926,	362,	11,	11,	81,	93,	11,	0,	1),
(927,	362,	11,	4,	84,	85,	10,	0,	1),
(928,	362,	11,	6,	85,	86,	11,	0,	1),
(929,	362,	11,	9,	86,	87,	10,	0,	1),
(930,	364,	20,	20,	50,	56,	1,	0,	1),
(931,	364,	20,	16,	51,	103,	3,	0,	1),
(932,	364,	20,	17,	51,	103,	3,	0,	1),
(933,	364,	20,	18,	51,	103,	3,	0,	1),
(934,	364,	20,	20,	51,	103,	3,	0,	1),
(935,	364,	20,	18,	51,	103,	3,	0,	1),
(936,	364,	20,	20,	51,	103,	3,	0,	1),
(937,	365,	2,	2,	95,	234,	13,	0,	1),
(938,	365,	2,	1,	95,	234,	14,	0,	1),
(939,	367,	20,	19,	50,	56,	1,	0,	1),
(940,	363,	2,	0,	95,	234,	13,	0,	1),
(941,	359,	20,	20,	52,	107,	8,	0,	1),
(942,	343,	20,	20,	78,	151,	8,	0,	1),
(943,	343,	20,	20,	76,	164,	8,	0,	1),
(944,	343,	20,	20,	76,	164,	8,	0,	1),
(945,	343,	20,	20,	76,	164,	8,	0,	1),
(946,	343,	20,	17,	76,	164,	3,	0,	1),
(947,	343,	20,	19,	76,	164,	3,	0,	1),
(948,	343,	20,	19,	76,	164,	3,	0,	1),
(949,	343,	20,	20,	67,	156,	8,	0,	1),
(950,	343,	20,	20,	67,	156,	8,	0,	1),
(951,	371,	20,	20,	68,	119,	3,	0,	1),
(952,	372,	12,	0,	62,	101,	8,	0,	1),
(953,	372,	20,	0,	53,	113,	8,	0,	1),
(954,	372,	20,	0,	50,	56,	8,	0,	1),
(955,	372,	12,	0,	62,	101,	8,	0,	1),
(956,	372,	16,	0,	62,	102,	8,	0,	1),
(957,	372,	20,	0,	51,	106,	8,	0,	1),
(958,	372,	20,	0,	51,	103,	8,	0,	1),
(959,	372,	20,	0,	51,	103,	8,	0,	1),
(960,	372,	20,	0,	51,	103,	8,	0,	1),
(961,	372,	20,	0,	51,	104,	8,	0,	1),
(962,	372,	20,	0,	51,	105,	8,	0,	1),
(963,	372,	20,	0,	53,	113,	8,	0,	1),
(964,	372,	20,	0,	68,	119,	8,	0,	1),
(965,	296,	20,	19,	68,	119,	3,	0,	1),
(966,	296,	20,	0,	68,	119,	8,	0,	1),
(967,	296,	2,	0,	99,	238,	13,	0,	1),
(968,	296,	16,	0,	108,	261,	12,	0,	1),
(969,	333,	20,	17,	51,	104,	3,	0,	1),
(970,	333,	20,	18,	51,	103,	1,	0,	1),
(971,	333,	20,	13,	51,	105,	3,	0,	1),
(972,	333,	20,	19,	51,	106,	3,	0,	1),
(973,	373,	20,	0,	50,	56,	8,	0,	1),
(974,	355,	20,	20,	56,	121,	3,	0,	1),
(975,	379,	20,	0,	50,	56,	8,	0,	1),
(976,	380,	2,	0,	97,	236,	13,	0,	1),
(977,	384,	20,	10,	50,	56,	1,	0,	1),
(978,	384,	20,	14,	50,	56,	1,	0,	1),
(979,	384,	20,	11,	50,	56,	3,	0,	1),
(980,	384,	20,	20,	50,	56,	8,	0,	1),
(981,	384,	20,	20,	50,	56,	8,	0,	1),
(982,	384,	20,	20,	50,	56,	8,	0,	1),
(983,	384,	20,	14,	50,	56,	3,	0,	1),
(984,	384,	20,	20,	50,	56,	8,	0,	1),
(985,	384,	20,	15,	50,	56,	1,	0,	1),
(986,	384,	20,	20,	50,	56,	1,	0,	1),
(987,	384,	20,	18,	50,	56,	1,	0,	1),
(988,	384,	20,	18,	50,	56,	1,	0,	1),
(989,	384,	20,	19,	50,	56,	1,	0,	1),
(990,	384,	20,	17,	50,	56,	3,	0,	1),
(991,	384,	20,	7,	50,	56,	4,	0,	1),
(992,	384,	12,	12,	62,	101,	8,	0,	1),
(993,	384,	12,	12,	62,	101,	1,	0,	1),
(994,	384,	12,	12,	62,	101,	3,	0,	1),
(995,	384,	12,	3,	62,	101,	4,	0,	1),
(996,	384,	12,	5,	62,	101,	5,	0,	1),
(997,	384,	20,	20,	51,	106,	8,	0,	1),
(998,	384,	20,	18,	51,	106,	3,	0,	1),
(999,	384,	20,	20,	51,	103,	8,	0,	1),
(1000,	384,	20,	20,	77,	125,	8,	0,	1),
(1001,	384,	20,	20,	77,	125,	8,	0,	1),
(1002,	384,	20,	16,	77,	125,	3,	0,	1),
(1003,	384,	20,	20,	77,	124,	8,	0,	1),
(1004,	384,	20,	20,	77,	122,	8,	0,	1),
(1005,	384,	20,	18,	77,	122,	1,	0,	1),
(1006,	384,	20,	20,	77,	125,	8,	0,	1),
(1007,	384,	20,	13,	77,	125,	3,	0,	1),
(1008,	384,	20,	17,	77,	125,	3,	0,	1),
(1009,	384,	12,	12,	79,	120,	8,	0,	1),
(1010,	389,	11,	6,	88,	89,	10,	0,	1),
(1011,	384,	20,	20,	77,	122,	8,	0,	1),
(1012,	384,	20,	20,	77,	122,	1,	0,	1),
(1013,	384,	20,	19,	77,	122,	3,	0,	1),
(1014,	384,	10,	6,	81,	93,	11,	0,	1),
(1015,	384,	10,	9,	81,	93,	11,	0,	1),
(1016,	384,	10,	10,	81,	93,	11,	0,	1),
(1017,	393,	4,	4,	109,	262,	12,	0,	1),
(1018,	212,	20,	19,	67,	156,	1,	0,	1),
(1019,	212,	20,	20,	67,	156,	1,	0,	1),
(1020,	212,	20,	20,	67,	156,	3,	0,	1),
(1021,	42,	13,	13,	83,	84,	11,	0,	1),
(1022,	42,	10,	8,	84,	85,	10,	0,	1),
(1023,	201,	20,	20,	50,	178,	8,	0,	1),
(1024,	201,	2,	2,	95,	234,	13,	0,	1),
(1025,	90,	20,	18,	51,	103,	3,	0,	1),
(1026,	384,	12,	12,	79,	120,	8,	0,	1),
(1027,	257,	12,	12,	62,	101,	8,	0,	1),
(1028,	343,	16,	16,	71,	161,	8,	0,	1),
(1029,	399,	20,	0,	50,	178,	8,	0,	1),
(1030,	400,	20,	0,	105,	254,	12,	0,	1),
(1031,	262,	2,	0,	95,	234,	13,	0,	1),
(1032,	262,	2,	2,	95,	234,	14,	0,	1),
(1033,	401,	2,	2,	96,	248,	13,	0,	1),
(1034,	403,	11,	7,	86,	87,	10,	0,	1),
(1035,	403,	10,	7,	81,	93,	11,	0,	1),
(1036,	403,	20,	20,	102,	249,	12,	0,	1),
(1037,	403,	20,	20,	102,	250,	12,	0,	1),
(1038,	403,	20,	20,	104,	263,	12,	0,	1),
(1039,	403,	2,	2,	93,	241,	13,	0,	1),
(1040,	334,	20,	0,	51,	104,	8,	0,	1),
(1041,	334,	20,	15,	51,	104,	3,	0,	1),
(1042,	378,	2,	1,	100,	243,	14,	0,	1),
(1043,	384,	20,	20,	76,	164,	8,	0,	1),
(1044,	384,	10,	5,	81,	93,	11,	0,	1),
(1045,	384,	10,	9,	81,	93,	11,	0,	1),
(1046,	384,	10,	7,	81,	93,	11,	0,	1),
(1047,	384,	10,	10,	81,	93,	11,	0,	1),
(1048,	384,	10,	10,	81,	93,	11,	0,	1),
(1049,	393,	20,	20,	56,	121,	8,	0,	1),
(1050,	412,	20,	0,	107,	255,	12,	0,	1),
(1051,	412,	20,	0,	102,	249,	12,	0,	1),
(1052,	412,	20,	0,	103,	251,	12,	0,	1),
(1053,	412,	20,	0,	105,	253,	12,	0,	1),
(1054,	412,	20,	0,	105,	254,	12,	0,	1),
(1055,	412,	20,	0,	106,	252,	12,	0,	1),
(1056,	412,	20,	0,	101,	259,	12,	0,	1),
(1057,	412,	20,	0,	101,	256,	12,	0,	1),
(1058,	412,	13,	0,	101,	257,	12,	0,	1),
(1059,	162,	20,	20,	50,	56,	8,	0,	1),
(1060,	414,	2,	2,	95,	234,	14,	0,	1),
(1061,	414,	2,	2,	95,	234,	14,	0,	1),
(1062,	418,	20,	20,	68,	119,	8,	0,	1),
(1063,	418,	20,	20,	68,	119,	3,	0,	1),
(1064,	162,	20,	20,	50,	56,	8,	0,	1),
(1065,	257,	20,	20,	105,	253,	12,	0,	1),
(1066,	257,	20,	20,	105,	254,	12,	0,	1),
(1067,	257,	20,	20,	103,	251,	12,	0,	1),
(1068,	257,	20,	20,	106,	252,	12,	0,	1),
(1069,	423,	2,	2,	95,	234,	13,	0,	1),
(1070,	424,	20,	20,	78,	151,	8,	0,	1),
(1071,	430,	2,	0,	94,	232,	13,	0,	1),
(1072,	433,	20,	0,	50,	56,	8,	0,	1),
(1073,	433,	20,	0,	50,	56,	8,	0,	1),
(1074,	436,	10,	7,	81,	93,	11,	0,	1),
(1075,	437,	12,	0,	62,	101,	8,	0,	1),
(1076,	437,	12,	11,	62,	101,	1,	0,	1),
(1077,	437,	10,	6,	81,	93,	11,	0,	1),
(1078,	437,	10,	10,	81,	93,	11,	0,	1),
(1079,	438,	20,	0,	52,	107,	8,	0,	1),
(1080,	438,	20,	20,	52,	107,	1,	0,	1),
(1081,	438,	20,	18,	52,	107,	3,	0,	1),
(1082,	439,	20,	20,	53,	113,	1,	0,	1),
(1083,	440,	20,	0,	50,	56,	8,	0,	1),
(1084,	440,	20,	20,	50,	56,	1,	0,	1),
(1085,	440,	20,	0,	102,	249,	12,	0,	1),
(1086,	428,	20,	20,	103,	251,	12,	0,	1),
(1087,	428,	20,	20,	103,	251,	12,	0,	1),
(1088,	441,	10,	8,	81,	93,	11,	0,	1),
(1089,	441,	10,	10,	81,	93,	11,	0,	1),
(1090,	439,	20,	0,	52,	107,	8,	0,	1),
(1091,	439,	20,	18,	52,	107,	1,	0,	1),
(1092,	439,	20,	16,	52,	107,	3,	0,	1),
(1093,	439,	20,	16,	52,	107,	7,	0,	1),
(1094,	443,	20,	0,	50,	56,	8,	0,	1),
(1095,	443,	20,	16,	50,	56,	1,	0,	1),
(1096,	443,	20,	0,	78,	151,	8,	0,	1),
(1097,	443,	20,	19,	78,	151,	3,	0,	1),
(1098,	440,	20,	18,	50,	56,	3,	0,	1),
(1099,	440,	20,	12,	50,	56,	4,	0,	1),
(1100,	440,	20,	16,	50,	56,	4,	0,	1),
(1101,	440,	20,	0,	50,	57,	8,	0,	1),
(1102,	440,	20,	19,	50,	57,	1,	0,	1),
(1103,	440,	20,	18,	50,	57,	3,	0,	1),
(1104,	440,	20,	20,	50,	57,	3,	0,	1),
(1105,	445,	2,	2,	93,	242,	13,	0,	1),
(1106,	445,	11,	7,	82,	82,	11,	0,	1),
(1107,	445,	11,	9,	86,	87,	10,	0,	1),
(1108,	449,	12,	0,	62,	101,	8,	0,	1),
(1109,	449,	12,	11,	62,	101,	1,	0,	1),
(1110,	449,	12,	2,	62,	101,	4,	0,	1),
(1111,	449,	20,	0,	51,	106,	8,	0,	1),
(1112,	449,	20,	20,	51,	106,	3,	0,	1),
(1113,	454,	2,	0,	95,	234,	13,	0,	1),
(1114,	454,	2,	0,	95,	234,	13,	0,	1),
(1115,	458,	20,	0,	68,	119,	8,	0,	1),
(1116,	463,	2,	2,	100,	245,	14,	0,	1),
(1117,	463,	2,	0,	100,	245,	13,	0,	1),
(1118,	463,	2,	0,	100,	245,	13,	0,	1),
(1119,	463,	2,	0,	100,	243,	13,	0,	1),
(1120,	463,	2,	2,	100,	243,	14,	0,	1),
(1121,	463,	2,	0,	98,	235,	13,	0,	1),
(1122,	463,	2,	2,	98,	235,	14,	0,	1),
(1123,	463,	2,	2,	98,	235,	14,	0,	1),
(1124,	461,	2,	2,	96,	248,	14,	0,	1),
(1125,	461,	2,	2,	96,	246,	14,	0,	1),
(1126,	440,	10,	8,	81,	93,	11,	0,	1),
(1127,	467,	20,	18,	76,	164,	3,	0,	1),
(1128,	467,	20,	20,	76,	164,	3,	0,	1),
(1129,	468,	20,	20,	76,	164,	8,	0,	1),
(1130,	468,	20,	19,	76,	164,	1,	0,	1),
(1131,	468,	20,	20,	103,	251,	12,	0,	1),
(1132,	468,	10,	4,	84,	85,	10,	0,	1),
(1133,	469,	20,	0,	50,	56,	8,	0,	1),
(1134,	469,	20,	0,	50,	56,	8,	0,	1),
(1135,	469,	20,	18,	50,	56,	1,	0,	1),
(1136,	472,	20,	0,	50,	56,	8,	0,	1),
(1137,	472,	20,	15,	50,	56,	1,	0,	1),
(1138,	472,	2,	0,	95,	234,	13,	0,	1),
(1139,	472,	2,	2,	95,	234,	14,	0,	1),
(1140,	478,	11,	7,	86,	87,	10,	0,	1),
(1141,	430,	20,	0,	103,	251,	12,	0,	1),
(1142,	430,	20,	0,	106,	252,	12,	0,	1),
(1143,	483,	20,	0,	52,	107,	8,	0,	1),
(1144,	483,	20,	0,	52,	107,	8,	0,	1),
(1145,	483,	18,	0,	52,	109,	8,	0,	1),
(1146,	482,	2,	2,	100,	243,	13,	0,	1),
(1147,	487,	10,	7,	81,	93,	11,	0,	1),
(1148,	487,	10,	10,	81,	93,	11,	0,	1),
(1149,	493,	20,	20,	69,	145,	8,	0,	1),
(1150,	493,	20,	19,	69,	145,	3,	0,	1),
(1151,	495,	2,	0,	95,	234,	13,	0,	1),
(1152,	495,	10,	6,	84,	85,	10,	0,	1),
(1153,	495,	11,	3,	88,	89,	10,	0,	1),
(1154,	495,	11,	9,	88,	89,	10,	0,	1),
(1155,	500,	20,	0,	68,	119,	8,	0,	1),
(1156,	500,	20,	17,	68,	119,	3,	0,	1),
(1157,	449,	20,	20,	51,	106,	3,	0,	1),
(1158,	489,	20,	14,	66,	165,	3,	0,	1),
(1159,	449,	20,	0,	51,	103,	8,	0,	1),
(1160,	449,	20,	17,	51,	103,	1,	0,	1),
(1161,	449,	20,	16,	51,	103,	3,	0,	1),
(1162,	449,	20,	4,	51,	103,	4,	0,	1),
(1163,	449,	20,	0,	52,	108,	8,	0,	1),
(1164,	449,	20,	17,	52,	108,	1,	0,	1),
(1165,	449,	20,	18,	52,	108,	3,	0,	1),
(1166,	501,	2,	0,	94,	232,	13,	0,	1),
(1167,	501,	2,	2,	94,	232,	14,	0,	1),
(1168,	501,	2,	0,	94,	232,	13,	0,	1),
(1169,	502,	2,	2,	99,	238,	14,	0,	1),
(1170,	504,	20,	20,	52,	107,	8,	0,	1),
(1171,	505,	20,	20,	105,	253,	12,	0,	1),
(1172,	504,	20,	20,	50,	58,	8,	0,	1),
(1173,	507,	20,	20,	50,	56,	8,	0,	1),
(1174,	507,	20,	19,	50,	57,	1,	0,	1),
(1175,	507,	20,	20,	50,	57,	3,	0,	1),
(1176,	509,	10,	8,	81,	93,	11,	0,	1),
(1177,	513,	20,	16,	50,	56,	3,	0,	1),
(1178,	488,	12,	0,	62,	101,	8,	0,	1),
(1179,	514,	10,	9,	81,	93,	11,	0,	1),
(1180,	515,	10,	6,	91,	100,	15,	0,	1),
(1181,	516,	20,	20,	68,	119,	8,	0,	1),
(1182,	516,	20,	20,	68,	119,	8,	0,	1),
(1183,	489,	2,	0,	95,	234,	13,	0,	1),
(1184,	489,	2,	0,	95,	234,	13,	0,	1),
(1185,	489,	2,	0,	95,	234,	13,	0,	1),
(1186,	489,	2,	0,	95,	234,	13,	0,	1),
(1187,	489,	2,	0,	95,	234,	13,	0,	1),
(1188,	489,	2,	2,	95,	234,	14,	0,	1),
(1189,	489,	2,	0,	93,	242,	13,	0,	1),
(1190,	489,	2,	2,	93,	242,	14,	0,	1),
(1191,	489,	3,	0,	93,	239,	13,	0,	1),
(1192,	489,	3,	3,	93,	239,	14,	0,	1),
(1193,	489,	20,	0,	106,	252,	12,	0,	1),
(1194,	489,	20,	0,	106,	252,	12,	0,	1),
(1195,	489,	20,	0,	106,	252,	12,	0,	1),
(1196,	489,	10,	6,	81,	93,	11,	0,	1),
(1197,	489,	10,	3,	84,	85,	10,	0,	1),
(1198,	440,	2,	0,	94,	232,	13,	0,	1),
(1199,	449,	20,	0,	50,	56,	8,	0,	1),
(1200,	449,	20,	18,	50,	56,	1,	0,	1),
(1201,	449,	20,	10,	50,	56,	4,	0,	1),
(1202,	449,	20,	0,	77,	125,	8,	0,	1),
(1203,	456,	20,	20,	71,	160,	8,	0,	1),
(1204,	532,	20,	17,	52,	107,	1,	0,	1),
(1205,	532,	20,	20,	53,	113,	8,	0,	1),
(1206,	532,	20,	19,	53,	113,	1,	0,	1),
(1207,	532,	20,	20,	53,	113,	3,	0,	1),
(1208,	532,	20,	16,	53,	113,	4,	0,	1),
(1209,	533,	20,	0,	50,	56,	8,	0,	1),
(1210,	533,	20,	17,	50,	56,	1,	0,	1),
(1211,	534,	20,	20,	50,	56,	8,	0,	1),
(1212,	534,	20,	20,	50,	56,	8,	0,	1),
(1213,	534,	20,	14,	50,	56,	1,	0,	1),
(1214,	534,	20,	16,	50,	56,	3,	0,	1),
(1215,	515,	20,	20,	103,	251,	12,	0,	1),
(1216,	515,	11,	7,	88,	89,	10,	0,	1),
(1217,	536,	10,	5,	81,	93,	11,	0,	1),
(1218,	537,	20,	18,	53,	113,	3,	0,	1),
(1219,	540,	20,	15,	50,	56,	1,	0,	1),
(1220,	543,	2,	2,	95,	234,	13,	0,	1),
(1221,	543,	2,	2,	95,	234,	13,	0,	1),
(1222,	528,	2,	2,	95,	234,	14,	0,	1),
(1223,	528,	2,	2,	98,	235,	14,	0,	1),
(1224,	528,	3,	3,	93,	239,	14,	0,	1),
(1225,	528,	2,	0,	93,	242,	13,	0,	1),
(1226,	528,	2,	2,	93,	242,	14,	0,	1),
(1227,	545,	20,	0,	76,	164,	8,	0,	1),
(1228,	545,	20,	19,	76,	164,	1,	0,	1),
(1229,	545,	20,	0,	66,	165,	8,	0,	1),
(1230,	545,	20,	0,	80,	157,	8,	0,	1),
(1231,	545,	20,	0,	80,	157,	8,	0,	1),
(1232,	549,	2,	0,	95,	234,	13,	0,	1),
(1233,	556,	2,	0,	100,	243,	13,	0,	1),
(1234,	556,	2,	0,	100,	243,	13,	0,	1),
(1235,	556,	2,	0,	95,	234,	13,	0,	1),
(1236,	557,	12,	12,	62,	101,	8,	0,	1),
(1237,	557,	12,	12,	62,	101,	8,	0,	1),
(1238,	557,	12,	12,	62,	101,	1,	0,	1),
(1239,	557,	20,	20,	68,	119,	8,	0,	1),
(1240,	559,	20,	20,	104,	265,	12,	0,	1),
(1241,	559,	11,	8,	88,	89,	10,	0,	1),
(1242,	559,	11,	11,	88,	89,	10,	0,	1),
(1243,	562,	20,	20,	103,	251,	12,	0,	1),
(1244,	558,	20,	20,	54,	114,	3,	0,	1),
(1245,	558,	20,	20,	54,	114,	3,	0,	1),
(1246,	565,	2,	1,	95,	234,	14,	0,	1),
(1247,	565,	20,	20,	103,	251,	12,	0,	1),
(1248,	571,	10,	8,	81,	93,	11,	0,	1),
(1249,	572,	20,	0,	50,	56,	8,	0,	1),
(1250,	572,	20,	0,	50,	56,	8,	0,	1),
(1251,	572,	20,	0,	50,	56,	8,	0,	1),
(1252,	568,	20,	13,	50,	56,	1,	0,	1),
(1253,	565,	2,	1,	96,	246,	14,	0,	1),
(1254,	565,	2,	1,	96,	246,	14,	0,	1),
(1255,	565,	2,	0,	96,	247,	14,	0,	1),
(1256,	565,	2,	1,	96,	248,	14,	0,	1),
(1257,	574,	10,	9,	81,	93,	11,	0,	1),
(1258,	574,	10,	8,	81,	93,	11,	0,	1),
(1259,	574,	10,	10,	81,	93,	11,	0,	1),
(1260,	574,	10,	10,	81,	93,	11,	0,	1),
(1261,	575,	20,	0,	50,	56,	8,	0,	1),
(1262,	575,	20,	0,	50,	56,	8,	0,	1),
(1263,	575,	20,	19,	50,	56,	3,	0,	1),
(1264,	578,	10,	8,	81,	93,	11,	0,	1),
(1265,	578,	20,	20,	102,	249,	12,	0,	1),
(1266,	580,	20,	19,	68,	119,	3,	0,	1),
(1267,	581,	10,	8,	81,	93,	11,	0,	1),
(1268,	583,	2,	0,	95,	234,	13,	0,	1),
(1269,	580,	11,	5,	85,	86,	11,	0,	1),
(1270,	489,	2,	0,	100,	245,	13,	0,	1),
(1271,	489,	2,	2,	100,	245,	14,	0,	1),
(1272,	489,	2,	0,	100,	245,	13,	0,	1),
(1273,	489,	2,	0,	100,	245,	13,	0,	1),
(1274,	489,	2,	0,	100,	245,	13,	0,	1),
(1275,	489,	2,	0,	100,	243,	13,	0,	1),
(1276,	489,	2,	2,	100,	243,	14,	0,	1),
(1277,	489,	2,	0,	100,	245,	13,	0,	1),
(1278,	489,	2,	0,	100,	245,	13,	0,	1),
(1279,	489,	2,	0,	93,	240,	13,	0,	1),
(1280,	489,	2,	2,	93,	240,	14,	0,	1),
(1281,	489,	2,	2,	93,	241,	14,	0,	1),
(1282,	489,	2,	0,	99,	238,	13,	0,	1),
(1283,	489,	2,	2,	99,	238,	14,	0,	1),
(1284,	489,	2,	0,	94,	232,	13,	0,	1),
(1285,	489,	2,	2,	94,	232,	14,	0,	1),
(1286,	489,	20,	0,	102,	249,	12,	0,	1),
(1287,	433,	20,	12,	50,	56,	7,	0,	1),
(1288,	432,	2,	0,	94,	232,	13,	0,	1),
(1289,	449,	20,	0,	103,	251,	12,	0,	1),
(1290,	590,	20,	20,	103,	251,	12,	0,	1),
(1291,	489,	20,	0,	50,	56,	8,	0,	1),
(1292,	489,	20,	0,	50,	56,	8,	0,	1),
(1293,	489,	20,	0,	50,	56,	8,	0,	1),
(1294,	489,	20,	0,	50,	56,	8,	0,	1),
(1295,	489,	20,	0,	50,	56,	8,	0,	1),
(1296,	489,	20,	0,	50,	56,	8,	0,	1),
(1297,	489,	20,	19,	50,	56,	1,	0,	1),
(1298,	489,	20,	14,	50,	56,	1,	0,	1),
(1299,	489,	20,	15,	50,	56,	3,	0,	1),
(1300,	489,	20,	19,	50,	56,	7,	0,	1),
(1301,	489,	20,	10,	50,	56,	4,	0,	1),
(1302,	413,	20,	0,	77,	122,	8,	0,	1),
(1303,	489,	20,	20,	50,	56,	3,	0,	1),
(1304,	489,	20,	19,	50,	56,	7,	0,	1),
(1305,	489,	20,	14,	50,	56,	4,	0,	1),
(1306,	489,	12,	0,	62,	101,	8,	0,	1),
(1307,	489,	12,	11,	62,	101,	1,	0,	1),
(1308,	489,	12,	12,	62,	101,	1,	0,	1),
(1309,	489,	12,	11,	62,	101,	3,	0,	1),
(1310,	489,	12,	11,	62,	101,	7,	0,	1),
(1311,	489,	12,	4,	62,	101,	4,	0,	1),
(1312,	393,	12,	12,	62,	101,	8,	0,	1),
(1313,	433,	10,	9,	81,	93,	11,	0,	1),
(1314,	433,	20,	0,	102,	249,	12,	0,	1),
(1315,	285,	20,	20,	50,	56,	8,	0,	1),
(1316,	285,	20,	17,	50,	56,	1,	0,	1),
(1317,	593,	2,	2,	98,	235,	14,	0,	1),
(1318,	489,	20,	4,	50,	56,	8,	0,	1),
(1319,	489,	20,	20,	50,	56,	1,	0,	1),
(1320,	489,	20,	20,	50,	56,	3,	0,	1),
(1321,	489,	20,	20,	50,	56,	3,	0,	1),
(1322,	489,	20,	15,	50,	56,	7,	0,	1),
(1323,	489,	20,	11,	50,	56,	4,	0,	1),
(1324,	489,	20,	19,	50,	56,	3,	0,	1),
(1325,	489,	20,	18,	50,	56,	7,	0,	1),
(1326,	489,	20,	14,	50,	56,	4,	0,	1),
(1327,	489,	20,	0,	51,	106,	8,	0,	1),
(1328,	489,	20,	19,	51,	106,	3,	0,	1),
(1329,	489,	20,	20,	51,	106,	3,	0,	1),
(1330,	489,	20,	18,	51,	106,	7,	0,	1),
(1331,	489,	20,	0,	51,	103,	8,	0,	1),
(1332,	489,	20,	0,	51,	103,	8,	0,	1),
(1333,	489,	20,	0,	51,	103,	8,	0,	1),
(1334,	489,	20,	0,	51,	103,	8,	0,	1),
(1335,	489,	20,	13,	51,	103,	1,	0,	1),
(1336,	489,	20,	15,	51,	103,	1,	0,	1),
(1337,	489,	20,	6,	51,	103,	7,	0,	1),
(1338,	463,	14,	0,	50,	59,	8,	0,	1),
(1339,	463,	14,	0,	50,	59,	8,	0,	1),
(1340,	458,	20,	0,	68,	119,	8,	0,	1),
(1341,	458,	20,	20,	68,	119,	3,	0,	1),
(1342,	440,	20,	0,	50,	56,	8,	0,	1),
(1343,	440,	20,	20,	50,	56,	1,	0,	1),
(1344,	581,	10,	6,	81,	93,	11,	0,	1),
(1345,	581,	11,	7,	86,	87,	10,	0,	1),
(1346,	581,	2,	0,	95,	234,	13,	0,	1),
(1347,	581,	2,	2,	95,	234,	14,	0,	1),
(1348,	437,	20,	0,	51,	106,	8,	0,	1),
(1349,	437,	20,	20,	51,	106,	3,	0,	1),
(1350,	314,	11,	8,	82,	82,	11,	0,	1),
(1351,	488,	20,	0,	52,	108,	8,	0,	1),
(1352,	471,	2,	2,	96,	246,	13,	0,	1),
(1353,	449,	2,	2,	96,	246,	14,	0,	1),
(1354,	449,	2,	2,	96,	248,	14,	0,	1),
(1355,	474,	20,	0,	50,	56,	8,	0,	1),
(1356,	413,	20,	0,	108,	260,	12,	0,	1),
(1357,	534,	20,	20,	52,	107,	8,	0,	1),
(1358,	116,	20,	20,	54,	114,	1,	0,	1),
(1359,	116,	20,	20,	54,	114,	1,	0,	1),
(1360,	116,	20,	18,	51,	103,	1,	0,	1),
(1361,	598,	10,	9,	81,	93,	11,	0,	1),
(1362,	428,	20,	4,	50,	56,	3,	0,	1),
(1363,	599,	20,	20,	50,	56,	8,	0,	1),
(1364,	599,	20,	20,	58,	149,	8,	0,	1),
(1365,	598,	2,	0,	94,	232,	13,	0,	1),
(1366,	489,	2,	0,	96,	246,	13,	0,	1),
(1367,	489,	2,	2,	96,	246,	14,	0,	1),
(1368,	489,	2,	0,	96,	247,	13,	0,	1),
(1369,	489,	2,	2,	96,	247,	14,	0,	1),
(1370,	489,	2,	0,	96,	248,	13,	0,	1),
(1371,	489,	2,	2,	96,	248,	14,	0,	1),
(1372,	489,	20,	0,	103,	251,	12,	0,	1),
(1373,	489,	20,	0,	102,	250,	12,	0,	1),
(1374,	489,	20,	0,	102,	250,	12,	0,	1),
(1375,	601,	20,	20,	50,	56,	8,	0,	1),
(1376,	601,	20,	20,	52,	108,	8,	0,	1),
(1377,	601,	18,	18,	52,	109,	8,	0,	1),
(1378,	601,	20,	20,	52,	107,	8,	0,	1),
(1379,	236,	20,	0,	65,	167,	8,	0,	1),
(1380,	604,	3,	3,	93,	239,	13,	0,	1),
(1381,	604,	3,	3,	93,	239,	13,	0,	1),
(1382,	603,	2,	0,	94,	232,	13,	0,	1),
(1383,	449,	20,	0,	50,	56,	8,	0,	1),
(1384,	449,	20,	0,	50,	56,	8,	0,	1),
(1385,	449,	20,	0,	50,	56,	8,	0,	1),
(1386,	449,	20,	16,	50,	56,	1,	0,	1),
(1387,	449,	20,	18,	50,	56,	3,	0,	1),
(1388,	289,	20,	20,	67,	156,	1,	0,	1),
(1389,	128,	11,	11,	72,	131,	8,	0,	1),
(1390,	128,	11,	11,	72,	131,	8,	0,	1),
(1391,	128,	20,	20,	76,	164,	8,	0,	1),
(1392,	128,	20,	20,	75,	163,	8,	0,	1),
(1393,	296,	9,	0,	52,	110,	8,	0,	1),
(1394,	296,	2,	2,	100,	243,	14,	0,	1),
(1395,	296,	10,	3,	84,	85,	10,	0,	1),
(1396,	609,	7,	7,	52,	112,	8,	0,	1),
(1397,	609,	7,	7,	52,	112,	1,	0,	1),
(1398,	609,	7,	7,	52,	112,	1,	0,	1),
(1399,	609,	7,	3,	52,	112,	3,	0,	1),
(1400,	610,	20,	0,	50,	57,	8,	0,	1),
(1401,	610,	20,	19,	50,	57,	1,	0,	1),
(1402,	610,	20,	9,	50,	57,	4,	0,	1),
(1403,	610,	14,	0,	50,	59,	8,	0,	1),
(1404,	610,	14,	12,	50,	59,	1,	0,	1),
(1405,	508,	20,	6,	77,	125,	8,	0,	1),
(1406,	508,	20,	0,	77,	125,	8,	0,	1),
(1407,	508,	20,	0,	108,	260,	12,	0,	1),
(1408,	215,	20,	20,	71,	159,	8,	0,	1),
(1409,	449,	20,	0,	50,	56,	8,	0,	1),
(1410,	400,	20,	19,	51,	106,	3,	0,	1),
(1411,	615,	20,	0,	56,	121,	8,	0,	1),
(1412,	615,	20,	20,	56,	121,	3,	0,	1),
(1413,	615,	20,	0,	64,	147,	8,	0,	1),
(1414,	615,	20,	20,	64,	147,	3,	0,	1),
(1415,	615,	20,	19,	64,	147,	7,	0,	1),
(1416,	578,	20,	20,	52,	107,	8,	0,	1),
(1417,	578,	20,	20,	50,	56,	8,	0,	1),
(1418,	578,	20,	20,	50,	57,	8,	0,	1),
(1419,	578,	20,	20,	50,	58,	8,	0,	1),
(1420,	604,	10,	8,	84,	85,	10,	0,	1),
(1421,	281,	20,	20,	68,	119,	8,	0,	1),
(1422,	281,	20,	19,	68,	119,	3,	0,	1),
(1423,	617,	20,	20,	77,	125,	3,	0,	1),
(1424,	617,	20,	0,	78,	151,	8,	0,	1),
(1425,	617,	20,	0,	78,	151,	8,	0,	1),
(1426,	617,	20,	16,	78,	151,	3,	0,	1),
(1427,	617,	20,	19,	78,	151,	3,	0,	1),
(1428,	617,	20,	17,	78,	151,	3,	0,	1),
(1429,	617,	20,	17,	66,	165,	3,	0,	1),
(1430,	617,	20,	20,	66,	165,	3,	0,	1),
(1431,	617,	20,	19,	67,	156,	1,	0,	1),
(1432,	617,	20,	19,	67,	156,	1,	0,	1),
(1433,	617,	20,	20,	67,	156,	3,	0,	1),
(1434,	617,	12,	12,	79,	120,	1,	0,	1),
(1435,	617,	12,	8,	79,	120,	4,	0,	1),
(1436,	617,	12,	9,	79,	120,	4,	0,	1),
(1437,	617,	20,	20,	77,	122,	1,	0,	1),
(1438,	617,	20,	19,	77,	122,	1,	0,	1),
(1439,	617,	20,	18,	77,	122,	1,	0,	1),
(1440,	618,	20,	20,	103,	251,	12,	0,	1),
(1441,	618,	20,	20,	106,	252,	12,	0,	1),
(1442,	617,	11,	5,	86,	87,	10,	0,	1),
(1443,	617,	11,	7,	88,	89,	10,	0,	1),
(1444,	621,	20,	0,	59,	134,	8,	0,	1),
(1445,	621,	14,	0,	55,	153,	8,	0,	1),
(1446,	620,	20,	20,	50,	56,	8,	0,	1),
(1447,	620,	20,	16,	50,	56,	1,	0,	1),
(1448,	624,	2,	0,	97,	236,	13,	0,	1),
(1449,	620,	16,	16,	62,	102,	8,	0,	1),
(1450,	624,	2,	0,	93,	241,	13,	0,	1),
(1451,	624,	10,	8,	91,	100,	15,	0,	1),
(1452,	291,	20,	20,	50,	56,	8,	0,	1),
(1453,	508,	20,	0,	68,	119,	8,	0,	1),
(1454,	508,	20,	0,	68,	119,	8,	0,	1),
(1455,	625,	20,	20,	51,	104,	8,	0,	1),
(1456,	626,	20,	20,	51,	103,	3,	0,	1),
(1457,	628,	20,	19,	51,	103,	3,	0,	1),
(1458,	508,	20,	0,	51,	103,	8,	0,	1),
(1459,	508,	20,	0,	51,	103,	8,	0,	1),
(1460,	627,	14,	14,	50,	59,	1,	0,	1),
(1461,	627,	14,	12,	50,	59,	3,	0,	1),
(1462,	424,	2,	2,	98,	235,	13,	0,	1),
(1463,	424,	2,	0,	98,	235,	14,	0,	1),
(1464,	629,	20,	20,	52,	107,	8,	0,	1),
(1465,	624,	20,	0,	50,	56,	8,	0,	1),
(1466,	624,	20,	16,	50,	56,	3,	0,	1),
(1467,	624,	20,	18,	50,	56,	3,	0,	1),
(1468,	627,	10,	8,	81,	93,	11,	0,	1),
(1469,	508,	12,	0,	79,	120,	8,	0,	1),
(1470,	631,	11,	5,	88,	89,	10,	0,	1),
(1471,	633,	4,	4,	109,	262,	12,	0,	1),
(1472,	642,	20,	19,	68,	119,	3,	0,	1),
(1473,	631,	20,	19,	77,	122,	3,	0,	1),
(1474,	631,	20,	20,	77,	122,	3,	0,	1),
(1475,	631,	20,	20,	77,	122,	1,	0,	1),
(1476,	628,	20,	20,	68,	119,	3,	0,	1),
(1477,	598,	20,	0,	51,	106,	8,	0,	1),
(1478,	598,	20,	0,	51,	106,	8,	0,	1),
(1479,	598,	20,	18,	51,	106,	3,	0,	1),
(1480,	598,	20,	20,	53,	113,	1,	0,	1),
(1481,	598,	20,	19,	53,	113,	3,	0,	1),
(1482,	638,	20,	0,	50,	62,	8,	0,	1),
(1483,	638,	20,	20,	50,	62,	3,	0,	1),
(1484,	631,	20,	13,	51,	103,	3,	0,	1),
(1485,	631,	20,	16,	51,	104,	1,	0,	1),
(1486,	631,	20,	18,	51,	104,	1,	0,	1),
(1487,	631,	20,	23,	51,	103,	3,	0,	1),
(1488,	645,	20,	11,	50,	56,	1,	0,	1),
(1489,	644,	14,	12,	50,	59,	1,	0,	1),
(1490,	644,	20,	10,	50,	178,	1,	0,	1),
(1491,	644,	20,	11,	50,	178,	1,	0,	1),
(1492,	644,	13,	8,	50,	60,	1,	0,	1),
(1493,	644,	13,	12,	50,	60,	1,	0,	1),
(1494,	644,	20,	16,	71,	160,	3,	0,	1),
(1495,	644,	20,	17,	71,	160,	3,	0,	1),
(1496,	644,	20,	15,	74,	146,	3,	0,	1),
(1497,	644,	20,	16,	74,	146,	3,	0,	1),
(1498,	644,	20,	20,	54,	115,	3,	0,	1),
(1499,	644,	20,	20,	54,	115,	3,	0,	1),
(1500,	644,	20,	15,	75,	162,	3,	0,	1),
(1501,	644,	20,	18,	52,	107,	1,	0,	1),
(1502,	644,	10,	3,	84,	85,	10,	0,	1),
(1503,	625,	10,	8,	84,	85,	10,	0,	1),
(1504,	625,	11,	10,	88,	89,	10,	0,	1),
(1505,	625,	2,	2,	95,	234,	13,	0,	1),
(1506,	644,	20,	16,	50,	56,	3,	0,	1),
(1507,	644,	20,	20,	50,	56,	3,	0,	1),
(1508,	162,	2,	2,	94,	232,	13,	0,	1),
(1509,	644,	20,	17,	55,	152,	1,	0,	1),
(1510,	650,	20,	20,	50,	56,	3,	0,	1),
(1511,	631,	20,	20,	56,	121,	3,	0,	1),
(1512,	658,	20,	20,	78,	151,	8,	0,	1),
(1513,	310,	9,	7,	52,	110,	1,	0,	1),
(1514,	659,	20,	0,	50,	178,	8,	0,	1),
(1515,	214,	9,	8,	89,	97,	15,	0,	1),
(1516,	661,	2,	2,	95,	234,	13,	0,	1),
(1517,	662,	9,	5,	89,	97,	15,	0,	1),
(1518,	664,	2,	0,	94,	232,	13,	0,	1),
(1519,	665,	2,	0,	95,	234,	13,	0,	1),
(1520,	662,	20,	20,	50,	56,	1,	0,	1),
(1521,	662,	20,	20,	50,	56,	1,	0,	1),
(1522,	666,	2,	2,	95,	234,	14,	0,	1),
(1523,	669,	20,	0,	78,	151,	8,	0,	1),
(1524,	670,	20,	18,	68,	119,	3,	0,	1),
(1525,	289,	20,	18,	50,	56,	3,	0,	1),
(1526,	289,	20,	0,	78,	151,	8,	0,	1),
(1527,	289,	20,	18,	78,	151,	3,	0,	1),
(1528,	289,	20,	19,	76,	164,	1,	0,	1),
(1529,	289,	20,	20,	76,	164,	3,	0,	1),
(1530,	624,	12,	12,	62,	101,	1,	0,	1),
(1531,	624,	12,	11,	62,	101,	3,	0,	1),
(1532,	508,	12,	0,	79,	120,	8,	0,	1),
(1533,	627,	20,	18,	50,	56,	3,	0,	1),
(1534,	627,	20,	19,	68,	119,	3,	0,	1),
(1535,	504,	16,	16,	62,	102,	8,	0,	1),
(1536,	504,	16,	16,	62,	102,	8,	0,	1),
(1537,	504,	16,	12,	62,	102,	3,	0,	1),
(1538,	504,	12,	12,	62,	101,	8,	0,	1),
(1539,	674,	20,	0,	52,	108,	8,	0,	1),
(1540,	344,	20,	19,	50,	56,	1,	0,	1),
(1541,	344,	11,	9,	88,	89,	10,	0,	1),
(1542,	344,	2,	2,	95,	234,	13,	0,	1),
(1543,	614,	20,	20,	50,	56,	8,	0,	1),
(1544,	614,	20,	20,	102,	249,	12,	0,	1),
(1545,	614,	20,	20,	50,	56,	8,	0,	1),
(1546,	614,	20,	20,	51,	103,	8,	0,	1),
(1547,	614,	20,	20,	70,	158,	8,	0,	1),
(1548,	614,	20,	20,	70,	158,	8,	0,	1),
(1549,	614,	20,	20,	80,	157,	8,	0,	1),
(1550,	614,	16,	16,	71,	161,	8,	0,	1),
(1551,	614,	20,	20,	71,	160,	8,	0,	1),
(1552,	614,	20,	20,	71,	159,	8,	0,	1),
(1553,	614,	20,	20,	67,	156,	8,	0,	1),
(1554,	614,	20,	20,	57,	18,	8,	0,	1),
(1555,	614,	19,	19,	57,	15,	8,	0,	1),
(1556,	614,	20,	20,	57,	14,	8,	0,	1),
(1557,	614,	20,	20,	57,	79,	8,	0,	1),
(1558,	235,	2,	2,	95,	234,	14,	0,	1),
(1559,	598,	20,	0,	76,	164,	8,	0,	1),
(1560,	598,	20,	0,	76,	164,	8,	0,	1),
(1561,	598,	20,	20,	76,	164,	1,	0,	1),
(1562,	598,	20,	20,	76,	164,	3,	0,	1),
(1563,	339,	20,	20,	64,	147,	3,	0,	1),
(1564,	339,	20,	19,	64,	147,	3,	0,	1),
(1565,	339,	20,	18,	74,	146,	3,	0,	1),
(1566,	42,	10,	6,	91,	100,	15,	0,	1),
(1567,	42,	10,	10,	89,	96,	15,	0,	1),
(1568,	676,	2,	2,	96,	246,	14,	0,	1),
(1569,	676,	20,	19,	53,	113,	1,	0,	1),
(1570,	623,	20,	20,	108,	260,	12,	0,	1),
(1571,	623,	20,	20,	108,	260,	12,	0,	1),
(1572,	623,	12,	12,	108,	261,	12,	0,	1),
(1573,	623,	20,	20,	102,	249,	12,	0,	1),
(1574,	144,	20,	19,	52,	108,	3,	0,	1),
(1575,	682,	20,	0,	68,	119,	8,	0,	1),
(1576,	684,	20,	18,	77,	122,	3,	0,	1),
(1577,	689,	20,	20,	50,	58,	8,	0,	1),
(1578,	689,	20,	20,	50,	58,	1,	0,	1),
(1579,	689,	20,	20,	50,	58,	3,	0,	1),
(1580,	598,	2,	0,	93,	242,	13,	0,	1),
(1581,	598,	2,	0,	93,	242,	13,	0,	1),
(1582,	692,	20,	0,	50,	56,	8,	0,	1),
(1583,	692,	20,	20,	50,	56,	1,	0,	1),
(1584,	692,	20,	20,	50,	56,	3,	0,	1),
(1585,	692,	20,	0,	50,	62,	8,	0,	1),
(1586,	692,	20,	20,	50,	62,	1,	0,	1),
(1587,	692,	20,	20,	50,	62,	3,	0,	1),
(1588,	692,	20,	15,	50,	62,	4,	0,	1),
(1589,	692,	11,	9,	88,	89,	10,	0,	1),
(1590,	692,	11,	10,	86,	87,	10,	0,	1),
(1591,	692,	10,	9,	81,	93,	11,	0,	1),
(1592,	692,	20,	0,	77,	122,	8,	0,	1),
(1593,	692,	20,	19,	77,	122,	1,	0,	1),
(1594,	692,	20,	0,	69,	145,	8,	0,	1),
(1595,	685,	20,	20,	104,	265,	12,	0,	1),
(1596,	685,	20,	20,	104,	265,	12,	0,	1),
(1597,	690,	10,	7,	81,	93,	11,	0,	1),
(1598,	690,	10,	10,	81,	93,	11,	0,	1),
(1599,	690,	12,	12,	108,	261,	12,	0,	1),
(1600,	690,	20,	20,	108,	260,	12,	0,	1),
(1601,	690,	20,	20,	104,	265,	12,	0,	1),
(1602,	703,	2,	0,	98,	235,	13,	0,	1),
(1603,	706,	20,	15,	50,	56,	1,	0,	1),
(1604,	706,	20,	14,	50,	57,	1,	0,	1),
(1605,	706,	20,	13,	68,	119,	3,	0,	1),
(1606,	708,	10,	10,	90,	99,	15,	0,	1),
(1607,	666,	20,	0,	50,	56,	8,	0,	1),
(1608,	443,	2,	0,	94,	232,	13,	0,	1),
(1609,	443,	2,	2,	94,	232,	14,	0,	1),
(1610,	714,	20,	17,	77,	125,	3,	0,	1),
(1611,	715,	20,	20,	77,	125,	8,	0,	1),
(1612,	715,	20,	20,	77,	125,	8,	0,	1),
(1613,	715,	20,	18,	77,	125,	3,	0,	1),
(1614,	715,	20,	17,	77,	124,	3,	0,	1),
(1615,	715,	20,	20,	51,	103,	8,	0,	1),
(1616,	715,	20,	19,	51,	103,	1,	0,	1),
(1617,	715,	20,	18,	51,	103,	3,	0,	1),
(1618,	443,	20,	0,	50,	56,	8,	0,	1),
(1619,	443,	20,	16,	50,	56,	1,	0,	1),
(1620,	666,	20,	0,	50,	56,	8,	0,	1),
(1621,	715,	20,	20,	50,	58,	8,	0,	1),
(1622,	715,	20,	20,	51,	106,	8,	0,	1),
(1623,	715,	20,	20,	51,	106,	3,	0,	1),
(1624,	598,	12,	0,	62,	101,	8,	0,	1),
(1625,	598,	12,	0,	62,	101,	8,	0,	1),
(1626,	598,	12,	12,	62,	101,	1,	0,	1),
(1627,	598,	12,	12,	62,	101,	3,	0,	1),
(1628,	598,	12,	4,	62,	101,	4,	0,	1),
(1629,	598,	16,	0,	62,	102,	8,	0,	1),
(1630,	598,	20,	0,	51,	106,	8,	0,	1),
(1631,	598,	20,	19,	51,	106,	3,	0,	1),
(1632,	598,	20,	19,	51,	106,	3,	0,	1),
(1633,	718,	20,	0,	54,	114,	8,	0,	1),
(1634,	719,	10,	10,	90,	99,	15,	0,	1),
(1635,	719,	4,	0,	109,	262,	12,	0,	1),
(1636,	723,	20,	19,	51,	103,	1,	0,	1),
(1637,	724,	12,	11,	62,	101,	1,	0,	1),
(1638,	724,	12,	11,	62,	101,	3,	0,	1),
(1639,	724,	20,	20,	68,	119,	8,	0,	1),
(1640,	724,	20,	16,	68,	119,	3,	0,	1),
(1641,	724,	20,	19,	68,	119,	3,	0,	1),
(1642,	723,	11,	5,	88,	89,	10,	0,	1),
(1643,	190,	4,	4,	109,	262,	12,	0,	1),
(1644,	725,	12,	12,	79,	120,	8,	0,	1),
(1645,	725,	12,	12,	79,	120,	8,	0,	1),
(1646,	725,	12,	12,	79,	120,	1,	0,	1),
(1647,	725,	20,	20,	68,	119,	8,	0,	1),
(1648,	725,	20,	20,	56,	121,	8,	0,	1),
(1649,	725,	10,	8,	81,	93,	11,	0,	1),
(1650,	624,	11,	0,	72,	131,	8,	0,	1),
(1651,	666,	20,	0,	50,	56,	8,	0,	1),
(1652,	697,	9,	4,	89,	97,	15,	0,	1),
(1653,	697,	16,	6,	89,	95,	15,	0,	1),
(1654,	697,	9,	5,	89,	97,	15,	0,	1),
(1655,	697,	9,	8,	89,	97,	15,	0,	1),
(1656,	697,	9,	9,	89,	97,	15,	0,	1),
(1657,	732,	2,	2,	98,	235,	13,	0,	1),
(1658,	732,	2,	2,	98,	235,	13,	0,	1),
(1659,	732,	11,	8,	88,	89,	10,	0,	1),
(1660,	666,	9,	2,	89,	97,	15,	0,	1),
(1661,	666,	9,	0,	89,	97,	15,	0,	1),
(1662,	666,	9,	0,	89,	97,	15,	0,	1),
(1663,	733,	20,	0,	76,	164,	8,	0,	1),
(1664,	732,	2,	2,	98,	235,	13,	0,	1),
(1665,	735,	2,	0,	95,	234,	13,	0,	1),
(1666,	736,	2,	0,	96,	248,	13,	0,	1),
(1667,	0,	20,	20,	50,	56,	8,	0,	1),
(1668,	741,	20,	20,	50,	56,	8,	0,	1),
(1669,	741,	20,	19,	50,	56,	1,	0,	1),
(1670,	746,	20,	0,	50,	56,	8,	0,	1),
(1671,	746,	20,	7,	50,	56,	1,	0,	1),
(1672,	745,	20,	20,	102,	249,	12,	0,	1),
(1673,	745,	20,	0,	50,	56,	8,	0,	1),
(1674,	745,	20,	0,	50,	56,	8,	0,	1),
(1675,	0,	20,	20,	50,	56,	8,	0,	1),
(1676,	745,	10,	4,	81,	93,	11,	0,	1),
(1677,	745,	1,	0,	81,	93,	11,	0,	1),
(1678,	745,	1,	1,	81,	93,	11,	0,	1),
(1679,	745,	20,	0,	50,	56,	8,	0,	1),
(1680,	745,	20,	0,	50,	56,	8,	0,	1),
(1681,	746,	20,	0,	56,	121,	8,	0,	1),
(1682,	753,	20,	0,	50,	58,	8,	0,	1),
(1683,	760,	20,	0,	50,	58,	8,	0,	1),
(1684,	746,	20,	0,	50,	58,	8,	0,	1),
(1685,	1,	2,	0,	123,	273,	8,	0,	1),
(1686,	1,	2,	0,	123,	273,	8,	0,	1),
(1687,	1,	2,	0,	123,	273,	8,	0,	1),
(1688,	745,	3,	0,	123,	273,	8,	0,	1),
(1689,	1,	3,	0,	123,	273,	8,	0,	1),
(1690,	745,	3,	0,	123,	273,	8,	0,	1),
(1691,	1,	1,	0,	127,	276,	12,	0,	1),
(1692,	1,	1,	1,	124,	274,	11,	0,	1),
(1693,	745,	20,	0,	50,	178,	8,	0,	1),
(1694,	745,	3,	0,	123,	273,	8,	0,	1),
(1695,	0,	2,	0,	91,	100,	15,	0,	1),
(1696,	0,	1,	0,	91,	100,	15,	0,	1),
(1697,	0,	1,	0,	91,	100,	15,	0,	1),
(1698,	0,	1,	1,	91,	100,	15,	0,	1),
(1699,	0,	1,	1,	91,	100,	15,	0,	1),
(1700,	0,	1,	1,	88,	89,	11,	0,	1),
(1701,	0,	1,	1,	88,	89,	10,	0,	1),
(1702,	765,	1,	0,	62,	101,	8,	0,	1),
(1703,	1,	1,	0,	88,	89,	11,	0,	1),
(1704,	1,	1,	0,	62,	101,	8,	0,	1),
(1705,	770,	1,	0,	62,	101,	8,	0,	1),
(1706,	745,	1,	1,	1,	1,	1,	0,	1),
(1707,	745,	1,	1,	1,	1,	1,	0,	1),
(1708,	1,	1,	0,	1,	1,	1,	0,	1),
(1709,	745,	1,	0,	1,	1,	1,	0,	1),
(1710,	745,	1,	1,	1,	1,	1,	0,	1),
(1711,	745,	1,	1,	1,	1,	1,	0,	1),
(1712,	745,	1,	1,	1,	1,	1,	0,	1),
(1713,	1,	1,	1,	1,	1,	1,	0,	1),
(1714,	745,	1,	1,	1,	1,	1,	0,	1),
(1715,	745,	1,	1,	1,	1,	1,	0,	1),
(1716,	745,	1,	1,	1,	1,	1,	0,	1),
(1717,	745,	3,	1,	1,	1,	1,	0,	1),
(1718,	1,	1,	1,	1,	1,	6,	0,	1),
(1719,	1,	1,	1,	1,	1,	2,	0,	1),
(1720,	1,	3,	3,	1,	1,	3,	0,	1),
(1721,	1,	4,	0,	1,	1,	8,	0,	1),
(1722,	1,	1,	1,	1,	1,	6,	0,	1),
(1723,	1,	2,	2,	1,	1,	6,	0,	1),
(1724,	1,	2,	0,	1,	1,	2,	0,	1),
(1725,	1,	6,	3,	1,	1,	3,	0,	1),
(1726,	1,	6,	3,	1,	1,	1,	0,	1),
(1727,	1,	2,	1,	1,	1,	6,	0,	1),
(1728,	0,	2,	1,	1,	1,	6,	0,	1),
(1729,	745,	1,	0,	8,	3,	10,	0,	1),
(1730,	745,	1,	0,	8,	3,	11,	0,	1),
(1731,	0,	1,	0,	6,	2,	15,	0,	1),
(1732,	746,	1,	0,	6,	7,	15,	0,	1),
(1733,	1,	2,	1,	7,	6,	14,	0,	1),
(1734,	1,	1,	1,	6,	7,	15,	0,	1),
(1735,	1,	6,	0,	1,	1,	8,	0,	1),
(1736,	1,	2,	0,	9,	5,	12,	0,	1),
(1737,	746,	6,	0,	1,	1,	8,	0,	1),
(1738,	746,	2,	0,	1,	1,	6,	0,	1),
(1739,	746,	6,	0,	1,	1,	1,	0,	1),
(1740,	746,	2,	0,	1,	1,	2,	0,	1),
(1741,	746,	6,	1,	1,	1,	3,	0,	1),
(1742,	746,	2,	0,	9,	5,	12,	0,	1);

CREATE TABLE `tbl_word` (
  `word_id` int(11) NOT NULL AUTO_INCREMENT,
  `support_lang_id` int(11) NOT NULL,
  `category_id` int(11) NOT NULL COMMENT 'reference to tbl_exercise_mode_category',
  `subcategory_id` int(11) NOT NULL COMMENT 'reference to tbl_exercise_mode_subcategory',
  `image_file` varchar(100) NOT NULL,
  `audio_file` varchar(100) NOT NULL,
  `exercise_mode_id` int(11) NOT NULL COMMENT 'reference to tbl_exercise_mode',
  `word_english` varchar(255) NOT NULL,
  `word_albanian` varchar(255) CHARACTER SET utf8 COLLATE utf8_bin NOT NULL,
  `word_ukrainian` varchar(255) CHARACTER SET utf8 COLLATE utf8_bin NOT NULL,
  `word_romanian` varchar(255) CHARACTER SET utf8 COLLATE utf8_bin NOT NULL,
  `word_turkish` varchar(255) CHARACTER SET utf8 COLLATE utf8_bin NOT NULL,
  `word_polish` varchar(255) CHARACTER SET utf8 COLLATE utf8_bin NOT NULL,
  `word_urdu` varchar(255) CHARACTER SET utf8 COLLATE utf8_bin NOT NULL,
  `word_tigrigna` varchar(255) CHARACTER SET utf8 COLLATE utf8_bin NOT NULL,
  `word_somali` varchar(255) CHARACTER SET utf8 COLLATE utf8_bin NOT NULL,
  `word_punjabi` varchar(255) CHARACTER SET utf8 COLLATE utf8_bin NOT NULL,
  `word_sorani` varchar(255) CHARACTER SET utf8 COLLATE utf8_bin NOT NULL,
  `word_hungarian` varchar(255) CHARACTER SET utf8 COLLATE utf8_bin NOT NULL,
  `word_chinese` varchar(255) CHARACTER SET utf8 COLLATE utf8_bin NOT NULL,
  `word_bulgarian` varchar(255) CHARACTER SET utf8 COLLATE utf8_bin NOT NULL,
  `word_croatian` varchar(255) CHARACTER SET utf8 COLLATE utf8_bin NOT NULL,
  `word_serbian` varchar(255) CHARACTER SET utf8 COLLATE utf8_bin NOT NULL,
  `word_estonian` varchar(255) CHARACTER SET utf8 COLLATE utf8_bin NOT NULL,
  `word_arabic` varchar(255) CHARACTER SET utf8 COLLATE utf8_bin NOT NULL,
  `word_french` varchar(255) CHARACTER SET utf8 COLLATE utf8_bin NOT NULL,
  `word_portuguese` varchar(255) CHARACTER SET utf8 COLLATE utf8_bin NOT NULL,
  `word_russian` varchar(255) CHARACTER SET utf8 COLLATE utf8_bin NOT NULL,
  `word_spanish` varchar(255) CHARACTER SET utf8 COLLATE utf8_bin NOT NULL,
  `word_italian` varchar(255) CHARACTER SET utf8 COLLATE utf8_bin NOT NULL,
  `word_german` varchar(255) CHARACTER SET utf8 COLLATE utf8_bin NOT NULL,
  `word_swedish` varchar(255) CHARACTER SET utf8 COLLATE utf8_bin NOT NULL,
  `word_finnish` varchar(255) CHARACTER SET utf8 COLLATE utf8_bin NOT NULL,
  `word_scots` varchar(255) CHARACTER SET utf8 COLLATE utf8_bin NOT NULL,
  `word_garlic` varchar(255) CHARACTER SET utf8 COLLATE utf8_bin NOT NULL,
  `word_northernsaami` varchar(255) CHARACTER SET utf8 COLLATE utf8_bin NOT NULL,
  `word_cornish` varchar(255) CHARACTER SET utf8 COLLATE utf8_bin NOT NULL,
  `word_galician` varchar(255) CHARACTER SET utf8 COLLATE utf8_bin NOT NULL,
  `word_basque` varchar(255) CHARACTER SET utf8 COLLATE utf8_bin NOT NULL,
  `is_active` int(11) NOT NULL DEFAULT '1',
  `is_image_available` int(1) NOT NULL DEFAULT '1',
  `is_audio_available` int(1) NOT NULL DEFAULT '1',
  PRIMARY KEY (`word_id`)
) ENGINE=InnoDB DEFAULT CHARSET=latin1;

INSERT INTO `tbl_word` (`word_id`, `support_lang_id`, `category_id`, `subcategory_id`, `image_file`, `audio_file`, `exercise_mode_id`, `word_english`, `word_albanian`, `word_ukrainian`, `word_romanian`, `word_turkish`, `word_polish`, `word_urdu`, `word_tigrigna`, `word_somali`, `word_punjabi`, `word_sorani`, `word_hungarian`, `word_chinese`, `word_bulgarian`, `word_croatian`, `word_serbian`, `word_estonian`, `word_arabic`, `word_french`, `word_portuguese`, `word_russian`, `word_spanish`, `word_italian`, `word_german`, `word_swedish`, `word_finnish`, `word_scots`, `word_garlic`, `word_northernsaami`, `word_cornish`, `word_galician`, `word_basque`, `is_active`, `is_image_available`, `is_audio_available`) VALUES
(1,	37,	1,	1,	'brush.jpg',	'badger',	1,	'Brush',	'',	'',	'',	'',	'',	'',	'',	'',	'',	'',	'',	'',	'',	'',	'',	'',	'',	'',	'',	'Test Russian',	'Bursh Spanish',	'',	'',	'Brush Swedish',	'Bruish',	'Test Scots',	'Test Gaelic',	'Test Northern Saami',	'Test Cornish',	'Test Galician',	'Test Basque',	1,	1,	1),
(2,	37,	1,	1,	'pen.jpg',	'',	1,	'icecream',	'',	'',	'',	'',	'',	'',	'',	'',	'',	'',	'',	'',	'',	'',	'',	'',	'',	'',	'',	'Icecream Russian',	'Icecream Spanish',	'',	'',	'icecream Swedish',	'icecream Finnish',	'Icecream Scots',	'Icecream Gaelic',	'Icecream Saami',	'Cornish',	'Galician',	'Basque',	1,	1,	0),
(3,	37,	1,	1,	'baloon.jpg',	'baloon',	1,	'baloon',	'',	'',	'',	'',	'',	'',	'',	'',	'',	'',	'',	'',	'',	'',	'',	'',	'',	'',	'',	'russian',	'spanish',	'',	'',	'swedish',	'finnish',	'scots',	'gaelic',	'saami',	'cornish',	'galician',	'basque',	1,	1,	0),
(4,	37,	1,	1,	'book.jpg',	'',	1,	'book',	'',	'',	'',	'',	'',	'',	'',	'',	'',	'',	'',	'',	'',	'',	'',	'',	'',	'',	'',	'Russian Book',	'Spanish Book',	'',	'',	'Swedish Book',	'finnish book',	'Scots Book',	'Gaelic Book',	'Northern Saami Book',	'Cornish Book ',	'Galician Book',	'Basque Book',	1,	1,	0),
(5,	37,	1,	1,	'brush.jpg',	'brush',	1,	'Test English',	'',	'',	'',	'',	'',	'',	'',	'',	'',	'',	'',	'',	'',	'',	'',	'',	'',	'',	'',	'Test Russian',	'Test Spanish',	'',	'',	'Test Swedish',	'Test Finish',	'Test Scots',	'Test Gaelic',	'Test Northern Saami',	'Test Cornish',	'Test Galician',	'Test Basque',	1,	1,	1),
(6,	37,	1,	1,	'crayfish_party',	'',	1,	'vocab english',	'',	'',	'',	'',	'',	'',	'',	'',	'',	'',	'',	'',	'',	'',	'',	'',	'',	'',	'',	'vocab russian',	'vocab spanish',	'',	'',	'vocab swedish',	'vocab Finnish',	'vocab scots',	'vocab gaelic',	'vocab saami',	'vocab cornish',	'vocab galician',	'vocab basque',	1,	1,	0),
(7,	37,	1,	13,	'watermark.png',	'brush',	1,	'Brush',	'',	'',	'',	'',	'',	'',	'',	'',	'',	'',	'',	'',	'',	'',	'',	'',	'',	'',	'',	'Brush',	'Brush',	'',	'',	'Brush',	'Brush',	'Brush',	'Brush',	'Brush',	'Brush',	'Brush',	'Brush',	1,	1,	0),
(8,	37,	1,	13,	'',	'cat',	1,	'cat',	'',	'',	'',	'',	'',	'',	'',	'',	'',	'',	'',	'',	'',	'',	'',	'',	'',	'',	'',	'',	'gato',	'',	'',	'katt',	'kissa',	'',	'',	'katt',	'',	'',	'katu',	1,	0,	1),
(9,	37,	1,	13,	'',	'dog',	1,	'dog',	'',	'',	'',	'',	'',	'',	'',	'',	'',	'',	'',	'',	'',	'',	'',	'',	'',	'',	'',	'',	'perro',	'',	'',	'hund',	'koira',	'',	'',	'hund',	'',	'',	'txakur',	1,	0,	1),
(10,	37,	1,	13,	'',	'rabbit',	1,	'rabbit',	'',	'',	'',	'',	'',	'',	'',	'',	'',	'',	'',	'',	'',	'',	'',	'',	'',	'',	'',	'',	'conejo',	'',	'',	'kanin',	'kani',	'',	'',	'kanin',	'',	'',	'untxi',	1,	0,	1),
(11,	37,	1,	13,	'',	'black',	1,	'black',	'',	'',	'',	'',	'',	'',	'',	'',	'',	'',	'',	'',	'',	'',	'',	'',	'',	'',	'',	'',	'negro',	'',	'',	'svart',	'musta',	'',	'',	'svart',	'',	'',	'beltz',	1,	0,	1),
(12,	37,	1,	13,	'',	'white',	1,	'white',	'',	'',	'',	'',	'',	'',	'',	'',	'',	'',	'',	'',	'',	'',	'',	'',	'',	'',	'',	'',	'blanco',	'',	'',	'vit',	'valkoinen',	'',	'',	'hvit',	'',	'',	'txuri',	1,	0,	1),
(13,	37,	1,	13,	'',	'blue',	1,	'blue',	'',	'',	'',	'',	'',	'',	'',	'',	'',	'',	'',	'',	'',	'',	'',	'',	'',	'',	'',	'',	'azul',	'',	'',	'blå',	'sininen',	'',	'',	'blå',	'',	'',	'urdin',	1,	0,	1),
(14,	37,	1,	13,	'',	'red',	1,	'red',	'',	'',	'',	'',	'',	'',	'',	'',	'',	'',	'',	'',	'',	'',	'',	'',	'',	'',	'',	'',	'rojo',	'',	'',	'röd',	'punainen',	'',	'',	'rød',	'',	'',	'gorri',	1,	0,	1),
(15,	37,	1,	13,	'',	'city',	1,	'city',	'',	'',	'',	'',	'',	'',	'',	'',	'',	'',	'',	'',	'',	'',	'',	'',	'',	'',	'',	'',	'ciudad',	'',	'',	'stad',	'kaupunki',	'',	'',	'by',	'',	'',	'hiri',	1,	0,	1),
(16,	37,	1,	13,	'',	'museum',	1,	'museum',	'',	'',	'',	'',	'',	'',	'',	'',	'',	'',	'',	'',	'',	'',	'',	'',	'',	'',	'',	'',	'museo',	'',	'',	'museum',	'museo',	'',	'',	'museum',	'',	'',	'museo',	1,	0,	1),
(17,	37,	1,	13,	'',	'playground',	1,	'playground',	'',	'',	'',	'',	'',	'',	'',	'',	'',	'',	'',	'',	'',	'',	'',	'',	'',	'',	'',	'',	'patio de recreo',	'',	'',	'lekplats',	'leikkikenttä',	'',	'',	'lekeplass',	'',	'',	'jolastoki',	1,	0,	1),
(18,	37,	1,	13,	'',	'school',	1,	'school',	'',	'',	'',	'',	'',	'',	'',	'',	'',	'',	'',	'',	'',	'',	'',	'',	'',	'',	'',	'',	'escuela',	'',	'',	'skola',	'koulu',	'',	'',	'skole',	'',	'',	'eskola',	1,	0,	1),
(19,	37,	1,	13,	'',	'parliament',	1,	'parliament',	'',	'',	'',	'',	'',	'',	'',	'',	'',	'',	'',	'',	'',	'',	'',	'',	'',	'',	'',	'',	'parlamento',	'',	'',	'riksdag',	'eduskunta',	'',	'',	'parlament',	'',	'',	'parlamentu',	1,	0,	1),
(20,	37,	1,	13,	'',	'village',	1,	'village',	'',	'',	'',	'',	'',	'',	'',	'',	'',	'',	'',	'',	'',	'',	'',	'',	'',	'',	'',	'',	'pueblo',	'',	'',	'by',	'kylä',	'',	'',	'bygd',	'',	'',	'unibertsitate',	1,	0,	1),
(21,	37,	1,	13,	'',	'sunny',	1,	'sunny',	'',	'',	'',	'',	'',	'',	'',	'',	'',	'',	'',	'',	'',	'',	'',	'',	'',	'',	'',	'',	'soleado',	'',	'',	'soligt',	'aurinkoista',	'',	'',	'solfylt',	'',	'',	'eguzkitsu',	1,	0,	1),
(22,	37,	1,	13,	'',	'warm',	1,	'warm',	'',	'',	'',	'',	'',	'',	'',	'',	'',	'',	'',	'',	'',	'',	'',	'',	'',	'',	'',	'',	'caluroso',	'',	'',	'varm',	'lämmin',	'',	'',	'varm',	'',	'',	'epel',	1,	0,	1),
(23,	37,	1,	13,	'',	'windy',	1,	'windy',	'',	'',	'',	'',	'',	'',	'',	'',	'',	'',	'',	'',	'',	'',	'',	'',	'',	'',	'',	'',	'ventoso',	'',	'',	'blåsigt',	'tuulinen',	'',	'',	'vindfullt',	'',	'',	'haizetsu',	1,	0,	1),
(24,	37,	1,	13,	'',	'christmas',	1,	'Christmas',	'',	'',	'',	'',	'',	'',	'',	'',	'',	'',	'',	'',	'',	'',	'',	'',	'',	'',	'',	'',	'Navidad',	'',	'',	'jul',	'joulu',	'',	'',	'jul',	'',	'',	'Eguberriak',	1,	0,	1),
(25,	37,	1,	13,	'',	'easter',	1,	'Easter',	'',	'',	'',	'',	'',	'',	'',	'',	'',	'',	'',	'',	'',	'',	'',	'',	'',	'',	'',	'',	'Semana Santa',	'',	'',	'påsk',	'pääsiäinen',	'',	'',	'Påske',	'',	'',	'Aste Santua',	1,	0,	1),
(26,	37,	1,	13,	'',	'mother',	1,	'mother',	'',	'',	'',	'',	'',	'',	'',	'',	'',	'',	'',	'',	'',	'',	'',	'',	'',	'',	'',	'',	'madre',	'',	'',	'mamma',	'äiti',	'',	'',	'mor',	'',	'',	'ama',	1,	0,	1),
(27,	37,	1,	13,	'',	'father',	1,	'father',	'',	'',	'',	'',	'',	'',	'',	'',	'',	'',	'',	'',	'',	'',	'',	'',	'',	'',	'',	'',	'padre',	'',	'',	'pappa',	'isä',	'',	'',	'far',	'',	'',	'aita',	1,	0,	1),
(28,	37,	1,	13,	'',	'sister',	1,	'sister',	'',	'',	'',	'',	'',	'',	'',	'',	'',	'',	'',	'',	'',	'',	'',	'',	'',	'',	'',	'',	'hermana',	'',	'',	'syster',	'sisar',	'',	'',	'søster',	'',	'',	'ahizpa (of a woman), arreba (of a man)',	1,	0,	1),
(29,	37,	1,	13,	'',	'brother',	1,	'brother',	'',	'',	'',	'',	'',	'',	'',	'',	'',	'',	'',	'',	'',	'',	'',	'',	'',	'',	'',	'',	'hermano',	'',	'',	'bror',	'veli',	'',	'',	'bror',	'',	'',	'anaia (of a man), neba (of a woman)',	1,	0,	1),
(30,	37,	1,	13,	'',	'salt',	1,	'salt',	'',	'',	'',	'',	'',	'',	'',	'',	'',	'',	'',	'',	'',	'',	'',	'',	'',	'',	'',	'',	'sal',	'',	'',	'salt',	'suola',	'',	'',	'salt',	'',	'',	'gatz',	1,	0,	1),
(31,	37,	1,	13,	'',	'stamp',	1,	'stamp',	'',	'',	'',	'',	'',	'',	'',	'',	'',	'',	'',	'',	'',	'',	'',	'',	'',	'',	'',	'',	'sello',	'',	'',	'frimärke',	'postimerkki',	'',	'',	'frimerke',	'',	'',	'seilu',	1,	0,	1),
(32,	37,	1,	13,	'',	'tomorrow',	1,	'tomorrow',	'',	'',	'',	'',	'',	'',	'',	'',	'',	'',	'',	'',	'',	'',	'',	'',	'',	'',	'',	'',	'mañana',	'',	'',	'i morgon',	'huomenna',	'',	'',	'i morgen',	'',	'',	'bihar',	1,	0,	1),
(33,	37,	1,	13,	'',	'yesterday',	1,	'yesterday',	'',	'',	'',	'',	'',	'',	'',	'',	'',	'',	'',	'',	'',	'',	'',	'',	'',	'',	'',	'',	'ayer',	'',	'',	'i går',	'eilen',	'',	'',	'i går',	'',	'',	'atzo',	1,	0,	1),
(34,	37,	1,	13,	'',	'year',	1,	'year',	'',	'',	'',	'',	'',	'',	'',	'',	'',	'',	'',	'',	'',	'',	'',	'',	'',	'',	'',	'',	'año',	'',	'',	'år',	'vuosi',	'',	'',	'år',	'',	'',	'urte',	1,	0,	1),
(35,	37,	1,	13,	'',	'week',	1,	'week',	'',	'',	'',	'',	'',	'',	'',	'',	'',	'',	'',	'',	'',	'',	'',	'',	'',	'',	'',	'',	'semana',	'',	'',	'vecka',	'viikko',	'',	'',	'uke',	'',	'',	'aste',	1,	0,	1),
(36,	37,	1,	13,	'',	'today',	1,	'today',	'',	'',	'',	'',	'',	'',	'',	'',	'',	'',	'',	'',	'',	'',	'',	'',	'',	'',	'',	'',	'hoy',	'',	'',	'idag',	'tänään',	'',	'',	'i dag',	'',	'',	'gaur',	1,	0,	1),
(37,	37,	1,	13,	'',	'winter',	1,	'winter',	'',	'',	'',	'',	'',	'',	'',	'',	'',	'',	'',	'',	'',	'',	'',	'',	'',	'',	'',	'',	'invierno',	'',	'',	'vinter',	'talvi',	'',	'',	'vinter',	'',	'',	'negua',	1,	0,	1),
(38,	37,	1,	13,	'',	'summer',	1,	'summer',	'',	'',	'',	'',	'',	'',	'',	'',	'',	'',	'',	'',	'',	'',	'',	'',	'',	'',	'',	'',	'verano',	'',	'',	'sommar',	'kesä',	'',	'',	'sommer',	'',	'',	'uda',	1,	0,	1),
(39,	37,	1,	13,	'',	'monday',	1,	'Monday',	'',	'',	'',	'',	'',	'',	'',	'',	'',	'',	'',	'',	'',	'',	'',	'',	'',	'',	'',	'',	'lunes',	'',	'',	'måndag',	'maanantai',	'',	'',	'mandag',	'',	'',	'astelehena',	1,	0,	1),
(40,	37,	1,	13,	'',	'tuesday',	1,	'Tuesday',	'',	'',	'',	'',	'',	'',	'',	'',	'',	'',	'',	'',	'',	'',	'',	'',	'',	'',	'',	'',	'martes',	'',	'',	'tisdag',	'tiistai',	'',	'',	'tirdag',	'',	'',	'asteartea',	1,	0,	1),
(41,	37,	1,	13,	'',	'wednesday',	1,	'Wednesday',	'',	'',	'',	'',	'',	'',	'',	'',	'',	'',	'',	'',	'',	'',	'',	'',	'',	'',	'',	'',	'miércoles',	'',	'',	'onsdag',	'keskiviikko',	'',	'',	'onsdag',	'',	'',	'asteazkena',	1,	0,	1),
(42,	37,	1,	13,	'',	'thursday',	1,	'Thursday',	'',	'',	'',	'',	'',	'',	'',	'',	'',	'',	'',	'',	'',	'',	'',	'',	'',	'',	'',	'',	'jueves',	'',	'',	'torsdag',	'torstai',	'',	'',	'torsdag',	'',	'',	'osteguna',	1,	0,	1),
(43,	37,	1,	13,	'',	'friday',	1,	'Friday',	'',	'',	'',	'',	'',	'',	'',	'',	'',	'',	'',	'',	'',	'',	'',	'',	'',	'',	'',	'',	'viernes',	'',	'',	'fredag',	'perjantai',	'',	'',	'fredag',	'',	'',	'ostirala',	1,	0,	1),
(44,	37,	1,	13,	'',	'saturday',	1,	'Saturday',	'',	'',	'',	'',	'',	'',	'',	'',	'',	'',	'',	'',	'',	'',	'',	'',	'',	'',	'',	'',	'sábado',	'',	'',	'lördag',	'lauantai',	'',	'',	'lørdag',	'',	'',	'larunbata',	1,	0,	1),
(45,	37,	1,	13,	'',	'sunday',	1,	'Sunday',	'',	'',	'',	'',	'',	'',	'',	'',	'',	'',	'',	'',	'',	'',	'',	'',	'',	'',	'',	'',	'domingo',	'',	'',	'söndag',	'sunnuntai',	'',	'',	'søndag',	'',	'',	'igandea',	1,	0,	1),
(46,	37,	1,	13,	'',	'antibiotic',	1,	'antibiotic',	'',	'',	'',	'',	'',	'',	'',	'',	'',	'',	'',	'',	'',	'',	'',	'',	'',	'',	'',	'',	'antibiótico',	'',	'',	'antibiotika',	'antibiootti',	'',	'',	'antibiotika',	'',	'',	'antibiotiko',	1,	0,	1),
(47,	37,	1,	13,	'',	'lake',	1,	'lake',	'',	'',	'',	'',	'',	'',	'',	'',	'',	'',	'',	'',	'',	'',	'',	'',	'',	'',	'',	'',	'lago',	'',	'',	'sjö',	'järvi',	'',	'',	'innsjø',	'',	'',	'lakua',	1,	0,	1),
(48,	37,	1,	13,	'',	'island',	1,	'island',	'',	'',	'',	'',	'',	'',	'',	'',	'',	'',	'',	'',	'',	'',	'',	'',	'',	'',	'',	'',	'isla',	'',	'',	'ö',	'saari',	'',	'',	'øy',	'',	'',	'irla',	1,	0,	1),
(49,	37,	1,	13,	'',	'holiday',	1,	'holiday',	'',	'',	'',	'',	'',	'',	'',	'',	'',	'',	'',	'',	'',	'',	'',	'',	'',	'',	'',	'',	'vacaciones',	'',	'',	'semester',	'loma',	'',	'',	'ferie',	'',	'',	'oporrak',	1,	0,	1),
(50,	37,	1,	13,	'',	'suitcase',	1,	'suitcase',	'',	'',	'',	'',	'',	'',	'',	'',	'',	'',	'',	'',	'',	'',	'',	'',	'',	'',	'',	'',	'maleta',	'',	'',	'resväska',	'matkalaukku',	'',	'',	'koffert',	'',	'',	'maleta',	1,	0,	1),
(51,	37,	1,	13,	'',	'theatre',	1,	'theatre',	'',	'',	'',	'',	'',	'',	'',	'',	'',	'',	'',	'',	'',	'',	'',	'',	'',	'',	'',	'',	'teatro',	'',	'',	'teater',	'teatteri',	'',	'',	'teater',	'',	'',	'antzoki',	1,	0,	1),
(52,	37,	1,	13,	'',	'hospital',	1,	'hospital',	'',	'',	'',	'',	'',	'',	'',	'',	'',	'',	'',	'',	'',	'',	'',	'',	'',	'',	'',	'',	'hospital',	'',	'',	'sjukhus',	'sairaala',	'',	'',	'sykehus',	'',	'',	'ospitale',	1,	0,	1),
(53,	37,	1,	13,	'',	'university',	1,	'university',	'',	'',	'',	'',	'',	'',	'',	'',	'',	'',	'',	'',	'',	'',	'',	'',	'',	'',	'',	'',	'universidad',	'',	'',	'universitet',	'yliopisto',	'',	'',	'universitet',	'',	'',	'unibertsitate',	1,	0,	1),
(54,	37,	1,	13,	'',	'police station',	1,	'police station',	'',	'',	'',	'',	'',	'',	'',	'',	'',	'',	'',	'',	'',	'',	'',	'',	'',	'',	'',	'',	'comisaría',	'',	'',	'polisstation',	'poliisiasema',	'',	'',	'politistasjon',	'',	'',	'polizia etxea',	1,	0,	1),
(55,	37,	1,	13,	'',	'post office',	1,	'post office',	'',	'',	'',	'',	'',	'',	'',	'',	'',	'',	'',	'',	'',	'',	'',	'',	'',	'',	'',	'',	'oficina de correos',	'',	'',	'postkontor',	'posti',	'',	'',	'postkontor',	'',	'',	'postetxe',	1,	0,	1);

-- 2021-05-01 10:55:04
